h2_ppm,ch4_ppm,c2h2_ppm,c2h4_ppm,c2h6_ppm,co_ppm,co2_ppm,fault_type
36.437672591119394,23.872132806824744,0.7221757216898197,17.120615102800933,13.312658596464448,440.0051126930266,3295.7254302704623,0
315.6694048214555,26.872098207688477,1.735695283491204,27.935025989138733,17.978764152437325,482.3226357997446,3274.4300401378446,1
34.49974961817684,23.245088825033903,0.9055983273498244,19.263113413856075,14.409718343600066,492.4847704118985,3671.211859085422,0
391.028492390403,34.01301287059776,0.6708319306379176,18.68243606444744,14.292069752181902,456.9178162334852,5414.142273018086,1
131.34001917125778,154.42016408594975,179.13919935943483,217.55194785243017,22.128553639848825,759.4007148883137,3627.563852611361,3
286.9493985389438,112.58205881496117,169.2971032174475,278.23418819698475,9.616385647777177,487.65651205209593,2304.8999026953875,3
597.119235212348,48.284179427627436,2.014669233151872,18.239581453616157,14.405544542340936,512.711442967795,5624.053900704353,1
55.88115610399853,351.8142372036572,5.127617941343355,539.6903393707848,49.985581715998244,1038.262945618958,6534.581728352953,5
35.84100061491465,29.035900590498947,0.8731508450848979,18.89929000606929,13.945688019296902,471.1888042733849,3149.9808447873206,0
51.06300244009862,212.28579266037417,0.8645276328587614,177.45809369861334,87.8211424320784,902.1179024126719,6024.445314859846,4
32.52317582339874,26.722696643937294,1.1052930439331905,18.373251866558444,15.596279479289294,465.4717677527671,3886.2349410247925,0
37.416750449248404,444.9710158762264,3.24679397022722,438.42721934923867,50.271108018247816,735.7125856802282,5217.456940061666,5
475.9960471235006,100.58668600416816,377.585051503026,263.4572970469177,28.000804767289228,314.1312559675065,3888.7865517314917,3
254.104204178935,26.341463002351567,0.43268252100839955,17.114500002955154,13.219604006432995,406.5632866078671,5062.752167011487,1
0.0,102.00059426006396,281.7450489056912,340.87476977358443,26.247083974160233,467.15108925643545,5014.152696484949,3
41.78135394470804,31.668703400199334,0.8700375792010842,18.037525165197778,14.023683162899186,443.3800341240557,3249.3980234105265,0
252.42686890089882,39.961240359128496,38.3228316493636,47.40223063605687,10.351718940673804,409.7418596248498,4197.1225373786465,2
31.45090914517281,21.766307651966716,1.0718313307780691,13.853766411199478,14.818352581172004,456.922339901523,3520.3810554441898,0
44.369245790751094,116.75758127893813,0.8151468635856916,148.89847930567475,87.6286165371845,729.0274557457946,4047.1046421493274,4
49.703893297779786,174.35695357860325,1.0226144723672967,223.23621462119087,103.90338266238206,622.1020193669257,5881.248848951703,4
63.733066151496864,445.62006988894956,5.990501415488004,497.2784831173886,81.56889439596502,490.1811832422395,5579.755038579994,5
347.8928385558789,55.85627422179008,41.613438161648254,40.7796139746004,8.292762064302146,537.3638785272408,3835.1717678851774,2
303.31382000646494,31.37585289394957,0.37770939195599595,16.271228194533357,12.640132981630305,333.1798308238882,3988.797851265223,1
45.55912563909104,205.9911527360037,3.276752929006718,639.7120509997774,56.57463798071518,787.5985068780361,7936.022378196866,5
574.5421649150844,38.9487307613681,1.4966863342924892,15.888543156925856,12.48134877982584,532.0124953037755,5325.543591550065,1
23.178169224250006,21.899856074061645,0.8826375499057831,11.735038766557409,11.976359266825511,388.2269621804,3491.4034865598314,0
399.8656333602532,11.532127272064006,2.2144189832934043,31.66758675356137,22.091641298454253,743.6574175809454,2637.4733886651316,1
321.70235346982014,70.14206077165287,50.61986826720153,50.08050262860593,10.218314013132796,344.5558028839858,2434.1454239917925,2
35.66865299719655,24.761842470856493,1.1097238611911402,15.713790949213147,11.741298199099667,465.1400682347576,3924.518013737944,0
38.38067866470351,17.311854621133666,0.9926922397104823,15.723278270209248,11.44049257311038,390.72471523230934,3419.5733420215615,0
279.6019131565979,48.41406701327287,1.4941204051929504,21.699720788903875,7.62274542540944,186.11632550675716,4162.85197102455,1
31.249175894900567,342.2917654744622,3.4856201361151333,431.3998614723594,63.03572873111211,678.1550212306693,5246.074248618226,5
434.01297228935647,24.141833034938042,1.8170466974365027,15.858022524933343,17.708530418728987,382.25450296672636,4953.292871625577,1
151.5010916701028,65.6900874942636,23.080317051159728,52.555773659193825,12.090739694567862,431.91850430330805,2919.434055435987,2
41.940161091928914,217.3368577923103,1.2519555713807144,243.35864975452375,86.97186517094055,400.42954171455443,4366.6145222464365,4
236.06767253754617,90.7818163593209,314.39144149256043,292.5774123030034,14.709091936779846,829.6161103102077,4476.160037469159,3
301.97756067494504,60.87396580877231,36.205344807424886,44.51922283393649,11.117542695463307,432.11286891102617,5279.309862646187,2
274.67731059740413,102.50673599787392,218.49149396935672,199.79081971186645,20.5948447404634,532.426015621035,6809.641243452467,3
143.5139177042878,55.01606765569389,35.06461852364035,41.68747595228189,13.136630736060521,488.0878004715158,3455.482080029255,2
27.56353396587341,182.6566852985074,1.1691656647633148,190.54885458067247,111.13558822159473,858.6053240647908,3923.014155533237,4
31.929410791601747,24.825297736227476,1.041829642697086,15.278689036016429,15.520993622658079,454.2526598625922,2578.3490232115682,0
42.275787912446745,160.16105491844468,0.8008216148251006,127.11872598916321,92.6054468490134,657.9826418485259,3262.24660808819,4
562.0204061514414,42.54265281238871,1.9486356213553113,8.367484237978848,9.04971121844917,664.7221712787907,2899.6780686577513,1
277.45577134331666,74.91109755008844,25.80221046141296,36.255181105141816,7.8551060281947676,568.2589243063896,3614.568658674962,2
33.10786453206446,149.5740410234309,1.0177853740876084,195.2877564983631,145.16510468210598,511.588616349299,4387.411151251396,4
46.90513207047108,21.134811130253723,1.0105628690990933,14.824259145062731,12.36702755172864,407.4694305577423,3029.136367965332,0
38.17817988590656,175.32989931561883,0.8657818214564782,199.17040578137593,71.29303867383184,520.6995588594269,5600.422334313803,4
236.5036374366742,50.617430221563595,45.61482844157283,49.93884603477924,12.62599769689195,547.5323132277268,3433.08867826283,2
40.69775677334103,26.374492777139615,0.9570626899666462,19.225707064133477,13.351786583352533,513.1494309688976,2611.0407145238332,0
399.0064139284496,28.61339655440927,2.3751271583476794,18.324674484729897,10.657442738492204,439.95413380974105,4057.4802134008696,1
46.6231297207983,161.15960094207847,1.202817824941953,213.72767207018546,100.55634250254843,722.2691956237354,4971.931347249759,4
61.76088875923866,135.51333008407835,0.9236921367099757,162.86576836705538,71.38058753355517,857.836381789041,4523.986351800736,4
290.1616746277909,57.102589845920576,34.4487061114282,23.69342377750599,16.232288562936613,370.9495313978589,4649.116572392018,2
35.574798137097204,29.218914706405098,0.9979876319612787,11.8968801551878,13.599403033297449,439.011067727299,4731.839325121738,0
384.7296029217655,33.19977676937817,1.225552077850629,18.41845909905054,21.01370756044571,514.176686946314,2265.490086256714,1
85.49312508337644,78.36944036399706,19.045974994175587,48.433448919249784,9.334246125729113,580.623927244732,6667.548845372758,2
357.50114998103066,64.39614979900374,37.32152970068235,32.56879592445549,11.636914752660072,501.51512691761565,4362.481059234225,2
30.63845812157199,25.547268603042905,0.9974443165993806,18.76428518762697,16.277481837952926,330.8476287170577,4125.862298727347,0
187.89516984646775,88.02466825748529,345.32862563835795,292.0810134261922,20.894254986055127,981.876012742834,4738.294990419303,3
455.4862790620383,43.31073878689066,1.2458097947783906,23.864890022911894,11.696669393354124,525.8608416187076,3540.6869045276353,1
53.58987967957789,295.80657441235024,7.137348164858313,555.9273723533471,33.389590849796974,1002.3347195183271,4443.792520999525,5
40.46210914229684,141.0729675697354,1.1155351257733985,226.43884255867297,66.71449579248197,658.4715530052799,6170.453893185034,4
482.63340411746657,45.25498638477036,2.023587839614578,24.660846193190878,7.074197679108548,604.2846025985311,4001.9166062057348,1
34.63355637474878,19.999471304746745,0.7792281473013721,19.525914122786375,8.536034538391453,463.86521056988505,3341.835148812935,0
44.18387239852925,180.8562477396188,1.228908027861579,169.7927136719437,59.27453991387985,745.2137410060062,2660.7077224441837,4
88.95141800240128,337.60946769418933,6.295056564143248,465.8621634611222,39.86406530934218,1051.2769159848651,4344.357251536197,5
43.60903297931767,152.35788554772435,1.0014188950651224,188.87293513335698,78.99691433279472,922.5779127464177,4873.715930305459,4
80.14690832600843,297.7762155265379,3.4811379263837083,630.322871644811,65.54743475555055,975.2866406394123,6293.841296774675,5
37.084204348618904,25.226447231591564,0.8046021824748304,17.86176779809519,13.832567915900704,571.3353787485132,4082.8751973972408,0
146.71009142203042,55.276340388857356,330.3744700862175,342.9096308015514,16.998500918155933,599.7801882189891,4634.080847781771,3
115.33653663237828,29.3749938359213,1.4593795824470288,29.454065553023963,7.337496246480106,272.4454848382963,5065.365393140498,1
37.72558400910576,166.00584536827253,1.2304584983499822,221.26472803213497,110.34071903321048,746.2539692470202,4856.529225906702,4
58.671753090595935,206.03662495892203,1.1289449508128417,150.82396392061347,120.58862215581725,587.5708798010083,6063.788189688385,4
387.8977830590467,51.69150748410929,194.14035449348444,232.06360306007645,13.427056532292681,313.7060206677004,1344.4801137116667,3
307.81298157840047,48.50416979833259,27.916722250107252,49.88284403102659,15.574652437950434,633.8965091840208,5368.635697008903,2
313.3468941646603,140.66672970663052,171.92945362779906,407.911442172395,9.563323659140675,439.5611930391711,2602.990654264244,3
43.891683396307094,237.33769441618,0.9967904751833304,216.01213625994754,76.48563108074312,508.1297108923863,3950.674531646192,4
340.6649580169514,154.80196664090448,323.95043338717676,366.18012835749414,15.731947348947559,370.4080530311981,3591.8878415281974,3
456.32327915449287,58.866414172783585,2.3839616994804746,28.840478488650536,15.823116285579172,469.45656134632975,4234.649384692312,1
304.6693565307028,50.989550583459945,40.16215739692541,47.23263059823769,9.694362630625768,403.30221063102186,1641.539051934366,2
38.04907975048143,24.787063021027407,0.9744388628253693,15.895397528841368,14.903632853810862,392.52123972996066,3959.416027609251,0
73.050932322397,394.5199323820594,4.623472257842108,598.6034010304227,86.77435151987581,745.7609717365434,6852.69145108299,5
75.91524939838472,287.05027130450435,4.87817394253966,443.36958509191726,46.764522306564245,1231.1480824864948,6169.003501496176,5
79.70829788952653,468.4973253916228,4.723467936686152,520.2569642633155,76.06858596867187,1289.3640384043924,2452.9044183104047,5
342.21622673970944,58.74910324996292,182.10507058796762,284.9021580204559,27.271541794226533,526.6727057727821,3338.0726169689033,3
54.40474169052032,180.0278535324507,1.2041043947512668,173.16001544094559,57.224411739684605,606.0416499605288,3774.3655371513414,4
566.0464433431599,41.72765565713066,2.9764408036788117,19.645746696169667,25.756002197933118,410.10294678036627,2926.2335090146576,1
255.87253501842127,81.48762292989896,174.93892630737952,338.87044979624545,11.894969400004278,377.68964095383245,5613.631524814266,3
267.5327573226257,38.79737102627722,43.65431543703597,12.611885630566665,10.660904534914694,388.6771777262997,3837.0654620310593,2
347.0422607325181,42.92375798031239,3.3659232137258535,20.369662077136855,11.55590018195863,309.36501000707324,4429.228581788383,1
168.65452112114073,35.22711007140963,38.71598896555035,31.847135712054655,12.906123465300972,549.8071314825567,2524.3686253998576,2
187.00683465055278,49.6589614770698,2.5809473554227766,34.50683321669867,8.747144915018435,689.9765962769918,3879.954490937385,1
295.8721917424431,61.685308098981295,335.359357874695,303.6458729428198,23.63235373946863,554.6116242138071,2304.9976181007196,3
275.43868673015163,85.05420631181624,50.00025344986276,49.87323094026951,13.012479416456518,344.41276528278155,4364.725003486725,2
58.664420214889056,124.92707434218006,0.7924626624658604,216.5447954189844,79.4454488988839,487.4256842185354,6335.967744064764,4
487.6066725399785,73.79435501644687,382.689408245703,192.9359967417673,19.419570630381976,537.9194950153976,4802.936216806495,3
56.707646023875135,504.9653240962371,4.648551090742551,376.8413024635174,58.153896382923065,1156.5049752097382,6496.492272801747,5
302.1008022418681,24.880360534038918,2.7597827343016195,28.23405405719911,10.540021579856923,619.3918278557564,3700.865627809136,1
62.44443181987479,282.9787692266614,8.577829471605652,498.6990083568249,63.817649066560556,589.8821093880565,6897.028055832546,5
62.45464271067131,308.9511450589486,7.104444640299747,394.407992508521,68.94985242264272,621.5995923570007,6144.750400521858,5
51.862141801134946,283.7838016560648,4.016130173813382,536.5380975996108,73.17412654617937,997.8762100057653,5641.269900912728,5
39.312116353807404,145.462509747292,0.9077780844840576,224.8006885637431,120.87462784792629,458.45149360373676,3341.0388357893303,4
116.03169449259892,133.07782984162918,122.87572124731034,275.0977011378342,12.684731908987965,250.3268971250916,4225.35470232525,3
486.84889224756176,83.90427644920423,321.2461439278922,302.03066968785686,28.828063006419395,444.51981653677916,3008.3916829972063,3
35.67526336057915,33.95106924840221,0.8349796669413542,17.722812354190292,17.77640417193843,530.4188007196705,3224.045492146854,0
47.268448641780324,293.0753427896514,4.043646629550237,380.37832946412107,63.85183230656677,855.7986863665811,5961.633153940756,5
525.4077598925348,39.95610046796977,2.3410457147448915,9.372770969648823,23.26602826423056,308.36909122437,5542.559328295007,1
29.112487008409413,30.483832238025105,1.121379209777976,18.257685403916888,8.883611107180624,383.61942144051545,3971.391011063931,0
25.67082014353811,26.215046965712425,0.8859714867071642,19.558986959301976,14.097770693988508,501.4251972478663,4234.773551314741,0
371.2459413478424,38.8376171229043,2.9394677187219527,23.051957258108594,7.019634575356436,545.375370928362,5205.464667372271,1
208.3616757978226,61.6027236396005,352.19747002243747,12.285548515409694,15.17535430154248,749.5142078760196,3909.8450117679113,3
292.5420242220612,102.86209613197059,37.63484149995521,56.06361150630718,15.617019435575866,502.3211541968696,2784.993911241622,2
213.8601756816538,84.3403299533613,402.40711246264436,253.74216196444644,8.161938615702866,595.1981825064582,3358.8240710065156,3
468.6231019164052,22.090172327724222,2.2142772057627926,26.54950171626483,17.190683462171776,500.0320905256692,3690.692693074793,1
373.4084596002277,45.45416546423724,1.5859306753088325,11.086765042866357,15.63526058474688,227.0673522125308,3526.6610453013054,1
387.2907814913342,159.74002734585656,335.04060946982145,201.11688013369087,24.967751333306154,389.5575962422791,4123.256685554541,3
263.58547712325276,85.67215746134573,276.71574651528925,268.2365629130809,12.203027586359392,459.06050740628166,2848.0315967038337,3
53.136800639043486,138.02555065111255,0.9604104736129961,190.23053473182244,97.52326389076975,698.7822281987632,4008.704774577426,4
266.84035433417455,56.4755100975323,35.09253304837941,47.953554137930766,16.9394792264515,527.3309167082995,4443.065656852447,2
62.52748192148434,322.52357428835455,5.693855311995072,337.5736230407145,75.18694472364797,1210.890164322557,7900.749781485972,5
230.02034319357247,48.25899132604058,45.46936168413004,48.841877387127866,13.804650007031757,566.4491314603207,1871.0171790351894,2
293.5043410309408,22.821687499446867,1.734853989752186,18.90021466143644,12.101062873260984,564.7732720629817,3291.480908556929,1
27.350025957172328,23.534958990253017,1.2558779020816846,19.21494152163568,15.182957454384493,457.73444949911175,3778.1695108749227,0
50.86139674509615,138.9915281074176,1.07032083780534,208.20798471815766,92.50263071808637,604.3427728533267,5570.392183698058,4
39.08245003396231,21.964426304152127,1.1317087868362299,14.292891854409046,14.689572742946229,462.0650150218271,3267.2017323762616,0
47.161313307121304,301.6287804961728,6.53991040525984,428.9829436819473,92.80420873209059,759.2971966264076,4204.637194189502,5
430.7790374132248,39.57016655029617,3.246026795515414,14.928077210134587,18.86570726179981,509.91608605643387,2008.948573469496,1
208.03934914724442,70.82492939714234,44.48264433031453,30.426072739256078,12.072232219451735,301.11839504415605,3532.3716606674316,2
229.5756373848456,57.13340685330135,14.392263504689874,57.230898947725095,11.338576252241044,512.3917502937063,5048.452692608047,2
48.769123380538375,127.64545932531568,0.9000429317512791,195.90561064040978,109.26132498666826,746.5058953513593,3434.8606102180247,4
53.74389296768895,219.81694088825523,4.41872488603628,452.02700040259015,88.69981135897721,812.6801246022708,3552.30298560993,5
290.62434644620123,117.73120683878095,262.3158973415377,397.0268717731043,18.494361492515175,429.0125393102535,3272.6254075090915,3
70.15159192178965,241.60356024123024,3.8137652022583426,449.84940440475833,103.07936505163379,936.7316159710964,4842.024447434496,5
35.196996969782894,24.65923401390264,0.9953751228873724,17.421187203796194,10.971844655155973,415.1355249041438,4093.896989152897,0
54.329747261319106,196.2069830032116,0.7251012050717939,162.30125692313743,111.06127782695846,587.3543961135232,5378.108862511985,4
51.599860781403,189.89005134419355,0.934259474972805,160.5481938171026,121.95682729385966,788.4607524813642,4806.554512207904,4
335.5367447183898,26.271498722513698,2.2378451013242406,21.83348115141488,19.022094356709555,588.3432575106257,5100.526579871974,1
386.4405706388603,126.89693080692095,271.20536840452576,296.253963136026,22.697460223617547,535.0995992491987,3705.2716753942354,3
403.56323746902916,82.733179989001,188.830586021347,303.76611338913875,23.953194608566044,660.1719676631453,4193.283748341391,3
470.4709194093809,41.24700081085642,1.5652557030872551,20.969974318277323,24.894815340670494,477.4658981871881,3009.7668813976125,1
56.237092026816654,160.58673066165048,0.9415807273957093,136.34009456321505,77.15473421677389,772.2506506874671,4788.541760719374,4
33.15449514049771,25.933502163987466,1.1269456093461594,18.86155605186365,16.644141183602944,443.58984153499466,3420.628993886937,0
32.22254355141212,167.23407543057377,0.7507810660236389,220.82533673018102,82.59431600472716,612.2034961935603,3817.551237369294,4
44.463351308486274,163.90688552542346,0.845361108472247,243.25895697422405,52.12069735919935,671.1998777386724,4077.990475304206,4
325.11598620775374,51.94696300693801,25.79563155767655,37.661194890820646,15.303577600137597,400.1158439891974,2894.757925225291,2
267.59077369612004,59.60355067888954,44.3846669412142,47.59037144985036,15.989619745255295,237.87334776706285,3934.393073429611,2
490.0177915878801,44.15574274704958,1.5833208548447884,10.298243599010323,12.599162134427043,608.0343337238891,3182.115549980393,1
65.65685161905331,261.8298948684853,2.0550449731610265,436.7363883084911,109.65091482957288,752.3889321599099,6227.995158533994,5
300.03129353721806,125.20165936740601,158.70287078686673,312.23828491944437,21.675086516837,722.1319306566207,5114.910746608843,3
45.00156612383847,25.133411788692346,1.2630536540051622,17.748093645935572,14.275221434696903,474.6695269033914,5316.580986858469,0
33.31656889523445,148.52057727320553,0.8058953564671489,183.42971903380678,72.37862948225266,797.3773389811894,3795.3144942134627,4
510.9639036123751,39.68448054460058,2.556527466388126,24.502541326421458,13.022414189938994,286.47855671644794,4279.212823460591,1
283.0932943689227,65.90123707770785,22.48528377162928,47.77128459275528,13.803311832060043,396.96170064297417,3540.417162964815,2
465.59757552228797,96.13523348220563,195.45830876670806,434.6237237322942,8.381817622211608,250.36021119708363,4671.399775294555,3
49.19592181321678,26.478391185407613,0.8920777681032178,16.125487841930216,12.020372179484184,513.2184315203332,3403.2362618376496,0
33.13258384325207,26.259404713498842,0.5604108436220836,19.033791488239633,6.338333067048955,333.6662200001343,3843.9550445081313,0
194.109005874602,23.52818016097417,2.2504224818190974,29.98539950898583,16.41769366252277,561.0515405062644,3819.992067907287,1
503.2741026804356,35.817495604806695,1.7776321678760827,26.157138008641184,14.911089630738667,362.16911439574204,1843.476507667611,1
472.13102048971524,25.509267459400814,1.8438628216621273,8.850544027324787,12.775470224177877,537.4533937011378,4740.429194160077,1
144.61965496170257,24.3097650790538,2.3187339371555487,20.682797392041778,15.82965018229049,760.9358615068836,2353.237839059814,1
39.39237837038808,180.64362357030248,1.1171157539545795,232.8775119298267,101.2155432032853,683.0354340073526,5208.1760158580355,4
147.6739426603869,67.61492653333076,43.44674348212429,65.2835647520895,10.826407490038017,398.0481318968572,2673.7855468437015,2
38.3437579877041,26.2779677800079,0.7324583305428725,18.225776909008506,12.831996886416837,363.61073535929864,4508.180974422446,0
27.776869794935454,396.21404680482226,4.0800854382619,342.3075701097934,42.83765200389786,576.2023174930578,3950.421513409992,5
41.266675607705736,226.69895126497465,1.0319822478635028,251.34394520432545,98.89596214701292,656.7076986469322,4148.678517111668,4
37.36260853546462,24.147177202585436,0.7577423664122819,20.669036029698947,14.765502579784885,400.99398090518406,3448.4757587074455,0
351.0732277067297,63.59375466218283,47.59418799809954,41.64687619819718,11.2547303760869,254.87163786912612,2201.7454082241406,2
468.2133166713536,27.201872025637893,1.2891892138026055,26.20285664839386,7.331551684586674,613.467251555022,3511.896563666713,1
61.81446691054086,336.4117367126735,2.8836262621432587,527.0205299916588,77.99871706361054,1100.9018985712698,5987.554041478255,5
192.94060003644694,98.64355175842924,272.7747658624427,232.86975644059976,12.692810497160293,575.7148267014459,3466.834838342814,3
51.027786870407255,194.46306876020472,0.9929330895412103,186.06803523405776,104.96804440470872,862.7271194935618,5475.769512314488,4
233.22109962862913,63.85175672270785,20.378233007663518,46.99673275352863,9.13928755591792,502.61993251479305,3217.5011879437025,2
384.699470482602,75.8491477356241,40.98175138294756,30.886885112663283,17.19428625309703,521.6746647039514,3343.09913348425,2
362.29797822617115,33.553716086491065,45.3979447106407,36.879046799537086,14.194482929414603,307.80607592223146,3704.58494473339,2
35.9434176711495,336.7655798018493,5.090782316836531,413.4824746544199,66.23519136577367,987.4095598798132,7007.710129796152,5
52.717827204695844,169.93727071382756,3.589258069113394,686.5492604999451,87.91514783530258,914.7288095006187,7629.483125096376,5
42.432316538512055,209.84951863364833,1.0131200296685188,258.6933524830992,61.633379552635475,463.3997524875414,5192.717864960447,4
46.025649709535216,220.50963886275542,1.2769813875290503,183.56612279603144,97.6231037867012,706.3015085687887,3458.5075772848,4
62.71851231569766,360.25375020073,4.959752335746741,529.5427821597068,91.22555548737927,894.7410430509242,1372.9460307127747,5
328.24198043418136,81.64681665717055,200.13300794672995,362.8667335916461,22.818266911877515,378.6717602399258,3954.3703636245787,3
258.6025497088945,69.6256597352078,36.950367676283584,47.198279809313746,7.967078629423109,443.248976582295,3646.3143616871394,2
32.65648972700266,204.1836197971487,0.8550999616110151,185.71869402587362,123.27807433957278,841.3963109354678,5017.038245230604,4
319.06819083647576,57.583147238154446,25.69744878614005,38.599245587750396,9.074291064742095,515.9078606587841,4446.271343256994,2
51.37928563789909,261.0686682070724,0.5331208674212458,181.4265729567746,105.27285328337882,652.779818902126,5615.800477746331,4
40.378691545990115,22.06307551856812,0.8294616127884349,12.17873778511505,13.440531578442128,410.74240943599165,2762.44951733205,0
45.8576142257624,445.0126629141843,6.002607342773309,414.7017704737689,58.802317969597865,1211.6003626355857,5670.194029940517,5
261.8891529528794,41.83839633712338,43.250862865959554,28.00491172442243,11.464945696467293,455.3857333526172,4361.872697826199,2
48.88584907065257,137.62018392215677,0.90574112419392,262.2441695354213,102.85857570193242,571.447315263241,4259.6365154552195,4
34.7855396957751,150.97424159872355,0.9517929114904029,226.48828556881205,112.66159492029784,510.15339077715305,3962.3894874630155,4
406.7372008293001,24.698584839779077,1.7518368543533491,18.427374663532227,11.733638006907873,304.9675883262199,2188.590251035976,1
179.93512331455722,86.77422184320207,29.672554553728123,41.68205807111256,14.563153982035116,346.49732808345175,3194.649968375783,2
43.42394742595649,237.9468132831274,0.976584667783713,225.7434151773251,132.341650151623,756.5678187368135,3811.30915987078,4
37.172923998206635,31.06078630619203,0.6905142584792886,16.404020751984014,15.240903277866044,343.2423780368589,4397.012485948895,0
39.07846409534998,383.65729803086833,3.2245076793076386,248.64683064497237,92.03001918731185,935.7125063765599,5814.535515579409,5
319.24347787270426,30.022155029653206,1.0475043057612192,15.454329652746516,7.312200481709936,570.9798766865177,6991.654832894533,1
79.33036301090874,256.47008474032714,4.153106575286963,380.5727957831455,60.3107458492357,1235.8585366370942,4883.1027395854035,5
439.00375382671075,60.70818839940897,213.57856932857558,283.3318078492499,25.374131688588555,791.6565589551114,3956.464813424391,3
59.0413496603827,348.8713490447261,4.488477866094688,408.9716995339831,70.46464628176669,795.5542848783831,8034.688429356161,5
188.99758763752612,75.89647858870778,298.24915451109723,72.20584587117595,17.916691472154085,554.5001404150113,3513.6542481111073,3
374.7684882755175,65.88093174875613,43.84433711005018,43.87161779116362,12.14677447404047,428.33944057836374,4039.6085486197403,2
32.43234329237565,24.302662460552316,0.8929669027944468,10.840387495718156,11.106180518619482,327.7832391013233,2385.116759906132,0
272.65107055858834,62.24226151109264,45.533093838972654,45.851394574610765,11.836955804597784,587.6949618211082,6048.096987220855,2
280.83506732375963,60.195808885131605,23.03775351470046,34.60472530229605,11.030152204450912,507.55014756640793,4126.748853586779,2
347.75192659085064,103.35326289045645,262.3468062484786,155.26797413925874,20.662936235245766,582.3995365223666,4174.1222012551825,3
513.0220047770895,142.0605510863843,287.78157388918044,268.764732694403,13.578215827628895,469.7299794036332,4322.327980003859,3
75.96555243629133,267.3039867059411,8.286546397364033,503.5618756874469,33.88558045296486,985.7861995350947,4264.181961013781,5
28.739924515177222,22.813318478864907,0.8474163488347538,20.338808042318025,15.53809840050196,333.95662346336684,3382.0602559995596,0
31.192563161187294,32.98176149663187,0.8767919981163421,20.26392085008813,12.103852926017243,512.8811783690114,3807.8735216971663,0
39.800829407072094,237.49365167310813,5.215370898051238,491.92830335781207,61.714449085926205,721.265368532885,5083.2869754274325,5
36.72547551198302,26.357206952233163,1.198099248329225,17.074477392666175,10.898598584623965,522.0375131186088,3420.9963870674824,0
40.9878461534083,315.42042631688514,4.8037471090348935,380.9474217373463,80.69613501841809,1194.833002403938,6822.064433419804,5
33.93455479570431,26.410166386084793,0.7772416781308846,21.214116620893112,12.402931419050134,412.14909392407714,3587.986190781426,0
55.813677095113036,181.9056266659275,0.5847408753016674,201.11524166000058,101.1883099035495,681.062192080725,4337.247493134347,4
280.6252311177489,65.74519725677526,27.852580854214768,60.70398608910622,10.261140096971324,638.9418775992474,3525.2963143933594,2
60.13218587260287,338.8249781079195,4.018009398396277,469.0878717075103,91.6585205806954,525.9085746864587,5191.850334330583,5
348.01208120523745,38.44133793449547,2.3505014440113743,14.554294963396398,15.16416340026404,187.44678211252415,4041.353713954481,1
27.30180176194907,183.6282093051621,1.0877957767203652,238.52563892700212,88.67961369761805,647.8260372099065,6287.638212440575,4
383.3766041838745,65.57651460829295,43.09003437020788,37.02855262769858,10.565168585975416,514.4722674439321,3342.5125927368595,2
81.15626952924507,315.18805193747545,5.639419153041999,516.0273186292803,63.297912480486204,867.5675642679729,3660.4056524121524,5
37.12548921008747,18.98023282325287,0.9963553924343777,18.984243120389806,15.167758075028615,461.9651422690478,3757.264965097585,0
504.68184159541227,36.95126306394861,2.6896261045746908,19.73160239487279,8.676760376953679,619.1226740645913,3377.777504986338,1
327.4481660584551,15.654963148677947,0.8500415194890736,12.443521599763198,9.090745268100283,457.7360507587331,2444.6766248987306,1
131.29536242297803,129.1141008233733,226.41571461810608,278.9089286198984,25.81015351453548,270.9382165506401,3838.387475599967,3
472.07108563404796,63.774921945069664,245.4598458823972,330.0693708827443,17.183843581958733,413.65754300668823,5278.025040031734,3
379.55084113180214,35.13898506441754,2.441440016168098,11.850419630847263,11.21572887598294,519.3056287003279,3686.1885782351865,1
40.84307093121638,24.081022558034867,0.8453779419593269,17.846222738723473,16.20326460502683,384.1227799122439,3108.289562682418,0
41.877631756276195,200.52549719818967,1.037727140815953,204.3639217780795,93.81057767045661,806.2314724097424,4462.32671634146,4
352.7635034443547,17.99974588875927,2.0683251164852074,26.47405783541668,9.610852699346292,571.9813509613407,4177.957532452409,1
73.67806093265384,242.52248608226392,7.545370002826052,428.0572066276425,75.55228813995534,1101.918868859547,2639.0148929331003,5
33.630275929245535,28.149709769247995,1.0355433083078869,17.71661297879953,16.86408568235865,434.02552933599674,2638.401421915726,0
263.41717086206944,53.743676592870735,32.088378889613594,26.95767734406757,16.211868160650038,296.4000111751888,3514.8031510991887,2
399.7699062867892,85.60330187053957,330.80437232839705,178.88464090849766,22.78201856278992,398.51648022041275,5062.543026957654,3
473.5292148055501,96.32999142759382,71.88352901379278,254.99866617718658,19.264453206418086,319.0043496504795,4101.324743300962,3
76.14168400077037,251.37897830972662,6.220090852465175,364.6468816852001,73.71585872574758,717.7239907780861,4921.955092883295,5
319.78179162761154,57.5797094344633,30.787399799708048,41.80959957421131,10.512524238563916,215.75438421283906,4553.079345584042,2
575.8792202014417,32.18903631600152,1.7399438091310946,22.894317423994714,6.735704089312173,366.1630392398996,4918.4229905086895,1
49.441413233617,237.60896190599237,4.922865815157687,344.3320251892383,42.69781647273115,822.4948851581663,7083.2084499331,5
57.05761540408744,168.41165710371587,1.101179412000582,227.1598610296973,67.5843208370975,570.7315050556512,5892.317916349944,4
279.8899596871563,61.652708666720365,25.85792217481736,41.06486194602682,13.534196988523117,497.6740671911798,4227.435836118685,2
458.44812494564064,79.51752742789344,419.1556467892816,372.8156105662588,18.352873246160414,237.7538327099547,7025.168339946956,3
229.67370776913057,56.028423436428994,31.33913064086067,48.11759098479358,11.662290279096029,355.245670367005,3540.72872580201,2
257.48461559506245,62.98156016233077,41.5450197989391,47.01565471940469,13.658185502699288,432.32291795689207,3175.5265392543515,2
67.86342428595675,193.6789361943805,3.961524587508008,400.4771326860159,85.58595212468609,817.417101165626,5088.733251405953,5
40.77489316429593,24.504142538008107,0.8133691181708695,17.138412188070575,14.456185509102102,436.35938093621525,3287.937181638066,0
155.36673921131103,46.77873358533817,1.9513357060703833,17.09119760298658,12.478527452266045,531.6181789968147,2781.117774344302,1
259.8770207560915,79.87105448440877,39.03149258853655,60.178093716058925,12.531690435804336,741.4973166631844,3864.207133603272,2
47.94166573026592,209.53997784976818,0.7033557582207633,170.06342633302464,90.96949741168501,788.2214787199646,5779.11398932938,4
75.28823747963399,351.91701200853066,4.521107982656176,249.02683752829262,105.49673113278972,663.9520074117473,6997.6021848431,5
256.00924151879997,122.25346417660687,45.11989459417046,319.76943655495455,6.193700617938864,252.3036160434784,3198.0271403256975,3
341.83230861412073,40.730834478424505,2.65839650432172,24.447690601910132,19.091218209962445,314.17053118925435,5069.572065685081,1
50.194542393262346,275.9220329984948,3.5829376855992185,292.6396087797274,72.8484610933082,1083.658413282118,3405.632887599869,5
265.00288196403625,62.18807967423899,28.86427256447494,44.38816523361696,16.356264396117943,308.9327674645212,2656.464268189838,2
166.87811354417335,106.13022960850206,268.4778207163999,297.6592722525598,23.23748642142054,583.5536807218059,3486.141072636638,3
388.58239930245827,78.83073691361642,27.53546252419237,35.04751379806344,17.441208210944158,487.73106458000257,3452.4449649711273,2
88.9249941670066,340.1289802480285,6.126595924449594,563.1926213510621,80.7571810943435,941.957711488068,5911.510226857691,5
59.94482318906631,337.62830662455684,4.6891663848658,408.4489539570339,105.38933753953172,652.5312493905193,6092.309937014008,5
491.4579090350423,32.05927941775081,3.0899161976840634,14.7125693153837,15.978481868864677,474.8412364801024,3685.6606591145146,1
409.5597544003887,74.2674775616839,41.180826281215126,37.94767828062633,11.87598815710827,421.14870689471985,4274.657740077926,2
203.94101107069002,79.86736053527254,358.6177944312037,363.35348211365084,24.947528158163706,473.1770866691093,586.724245854612,3
36.067788263254705,21.217989842713347,1.1060274461348576,19.78919812004081,14.808579669077812,487.56600738571024,3760.065720436676,0
272.4946110781344,118.37116275109479,170.866922501742,240.42042040938162,24.861564258654177,536.9443801336977,5602.736949764324,3
35.47507135354634,25.8558562380209,1.377621105630088,23.067480450460508,12.20818896382648,430.6016230954306,2809.7413190080183,0
323.5581123789144,47.93253270686383,26.377942464388543,51.883499206053486,13.063863482325068,432.9831157514487,4293.325510878688,2
54.51238603123914,154.02637269920612,0.925295210245462,205.66515095247615,63.33327059053447,636.2855503394101,5648.500836851774,4
37.65402696041511,189.73006442047415,0.9533463583094867,190.35947024858157,80.77679606516695,829.4976546250924,4724.892203694115,4
335.78954159479457,30.766791892234487,2.324678502930824,15.03449455559203,13.152597053932432,492.9013585010546,4935.370100697374,1
22.822043684556103,17.494203458354956,0.9185243753415829,18.039225281231438,15.449219292004425,481.9333858668545,3392.507207044492,0
33.90060365804206,26.46448973619819,1.2101779412550844,18.48954838822583,12.085968391411692,505.6488267109861,4097.4214030531875,0
282.9666860087288,54.95813096060485,18.738230544766424,44.52254122702193,13.983825326649134,255.10076260337345,4749.442515044928,2
34.534776787420874,23.385781249517656,1.1194816045779996,17.36324754170171,13.355935695565531,457.06657701744854,4516.1568088042595,0
218.92086236429046,59.28424472744354,16.57653131567139,34.55678207727251,11.257160900626722,435.2259463491724,3087.905671675966,2
68.21306167319761,450.14407060050803,5.232066919306587,370.85245485027383,40.91101155747239,1054.5774655752857,4070.1864326793625,5
307.45238005184336,52.402449262441216,1.5892663854921196,15.901449190488952,21.918108983540108,510.4502619404041,3170.691808926803,1
70.07224932544584,335.2019946145284,4.849338824902843,702.2350824213984,66.50246913707339,1179.1603433289345,5695.850312154663,5
234.93710703173852,72.82009629736957,15.730253271437634,43.46680748743709,16.858305474219875,625.593460996576,4060.5712164981333,2
181.89841965930745,72.19553605331433,36.011058327689064,41.89836394352477,16.32323033472005,409.6535176872354,3028.6195573717678,2
408.8387913990633,27.16495508765098,1.3574558024932886,16.934737470025112,16.84471013241255,528.4738137543374,1406.1117362733607,1
62.551824257369404,235.24096573136518,5.414817158474888,623.6562507032586,70.72609733487157,704.7913044516507,4969.145909257753,5
41.29222914171264,24.36104341241458,0.6797959498784716,19.6666602673291,15.166256479868007,470.88393098559385,4129.999064626383,0
67.9077381094789,290.1075777290613,5.972433262056558,537.8010074730864,68.48129604082483,1130.1723429924004,5466.294160387542,5
52.019277945983916,337.2400959841575,6.577889140785351,451.3819101457887,74.58183937342838,669.1661016436328,7622.1948814599145,5
407.9179962301895,30.123675898072605,1.3915584842688324,12.400422381614947,14.781822447882048,412.9555037392416,3018.4080287115808,1
501.9984373958631,106.63427960699579,377.93176257081615,75.36726134620363,14.852866738258836,172.05913374992966,4965.260957982121,3
261.49069010927076,48.646351908524025,33.589242477167986,58.893795460173536,16.155178881145922,500.7650798244775,3676.602804352419,2
38.93452797357063,23.931684751065344,1.0296685122912779,20.94088724111914,16.788140877762153,445.3331894059856,4330.936380367475,0
30.19559553773262,26.527239601508008,1.0580588094093615,14.885077725720647,14.332740906049443,519.0124877118319,4019.6193978550855,0
226.80010697891913,125.45092373880988,234.10440741521242,297.429781923011,10.99745137366008,263.3417216336303,4930.942400083592,3
33.43905234583742,25.37304052380902,0.9870849022268428,20.135176528563218,14.72375497509571,495.1120062222898,3228.27896759539,0
34.13407667916985,29.831665934943448,1.0092556951075553,18.100515158338254,13.813527459803748,450.25624698444847,4528.149301646924,0
562.4959706137553,62.96310141802761,305.16235064371597,165.96467345027543,16.05131170705658,815.6071323922661,3262.9701323533477,3
32.430380411861115,377.17023116716433,4.035208059191586,447.15693098695635,41.81631543522894,697.677694347189,3247.1043584469926,5
469.3785900237426,33.5505057095439,1.8087961456539174,18.982481765016257,8.77767823365618,467.33845304353474,4137.477707828584,1
67.41160235590866,380.8998997077488,6.237701500131649,559.9853871805207,72.5960599405683,1249.1933951423216,6360.001034048408,5
315.4173898813801,102.76849371910374,236.8176568701331,290.50084694730424,26.50070370523923,613.3756430601386,4837.573402222079,3
52.806135224272396,283.8235685553872,4.939793522137035,416.57732923141907,55.091510813678774,919.2974498882636,6587.728181143994,5
33.44300249394278,25.24954680947202,0.8953864265049585,20.671876623406103,11.525562391458783,502.80864811319213,3497.048428947214,0
32.39053430348512,156.52431461544813,0.9236126569832365,202.95303533625537,100.06105117004684,667.1564886404559,4273.041362416788,4
262.7777818821324,92.16062426889802,42.724569975859424,223.58259373851988,18.573866790745672,428.2413169613282,6297.196712936215,3
214.26006007121066,32.213718862700325,1.7224871696343047,8.157903941548392,19.771472421508623,441.0628959643164,4643.179573684681,1
46.62783203774088,211.58840959753107,1.0794589131190044,172.92766792805216,86.86427315352641,977.3768836610694,4726.092417566573,4
32.64503790785114,26.696252314911774,0.7651361391729229,19.72117143715803,12.868580233002739,527.4773545995155,2307.0994353537453,0
30.166500760572216,240.55690374842237,2.7855220513142847,282.18666626864365,82.99415951473671,849.9806628614834,4864.07940789144,5
49.2600590174972,123.73268934099303,0.885500164803759,257.39572297801,71.17721875208947,595.136514103384,4511.874290383296,4
42.45655633670069,256.7629639537698,1.081626016595142,185.291068500976,87.17611257865371,760.110751175059,6026.194737564696,4
392.6892334350478,30.365485720157526,2.0909244774591595,23.301522458202193,24.278096187292235,615.276540738938,4912.628542790059,1
299.56493811047886,121.88228908599663,199.62094423507438,389.3188243789172,18.47708865583099,580.6488981024422,3534.7164340538934,3
53.15673221830184,130.80945524551026,4.900110319866872,684.9555832092886,85.03065573638284,784.052273578985,5627.571520070152,5
160.26723652987073,51.84824509044864,45.03955471574834,26.645431496401276,5.5273284770941356,463.7162791865711,4967.938669414354,2
39.808488347369064,20.026027308476635,1.0045947238891626,16.69274252999934,13.311886501839883,517.6861532080608,3890.58233598212,0
435.1436182355561,35.442605216613806,242.61241006903634,207.84646835559863,24.048447072706086,492.3793503611438,6351.669191315485,3
256.094032993302,85.85840742185792,40.793771213042774,34.3969922310185,11.79495663491411,456.74396639998935,2989.64122379036,2
52.10364940149633,151.40864226241138,1.2169969070167919,243.3136798965481,112.63102022041936,752.7272178551291,4062.1532556620105,4
333.9687112435204,54.13843586800018,34.06190227166793,38.972860533251016,12.094722366844149,514.3585556074405,6044.868290142344,2
446.22246025548554,95.85025464599981,260.5914752689717,0.5966407948806152,15.943036159589688,263.17794377565787,4201.9783248308495,3
443.5867589278012,84.26252682647515,300.81191974281865,144.25845535837962,12.358470263984197,521.7289156233414,3942.8702650464866,3
40.42823186482635,208.44039955002597,1.084596147671365,171.69450275602813,81.74608633033367,667.1534746070743,5837.360899028265,4
59.35602472917653,181.63061871570295,1.009949050157566,203.95924890410924,91.24768351694027,331.7813300678088,4333.044241629251,4
72.42926246336933,116.4269338174966,280.6291833753865,321.3711549575471,22.513730787155573,471.12644372634406,4135.669003829472,3
63.324163909540374,171.59458759658415,1.1346347344312715,203.36934822904234,78.62192472708549,737.9139819633419,5104.349575650223,4
38.058940020435465,31.49616852028729,1.176611783346654,19.185534033109853,17.662262504952366,479.6320382148352,4047.1136154704122,0
438.5610780182503,116.6977156825574,376.03305275032443,137.3772488003197,17.233009920201244,493.17801556018225,3567.2813224333395,3
30.999634093871144,25.557351607385613,1.0549314396675906,19.127174288603438,11.226973133270223,507.69128678415035,3167.8856838350007,0
35.23213926522596,21.9657775564711,1.0101506887094065,17.92435198078149,14.405681317607717,598.9404582319771,3317.1626995877327,0
25.306730691617478,23.291945316794436,1.0624552222208432,15.05579241811371,15.325676933255309,511.31654756554303,3668.508167199755,0
296.4639976512076,43.489751370821196,1.6637307141233761,11.560996237926604,19.595500301486098,402.6580335024797,3333.85503716198,1
37.79371244791914,304.9345805130795,4.316530207807607,549.3092782101191,76.7118791748482,670.0439556792071,7112.310287536629,5
237.25748225902592,52.137256406174956,32.940425062886334,38.56427353361836,8.97592512659133,605.5823670540341,4517.100264926882,2
306.554104442643,45.8266557359661,28.30110575872717,49.27250507345886,17.31239316518269,515.2353989807815,2869.8858332864247,2
314.43435019704236,46.044476035538956,1.090584847091917,12.514233205137245,18.19347839537044,720.6414569131076,4362.512466529412,1
47.138738304726694,346.81119594259644,4.639072812600764,371.4239899513529,94.0157486671556,922.2771651080271,4903.471355453788,5
199.63066936368784,53.12583497524075,34.333287869790446,45.856056418097815,6.720569209390522,275.6549906242296,4152.904183081972,2
71.16902064319314,207.59067663452046,3.839181522597099,544.1176953926376,63.1992275198016,691.1121022224619,6378.735258402237,5
261.91757499102175,58.10886695445136,29.245246548065897,40.64468926102673,13.884447833273441,432.82935882143477,3280.7948710789196,2
328.4304815635945,86.24630879169443,44.88383247449027,20.121241703986538,7.455316778367198,362.7137096933059,2226.4977075658676,2
184.07648884841606,110.53427460533555,295.51310964735575,334.0398192787711,17.161269208057334,638.4479192595728,3664.919511501556,3
559.3787945074956,52.66502764607103,2.680141221725375,14.350774386621193,15.90605183946715,543.2903247779657,1737.0366554343586,1
39.43878631952973,19.091427523110195,0.9007874661539776,14.874845492969762,11.972762490901596,453.6100098104783,2474.422836306224,0
425.45364413574686,39.00775061203594,1.9679750933428934,26.51795550123819,12.223592233103501,622.0090628962625,4413.887553150834,1
43.16603869178953,338.76961320717237,4.975749017875219,569.2201922915488,95.00292994101596,1003.2727273366565,6318.511665661747,5
393.39977136228845,89.38628397063202,371.7700693877167,234.40741749948546,24.447481597924217,574.0782847365929,4293.085866419813,3
522.0612817144247,26.951535306721862,2.2098630906290353,19.572103597244393,10.262476215997518,392.2891472894418,5376.474352506437,1
49.01465578478073,291.8578107161666,4.9928497747850535,417.51996424689645,81.2143519506853,1002.9237786276909,8024.518610705897,5
339.09408334850195,76.94955591161334,27.73908915568412,39.225611323677974,6.5341253112957585,589.1567426800029,5610.147438373291,2
136.58663807024988,131.43601266775514,208.59579247115002,345.38952794793295,13.37961569152829,405.3429042040105,4370.695283436168,3
47.88420035476076,528.1579262526749,5.3982832097565625,535.7099488405901,66.33976374118272,770.0243884323459,6533.225862433011,5
62.61007483561435,237.5554076861481,5.119065496809326,572.3513239688058,76.80921529795935,1211.5041490844635,2369.0060964760596,5
51.267764904634895,282.3971534618943,4.353829209803523,487.5266299274865,51.54825778764101,395.26981512699126,5795.0152486106035,5
89.77043185936611,245.34503475012423,3.778802708580265,344.0231645827387,86.91646071079184,890.6981408201021,4034.9054873790537,5
344.4290148838428,42.926040235871795,38.49676850390063,40.14389693152233,13.042527929799256,400.22622566333604,4979.400004372461,2
37.75074250951152,27.732678377778797,0.913502906164946,19.510759000663647,15.188994293007148,412.9051980737194,2993.7050465736625,0
393.2865481545678,11.278254285435082,2.129304781581054,14.430055215265835,17.185600316357316,295.4134203270722,3834.2074539252717,1
70.5537066908664,298.38063396813,4.1325615457323455,414.85309681787464,71.24684308004618,1089.7902774135337,4567.237094334421,5
28.9697489979644,168.56910022080405,0.9550182136302784,248.946592814079,80.88787209767528,737.0803312678571,4703.181608776277,4
27.42792953831309,24.78095783552994,1.012597150497168,16.12753335565484,15.745166901102746,359.4031762699638,3380.250375662818,0
355.4298716701518,46.36469526281322,1.6748099598642845,26.88953854709593,17.439878785759152,515.2341972701784,3965.8868780825783,1
53.36358637830567,209.24750947127848,3.5177659829779158,447.3373320682459,51.14244641403671,969.086904085272,4598.804680555256,5
229.38855171434614,19.940666821695167,1.546675568755683,13.662407550255992,18.398632991892455,530.5885933422602,5053.069752915255,1
276.14836741939206,71.94822097399415,204.4572266071349,202.91010605201458,18.118598108460596,525.8927314493386,3639.6673667919395,3
416.4128940780039,30.292957376735547,1.369896728191574,21.606645184955067,9.542765404308346,541.5572700654008,6794.192796302066,1
438.9861662589501,54.72298088592786,1.5986543959979485,19.559128030457597,16.91755776068742,476.62709387508255,3229.2953135729354,1
37.12615717435455,33.378948423241305,0.9594404586856837,19.13255521070377,16.641335796825828,526.9670964637389,3606.3268655684574,0
58.127551625673156,172.57059258015488,0.9373504429356406,219.0618523695466,78.30616409265355,515.6453936721491,5532.947136094661,4
32.84571513993818,24.047639957320822,0.9433290200862592,20.47404089090133,10.360260883261136,508.185003402819,3394.969276423017,0
56.82127710133627,159.32972504885473,5.73796443006934,494.4220611311713,56.376910312247624,1073.9858045227363,3382.047239069399,5
647.6673442788002,49.30581156200224,0.8624088805123615,28.526455628418702,19.21380187656591,257.4768078438589,3454.3501569500327,1
71.30671228102496,177.07776332921236,2.774059755785049,590.1931345670789,103.5023028159624,615.3299921206184,5330.597052082763,5
40.42737738167922,20.56581035422586,1.0497993240185401,18.66604450394901,16.277631422074073,487.1873957103139,2316.2631344658103,0
88.93526186074938,259.07914730870436,4.382983769861154,530.3489305681205,86.61859176278206,1053.0571509681158,4099.73737571476,5
42.41569361729528,28.840370649403845,1.04348282138776,18.424528677277724,13.561032262342417,495.8003667195018,3399.7797884904867,0
41.984359920337226,119.40678079386399,1.1683896665065252,150.5934411129808,86.08235300575741,790.7263058073447,5255.4570453899205,4
44.43138154650212,183.0689557689397,1.2249488397803472,192.6860041076283,93.17298664310735,825.8772877598758,3174.956445749682,4
29.949021639206457,26.303906696691087,0.9389382645474512,17.232217637291743,14.3891838637723,491.794050395839,3416.8004187026318,0
206.9259051074294,51.102652389928764,35.17193833244498,32.13713878347517,12.288171417352329,348.9724820401356,2163.5825026685047,2
355.99854476193735,17.49904170360251,2.5399997986578398,15.63845024641906,20.84706118749093,439.387817118248,3079.7301144456296,1
300.11664967504856,62.32188366785757,10.97587868144794,30.935260505266182,11.847460148672155,418.9896801956798,3928.5698724681392,2
430.7961257297835,36.864706727697715,2.3235827317657245,14.497706321235437,15.292243893978341,540.5264874877626,4741.264886766172,1
60.556622040421004,339.91544114085275,6.498411256595752,597.3351556255225,60.94232361211321,886.8123072698244,4616.922189285625,5
44.90581685120584,205.42495398326355,1.1040841498600786,176.47130593216204,109.06491117135346,581.041886725974,5705.891807799759,4
432.4582463332239,25.45552420760597,2.251099444730231,19.195836675143806,12.262921217982209,368.1876852266356,6845.810252922621,1
310.1500451222899,32.68311123096653,2.180667900260416,25.897497238770573,3.18683992156439,360.22639090615536,3981.3697160954666,1
61.54481141718107,247.84234905653807,1.398137958879208,162.3955639586115,100.24864356135768,821.9333524152078,5182.518810189962,4
58.462399336309744,239.805162294367,3.3994837338162953,410.3506365764229,77.43620866865625,729.694749531489,4770.904368063837,5
47.38802548819639,197.56024724707973,0.8237768833599117,227.90372207553014,80.74997767906272,797.319939852515,2844.364056672412,4
242.96730517026523,56.65065416919023,21.035374853445596,45.952860603380394,13.998861847539432,518.463162377064,2894.90435128075,2
51.11671254127946,313.4747103655531,6.635180116882562,776.761896470817,88.98073506938735,1144.7985975686486,7431.355725920206,5
313.859097552596,59.91348680725825,23.363453553644913,47.27786150310189,11.841124009010915,593.5995008516904,3045.341628981059,2
306.25707686235927,40.484782245261925,1.8607245857027856,18.928568192636877,17.686256537889975,459.5462964144566,3482.790703958823,1
371.26016372959043,31.028005217675833,1.424924536582842,28.450693065478134,3.573564371269514,594.8917248402148,3271.330770910808,1
77.0236564856579,257.70351762356205,3.979874406543064,484.3304738273339,75.6953177090597,723.3454186301993,7782.08803744221,5
31.71303968274644,290.3480063613016,6.279483308281258,564.62163911641,73.37021368074106,954.8218631281868,4123.261485727596,5
49.72476805302769,149.49010095443384,1.1990348166400662,155.95170651612284,68.20946702748263,521.7058944386114,5378.150381851434,4
314.2237008230463,53.1921021246872,24.42018858404164,57.35073962514275,16.639834232290724,561.6352705451255,3341.275116028797,2
49.77053276194016,145.67589035782527,0.8083224650031464,214.80781828200816,68.96444843584084,802.0624154007555,4487.14744884276,4
387.9066500864816,49.5634236640428,2.1370764090393926,23.794257155394792,16.269395508756958,515.5689658777211,2961.2427311146357,1
49.18384175262038,166.69018709150328,0.8882316066143746,155.87092940441886,107.05661221346173,763.8669692380031,4951.072100617311,4
519.3946717079997,27.885829864477564,1.5869287294374712,22.150115906084217,23.014673066590326,713.7965536280957,4210.071108750682,1
34.37288970461994,179.61111398039986,1.2007324977475584,200.79871666144075,75.0559341664609,525.3446155163738,3771.3648753399793,4
43.1837853009452,21.71458778414516,0.9660318123183792,20.01763453808733,14.12056115002013,374.58038686153895,3823.8927939144196,0
386.6576967186878,133.34789580903595,289.06425630941953,178.77409919810984,15.114355167008206,611.4671885402176,2505.9888585462418,3
258.97774187872494,80.73491168844697,31.903987171285134,33.674439636527026,17.61670402690936,454.5170666144047,5335.793428875308,2
27.12148563539535,21.154712020832857,0.9193282980464291,21.31673619315641,12.657042879136302,493.21442200469124,3309.309250454747,0
210.44205561101347,33.991163951555066,48.41049405843987,53.71067390768662,13.802235488654274,356.94978710578533,5375.422605442185,2
337.12151964544023,124.35495146093723,416.87370625092274,247.70142490370276,32.366622765116134,540.6790029134831,2111.554622576796,3
296.6847439846179,112.74143783896209,271.8805895865804,114.20121160146746,29.87900849245389,675.7381445728811,3442.209778465717,3
187.27170715003535,169.17360578909197,186.2156594498648,350.2843309170279,18.746048025050083,426.47898978697,3838.8085728892684,3
335.0079638279295,41.00700509778406,2.225438178567414,25.194902019078917,18.210572081000194,564.7779296948851,3687.804154130131,1
354.3954325369365,12.958333403106938,2.503740854464551,28.61003706793361,21.705559540334573,531.6897274538119,3852.506277977912,1
46.520423961828676,180.10305273337426,1.1058831286455504,199.8722286843574,75.9175655756875,627.8663658215341,3499.0623845314585,4
236.66424815312973,121.4787992774059,95.87014689197531,317.97231338181524,17.854007301312507,414.76414337955947,3582.592182755219,3
45.5263148075247,148.13283783585783,1.1151823335826354,216.71857103397988,113.13402510459233,698.5963807218507,4129.344442576678,4
52.956507158462706,160.7569403017214,1.1308019280298673,146.83243472799722,57.477032961223934,667.9421029465731,3088.3429457661646,4
34.0224899571011,169.42600656475656,0.4927268989597706,216.51971360691013,56.10008877791717,858.2668979902601,5564.452374645668,4
220.48602564758957,61.383984002147656,24.468498119664787,29.665044685395934,7.619599410444659,337.320387680899,4955.5372651998205,2
33.23806131737711,17.53445501828501,0.7757408754659192,21.682428020497554,15.879888462140539,401.4350842532766,2788.6481337379155,0
521.7839716868086,129.7670521120668,300.774289877618,272.00507146405903,18.864593912496037,281.0332125208765,3777.051452721254,3
34.962636510575294,25.638163536969742,0.9306809387241332,19.793754920447814,15.958541570281353,482.66880484172805,3459.152632461525,0
36.41930200622906,21.76245525722732,0.9778706979639471,17.588189162378633,14.805127115142339,517.4881366664448,3028.390515731659,0
41.55597830515516,20.925370526535286,1.0504601408034808,15.527276611299618,12.58898475027268,549.7240703064774,3307.0187771396145,0
395.5688708600269,80.21841901191898,333.3053060299673,230.85490635201123,19.49964808843318,364.3756332533822,5079.890906756742,3
49.94668360089082,254.17324339810273,5.020131341421584,475.36173859306973,71.51513683454638,684.3078617240958,6758.247066807455,5
22.48720930947385,26.93763556993175,0.6670788612065421,21.968830523541325,14.355895129505848,517.4779963413592,3112.8599853822325,0
35.45376744391358,107.25336490170896,0.8489797486417252,151.14965588678515,122.8632855637877,698.5559477007788,5340.07692376485,4
424.19890511613767,24.403921415648163,2.183196972409215,19.12331581043273,30.54320881009881,521.0578331532872,3366.087674344344,1
243.78126973346826,38.11202171122593,1.7067904586222225,28.439693201903864,16.456735030105794,657.9527365911564,2938.5627432752804,1
57.14507353423818,193.33929131940928,0.7867332856241698,218.33124853160598,102.06199250769782,623.3326979758192,3202.1163024211123,4
75.68111422986702,315.410670428223,2.1639186557783368,501.39955047158855,67.38389309829495,774.7089093397943,4240.9565101069165,5
31.035689977521777,172.10520143097511,1.3584783756807786,205.25663992782856,79.83636360818586,453.87010759949413,5742.275154957724,4
76.35761641233644,366.4261956756014,4.925573367087225,404.6489336391818,65.88255533697368,569.1351433641477,4852.797442872175,5
42.830913344267074,274.45075170455357,4.9499076568161025,501.0022086419525,34.96508253587327,850.5989246421013,5237.156300414278,5
376.52532030307736,37.72252023611654,1.2071815570128384,17.31756444879281,15.947406018551609,708.3845516582207,4053.0603665509493,1
60.653659947459175,463.9198221475799,2.756246109120813,446.29398490706643,99.15219783433191,845.6014134452798,4977.256007119503,5
30.875049953511677,107.180077630516,1.0139710980224304,211.9215885946767,68.72793160225655,846.4445265571909,4636.996334366771,4
535.2331771854758,45.23390575235213,1.5761746987305245,15.598541938993758,12.094815288940476,585.5000975710307,2660.0173498761474,1
189.5155638601476,53.706242360234974,35.099964509411485,29.929617757148907,16.9457241689216,717.5428311590298,4142.409648175414,2
66.06432693397194,250.80324047332695,6.679494251659282,710.992417172427,63.22773350923658,1234.642651364518,2103.228176399061,5
40.54196547883175,162.19934793698297,1.193807175870731,272.5701953339388,110.27586362407746,531.834782776278,4692.518108545197,4
206.54922148603347,59.955005347941906,43.920686776761585,44.192006082906055,12.444669288550436,585.9427193509487,3024.090960438871,2
401.2962501827218,34.40736848268537,1.6539809066434987,17.303099421381773,21.658156681429208,464.3707248933374,2904.1922529036387,1
275.8334811178306,18.581096255296934,2.1316416018523436,21.407573485360622,22.653567412927426,383.75927495692287,4137.554672170529,1
291.5758664108473,34.20439949717184,1.7292947856563514,13.170039638234346,13.012386926221525,411.67013755885836,3034.0935766722255,1
29.579915647337053,33.66191658283779,1.0490265205582034,16.022829470214397,15.923453634787158,442.6327022696099,3463.444018988371,0
50.395652910591856,199.83536229404413,1.4175428072590308,170.08564690212359,60.85037261817381,552.9225805499867,3866.7133477515677,4
309.80002162094354,66.03548022629734,35.10815990417102,24.589270034986058,10.140139008321448,413.1597326833743,3326.9518355484215,2
52.67717906945437,319.77553180065803,3.3599551534612644,629.2081266049815,91.40143206283919,1081.2901813798314,6967.734554696169,5
522.5852639177783,41.061993788739144,1.4870091314549712,20.909539068917134,12.880853652098132,484.18169829676197,3515.145624642462,1
47.69727540961739,365.4379567059465,4.044804370867211,754.5569249681635,72.94727206255116,636.4588173772427,3920.3557039220964,5
30.847721275859037,136.86090929700458,0.875835690627382,252.3088276787946,94.06032295011433,665.86390492698,3786.6353088193555,4
56.44461229588546,274.1332919226266,5.256350099430168,524.405961991853,73.5513869000184,872.1793579097277,6584.670784426079,5
36.73796081373003,23.865175901985825,0.9275814761913033,20.35050014543326,17.10647647241588,571.1199786855242,4309.996250613189,0
280.3871797040489,47.63551187673595,38.290643402338254,21.91762444995983,5.618707369152415,617.8245549265113,4536.015119696326,2
37.45442404682324,21.777653264187858,1.0553126176123748,15.411016977761701,15.844745632745273,446.63000100842794,3500.1743236855596,0
54.96599805018134,235.76230007076234,5.0909598299017,607.8214033946942,92.48883953389924,1256.8926392516619,7446.347295340344,5
73.78228600177569,282.2457251366597,5.354698755440587,407.32073394881064,99.01449967768444,767.0790547546582,7017.2153721507975,5
519.1378006024162,143.65084210792318,264.43439378611106,144.27550484173722,26.4254161502852,491.4155021442612,1543.3269190527856,3
591.149450694737,31.275678318923386,0.5364502168564307,23.02666788597481,11.85440166103233,486.13886751903556,3701.156641039979,1
571.4005967516696,33.58088712615963,2.4478509317797763,15.487827665230645,14.258200282891059,355.17326017103693,5209.038270350268,1
372.66813453023883,43.1082205122013,2.061092367861979,11.524153864392673,9.082369025080109,281.1123938653286,4360.255952531133,1
571.5744942964502,31.770958470471335,1.8091835397157585,22.81818031691212,11.228913688084418,647.945516140678,4212.224594901685,1
31.367348095083297,24.367555924748302,1.1565615096580741,19.06211754968606,11.066379678722624,494.25421912906836,3014.3102638844316,0
393.3177936820007,35.05589003474285,2.6841256873620414,27.244550169867203,13.518557707384463,449.19074728404314,4557.293224343424,1
69.96566839419746,403.8765244451523,3.6980162878582323,397.3404369379439,62.22333176472666,941.48859095744,4973.797619588773,5
45.684424057992366,199.92484444997325,1.0231092344820214,214.44403037239272,66.06667091593522,777.5650707600334,4062.4522252445618,4
492.4838538513716,48.310047388441,1.4856941577335423,19.946396792648176,7.235905820965335,298.7318698054556,4994.753718483667,1
37.3783484706389,23.312611068007566,0.8386396062032151,16.502654504770792,16.249739531752194,490.69824370347754,3529.785926790815,0
45.518424404607046,28.090748574234485,1.0254559817714217,16.81455444271667,13.171397011074273,306.2791424789988,3739.1258272974264,0
268.39645583422896,59.88845480031616,19.77220380332381,44.61553917961279,10.646996311659617,605.0765336032708,4246.724464969288,2
40.38083888890835,24.385174374898764,0.9128559717202775,11.855511709951271,15.346080510729443,442.36113234329946,3053.1507202503926,0
388.1364260845257,39.235450546530615,2.1605241716759322,18.170792822039555,12.629160618057703,444.6477854780879,5109.566278797927,1
489.85766631789727,27.999116072828016,1.9080614238450715,15.05521567196314,9.380658251815298,528.0310576756135,4011.4851695066077,1
211.82902025137125,96.45752546944288,290.004881239032,223.22411422902925,28.548463213176976,374.10433155477926,5799.306289683501,3
40.222317532704814,152.72602981602182,0.7242382534439544,204.12384130039217,64.69762734327757,635.0704325249487,3682.184903000683,4
211.07431905053366,58.42534972973,21.81272812569823,19.966308705998046,14.221928129529223,373.39069471403974,4507.061114482324,2
282.4294246999485,52.148300362797684,31.968682793380374,57.1142279893249,8.987296421609388,351.6563354871612,5190.0833661832985,2
57.31677885349912,308.2010888006233,5.865580150345831,399.8895958984589,66.2221280128709,968.7859356876379,3196.2091167971043,5
332.72484453795056,41.54609778602135,25.806690881709947,22.51481970516476,14.5991922010728,488.7871787169032,4167.3724522378125,2
404.94160244190135,46.997186839296205,2.012022374519787,12.805297243128617,17.44744651850481,410.16147970631175,5952.233327543591,1
37.67655871582462,27.069470393242344,0.5624260178954401,21.213825399477315,7.599971612759216,408.4166907749615,4153.687938499187,0
70.12977986989662,153.31542763151674,6.986623368172293,455.5330849360062,98.36051591757847,442.4565197322099,5533.539054525548,5
39.970015894065185,250.36167283061215,1.3795788464785224,181.95052286997827,77.86441767243629,470.34931432163086,4570.227652968076,4
52.44835746207082,145.33510005123037,0.9057017956996486,191.46881617280914,90.7071627882699,651.8885413007741,4439.366057492686,4
30.933822177054676,22.67895042778239,0.9015443659677836,16.472775379441394,16.308302266650408,492.44374981869544,4523.369735166518,0
450.5940195891796,34.01284067210587,1.602095749617941,16.026531084052444,9.55320572497745,620.9531531381568,3889.624143266238,1
601.3083339850492,33.023985500963654,1.733978072283724,26.576854198132036,11.749378385096767,394.3592624965445,3811.681219779264,1
300.05654117629695,86.49405655734839,269.8705452347415,161.68777869067952,6.3327505810636975,591.1299577929375,5216.039393062005,3
247.45010081051163,23.631578365988435,2.2367596528223244,31.064698480365614,16.77176249691479,424.28689670621964,4673.449722209323,1
30.533196982490864,20.95906282148608,0.9550520403916951,14.715169968718605,14.703588971828566,453.48963669643143,3859.755478972374,0
52.3305343930635,96.08329093722503,0.8881216680713628,193.1458141648747,121.3657254601633,536.3311967979768,5103.893965902381,4
367.43482084819306,34.79103245548085,1.6065539225406116,24.14637539520126,21.46190156160799,413.12922352385544,4353.125983884586,1
62.1899813784623,457.2336878239386,5.660400404098596,376.21752238344277,48.01184483402239,853.5257803789711,6255.293780876074,5
438.15984332968566,26.76528565639061,1.9249733504840694,16.33940680365732,25.348488313266774,467.0787691327269,5561.5646529340775,1
456.4540426684205,42.01607735735513,1.9117559002948374,20.48364665372313,11.481943966200024,356.06164178430834,4676.828152242161,1
416.71709686589077,142.0709549389666,141.62012773780754,433.1800822049454,9.033469406572852,725.5103692932723,4104.514808501222,3
367.6115510151043,157.40989837642493,445.2728464250847,130.72433006129006,15.79673061432953,225.92990760110038,5974.6431275252635,3
48.72561935030398,332.63263292158996,5.282428367611315,327.3964134840369,58.63579765411938,717.4164404294954,4965.029149450639,5
392.67791787659104,36.32473456252524,1.7962369846360589,14.661258042216815,8.391122563581186,571.1330385922495,2906.9227985578527,1
43.424915720655484,139.77331042377816,1.2050015637799156,221.7474956413207,115.73212315586086,471.9004075920135,6211.5272522298665,4
276.975312117279,73.02265169590002,42.89571489993405,46.30612362483333,9.787329407796168,462.82323072645863,3402.7581597155477,2
63.4527682108021,140.02761505328584,1.1440887959185917,84.88599394638443,102.03497909068425,438.17835368415433,4027.529386890668,4
218.19196657202178,66.21634994217958,36.91571491187681,50.65279371699199,14.258405468825314,583.2688399610057,4262.766477099689,2
379.07521862446254,37.7815478592813,418.39495107662543,263.9751836346098,17.723791424542746,318.91596040364743,4943.36818450811,3
282.94296299790244,94.16905923226338,382.72990888629937,187.04938880477167,26.512461269291702,752.7831773902914,4927.550757002367,3
345.0448695212472,133.64050248012478,244.14138397652945,254.2688716905302,25.441728615814448,101.22942439706256,4704.463434736336,3
216.38199908591133,55.87202459727615,273.7984689661547,320.6744152363755,7.845607914111001,373.8428731604789,4681.669582771905,3
342.7454917578302,42.98992802175172,1.7881422011493164,24.807070233690375,15.669276791641227,665.4815141177546,3463.4529538824468,1
31.726096381394385,25.087582435429585,0.9100375826321703,22.374189834667334,14.763766115720223,435.2830338529515,4244.554028802443,0
39.64065942201299,206.24616789085354,1.061573166946196,252.37705207782054,80.55982416907729,726.4146607703334,4410.815715816757,4
303.0122182135518,120.71303566258527,181.51515095837127,137.19905515875502,20.57261495048231,307.55762609845846,2398.4861401319918,3
43.041839175655525,28.778165391199593,0.9615018825400371,20.02532889276975,18.060966318895193,582.3327105528543,2936.880064355851,0
27.759466430419913,21.271243343143304,1.0990663849822655,19.344391922527322,14.214738985259572,374.20039918526874,4014.108338397693,0
34.862373411153584,228.57084217677053,4.690864367990557,642.1256766761175,67.97780675682236,993.6341003866943,5236.047283204519,5
188.2460737138878,40.77862356475133,2.490626963757747,22.617676719397185,14.011522476276493,561.3514541107413,3994.8697430862617,1
36.34745833623938,18.570677891889545,0.8929270754171933,20.08406058939854,13.412678654620926,415.43585419595894,4356.476204569002,0
47.19521932809444,217.58555953996614,5.654340943933813,529.5991948182597,24.414527288613275,832.3128852012356,6240.935779443439,5
55.9495391291875,200.0489814995064,1.065808357562185,221.5945277790643,103.24827797657929,596.1762790863042,5158.7628563808985,4
481.5634041293226,69.57070443008651,335.1053847831614,334.88912892302324,17.07942565808293,259.05807483541804,2037.9299827875627,3
38.250301346940475,20.64658016354973,1.0048555151090546,18.39777029231347,13.013343332152674,479.39343767712563,3178.5659344919964,0
39.71294131311792,162.7931620607006,0.7823024352746417,163.0296235673341,82.31824219808637,359.6112018925143,4290.000892941963,4
383.1257041947629,48.32738573583201,47.95201135349893,45.250720408620666,12.989708644781881,424.7101440555657,4311.122444527082,2
389.938052050331,49.2374936665766,32.91739742480106,29.20423279662748,14.972285203703569,701.2137206151253,2070.319311134017,2
434.4269341951126,14.905312784296276,2.6229739573902915,16.73730317388366,21.350926436445206,467.35166228106726,4033.365622063404,1
44.483273505652484,183.63089159655772,0.9969192125898632,154.971338352071,77.92684369168673,613.1403311245166,3235.2556974971753,4
89.60716552920617,239.20916511422448,5.142324522688155,523.3138457218415,69.162681534688,674.5041529700941,4179.634369291567,5
259.05785645672876,20.070519942640075,8.19990392222481,52.72422160284049,15.690775373639088,677.0442088194338,3683.7863703389858,2
52.29293415091669,160.66489969373444,0.6482918804828004,193.65950437734105,112.15004356677062,523.1446335062222,6602.396358552541,4
405.5571957752968,25.27618057631983,2.7361645258615632,23.78480098487612,18.270927886633906,651.4464977569802,3055.8122250157944,1
525.9398327035982,43.861337361310234,2.8876772863113156,18.85956996259553,5.753574115461179,452.8435968471346,4725.378709396012,1
265.9167165553675,90.55691845439719,19.582497926218387,37.653231840777394,15.63524672158847,291.42247807114313,3104.5336316287185,2
205.91524785926626,93.22093604226318,109.15663158467862,253.09492875540124,16.750206361628845,399.46828368781587,6062.979259081817,3
64.44295503049517,305.82912960978894,3.806394235865641,462.5356089164795,90.78845004177839,785.6695998226289,5771.663814284132,5
385.58977059175066,49.48823946242108,2.725712421465732,22.864463440616532,22.73599081510318,424.35181023939595,5650.189731437494,1
33.92145282119494,21.43741729408532,0.9491450386149156,20.268831971134965,10.372627111296069,479.32359593934535,3728.37722525943,0
282.9077958661593,95.41140004156462,334.50542006163914,210.06566239026014,16.30623258053487,482.4790845360974,5906.2141253495465,3
44.64581345720826,184.7427789721535,0.9450650671508125,179.09956164767758,80.15202066334227,737.9632815571488,3802.8915307594198,4
35.306485382477945,371.82677384764537,5.282058657138986,424.6090801024876,81.14406913177392,511.5637720753232,7101.435045609319,5
45.56280071550393,169.3817929773826,0.907795209667577,113.72420452770197,102.28981522154209,527.3728543847218,4556.943229357117,4
278.91704660142386,54.46180062796785,41.09004188317175,38.56027890778869,9.60499566378352,528.980079177975,3640.813268543577,2
441.0404148905226,28.201676000965048,2.986581026140214,14.740611054900818,13.481566106522214,495.47261318841356,2554.9121471208673,1
404.73273581054485,71.25301687419478,37.68719817259619,39.343693181134135,10.127875680362369,468.7160282459006,4530.059349593522,2
37.42661556730578,17.982932064771298,1.279347634209232,19.627161605027545,13.61675033043445,488.84938942499286,2838.6975083681823,0
369.1510674631681,140.29009418328397,175.01405268113317,295.95126287764873,13.44521751641333,569.2043210768977,4839.822426426758,3
169.1887281289762,91.02160549300898,273.19621605174933,180.60779458857465,18.497228839904324,424.07911284103415,5388.632946765303,3
90.19468618698687,356.51602723313863,4.129211848292206,557.6069252816483,75.17442981225888,845.9718178991628,4079.9185424662446,5
255.38910775465425,79.364147845549,112.97168730220301,112.50545331652937,10.395910838186103,532.1469460830124,5368.977039463459,3
410.8785227481285,122.44624859628746,394.323579240188,221.03529665277006,25.57592367618178,261.300509954017,2004.8554291488454,3
58.7470711138156,160.23002910126857,0.7351293934475638,210.00995902635847,109.37115045158248,750.546598927956,4412.685908207479,4
52.14427640857227,191.91671009292602,1.2670765395400252,189.76630171401766,82.96305245131869,681.9369031140665,3619.15706752238,4
47.36649880795919,438.00448377847556,6.140032916579813,544.8614053519545,98.12278887223987,468.7744772921017,6234.293861539667,5
466.9070374034854,92.92159686935292,295.2258431193281,300.20106495698803,13.333170396283384,533.8991565736525,4274.604552223097,3
46.26473082168217,259.8530902096365,1.0017749542833922,243.75781414334048,79.23275690307847,663.6841035296512,4511.297450799257,4
26.947227624190276,28.239355051368207,0.9507212165315659,17.83442426626211,11.788913127521708,427.4242083659783,4302.024081137437,0
33.33424469242469,19.50180256573922,0.8359394407424994,20.772645515065676,9.96484048584786,526.2068993149362,3570.2448665171637,0
87.44886043395667,311.36497627252754,7.637877029907295,433.70249266885963,102.97058819637753,534.2191635346193,4827.538228008351,5
37.93238203618968,24.169239566009498,1.097122703606421,17.9631536621527,15.473493660988092,380.13222730225675,3593.474288574336,0
39.823039438804955,166.69510463410452,1.0926321742254559,225.56471092133404,85.84143140925723,832.8512492043463,4428.92323708427,4
422.1261093531373,64.5700424868274,39.198270300451306,26.597916149689517,11.996490032979377,518.5635182075048,3466.199136255657,2
366.93030763209384,36.904325748085455,283.1094614564829,393.45835137789953,28.542634082006682,183.9661753937063,4307.329106226255,3
30.31106423667947,25.042942343764956,0.9551102944172115,15.259316654532196,18.302386866812903,570.4988671398688,4213.466289119931,0
33.182778044211744,172.23798618182175,1.1677587396735658,125.70746945091909,83.5293655887185,628.128372365752,5922.943815484688,4
402.2073058685584,29.761155725399572,2.5336077522634097,25.84851089051949,20.895178617901276,605.9053096962797,5032.767265088347,1
72.07511225484413,295.9680453631104,4.314362757978034,565.9665889020064,53.82144201690074,1002.9755200388294,5684.273395931303,5
265.6948394424602,86.45238465839614,53.32056494469878,23.391331241979167,10.936656012071154,341.04885643922466,4614.212410620657,2
425.26945697471365,123.34659416542786,104.91135562729163,347.70535741414056,15.115221846945794,625.2522741880852,2572.4926826268356,3
762.8537743146869,27.48349684029705,2.060085747476046,11.026038494747796,15.524107867731399,345.6155207007358,3295.5808451509874,1
210.53561059438942,137.7452626743038,237.2245211202284,247.7565586352224,21.539619834903007,395.25223224168127,4675.189387920038,3
42.78264260626773,239.07263419779534,0.971651581162472,193.46653591192546,67.8928851980904,471.1232820521406,4350.252361863484,4
211.13692833569377,25.910169100741463,2.7688003138787116,20.448660734813068,17.0298927766672,442.3553461670826,3048.172626362473,1
212.65460089498802,52.30507876204884,34.17010968937561,32.245928759896465,13.501393574955353,501.04451765980605,2693.315291424409,2
19.43622360133133,22.961891845252623,1.3630622518371103,19.174187532951848,12.824898199296072,481.3929141412707,2757.082489383001,0
415.85293738787084,69.57884319442718,254.46980888842756,332.93686136610484,27.369153318786605,365.09841988330885,3239.9019576373903,3
37.636474338898026,163.29584207111787,1.1198177892330503,245.72302354022625,138.6354228169299,634.8057385204274,4125.844157092174,4
174.22109667561364,72.66563170969503,70.37753708995072,373.2026888667413,20.316530343832195,494.7568165301537,910.328106699414,3
299.12516829242213,41.01198473141569,319.6774840984694,101.55023913713431,18.934193022786992,285.36152122105386,2740.239987039518,3
366.0204005336193,38.18256979197847,2.074818366590808,18.469014949871273,8.0867745868009,267.2820532616115,3134.36888943487,1
408.3507198730547,106.79364378170912,316.88764800574836,194.66572127568142,14.026138257295294,714.2693839875359,4767.471756770254,3
381.51600201089605,39.24772452740464,1.8401617548844946,16.105641481752325,22.224675222572838,631.0492127560477,2932.6141906450785,1
369.7153025954733,122.20328790735128,318.44119355297255,234.51741039313296,13.364900496975713,692.007562977341,4377.385294677885,3
285.24868525928855,81.38312058556528,42.10584186099025,30.124822201513055,14.0352086258899,533.6347722815597,2954.3875875198028,2
61.58790229756712,363.3930192952655,6.234867351185558,486.5950139606951,123.58241564835693,688.4162319519667,4412.106933137641,5
39.29757976093448,186.34635932039313,0.7324470147607038,194.80688076615226,44.49726758532404,480.4637405211622,4209.91934017319,4
41.779237526430734,208.6098131630392,0.8943778929223,182.81070660210113,64.58413361129597,767.6770242362562,4354.740832863101,4
161.32629211761702,59.825557014736496,372.3700520141979,212.2735660795163,10.554942730110882,767.3949562765276,4529.3414101681155,3
37.665574371100824,27.261275700350033,0.9439886594764176,23.727087187110904,14.492305344612406,324.28227919782637,3058.7170972862427,0
53.57884395142159,203.51613328570167,1.219883288193968,154.84302576028006,59.40942215784401,699.4139942115531,7108.920552203569,4
387.0959506880723,40.8204650486401,2.1384033814283754,27.17803691222148,15.339297944157279,455.8261340026112,5049.513225685186,1
57.42487971695559,199.0728547181111,0.983422092728396,231.7850324925597,69.3989888862292,441.74798891772826,4892.973819917841,4
54.006823306244776,299.1335910206701,5.381913760945519,324.8555725187101,54.23967186576748,832.2184860927243,5011.011722737591,5
38.32546309039358,27.268725158795775,1.1870817131713676,25.594152970244554,10.410625181788674,400.1595807907952,3267.265454545757,0
37.88856310413881,22.36349094663324,0.9820950701084685,13.62353350056799,9.076879052320367,513.6366915827061,3068.1027390288014,0
84.71327413412351,481.3890189780511,6.092422817732506,664.9555979296834,46.13972848389287,580.1900077631262,4781.971263379423,5
320.93713236472263,54.70020176307815,291.99346771327197,331.10816157242925,12.916117803457489,393.7457599247981,4520.557697169624,3
45.05927540489596,205.90422593752564,0.8920920713247482,227.5963860654333,63.79867813672624,635.3105435993913,3412.5531845165515,4
548.9231807758122,54.941321540954156,282.9130168592441,230.19564960968825,18.604062643432904,533.99412680191,5456.061760975892,3
287.17826521898917,158.13370689212917,325.96551690111676,173.23866140020033,15.642813455347984,698.2334035686639,5159.983318061627,3
40.17721566404403,22.90835745253966,1.120851795886375,19.82898369546922,11.994937184025275,515.7378536546745,3977.2258265006126,0
38.4909393894757,282.6379283936191,4.864528945057315,413.32542484677134,81.58394956960892,772.0856899856306,4011.1639488239407,5
179.28574109318603,66.29245908464573,38.41214951173029,42.75636782329077,10.516269353515177,555.1340548811577,2256.6600866026365,2
358.2484080384806,55.33639991891141,31.69918785165761,30.384346088781705,11.5501931985973,395.327635963833,2764.794764799489,2
313.0715710048711,62.2845055882098,41.9761349102312,40.16750709071742,21.539593466470542,477.40489737052525,3880.635941102976,2
277.57405540109147,38.59959868053331,29.904406004711234,37.20408846482473,11.966127459117509,515.1692392850889,5031.144452224754,2
284.2313868386389,28.239847853288722,2.3808263852540024,18.98642506205157,15.883775722545847,303.7003089539143,3273.7278886701224,1
438.5255210997803,41.74433003825519,2.397515677868768,10.866114616351643,13.960231440452294,246.97527318935153,6588.8023591577685,1
257.04762561581515,57.56798240034123,36.18497737089839,57.18099996239822,11.280858664407596,466.05038872980884,2899.5256641239794,2
40.94143865978911,180.66414883392753,0.8779749917983869,251.07019259651997,105.35717084911226,666.2964642384819,3438.0923717135233,4
35.985295771563834,172.93471893012423,0.958161495978794,228.41236607866313,98.32234429207907,584.2478547176592,4206.755504301023,4
348.2822299555279,132.28595066326724,227.8058859096987,180.4282860330223,26.572528991507735,233.4822163009677,5608.243868031553,3
82.43948939732597,353.1111191691439,5.028623075593081,617.7561065025869,117.05138856730814,1105.89091968782,5468.0679648505175,5
37.278551573113056,25.94445405735627,0.7892812678584509,21.031231287322093,13.802191391763252,375.0121510729389,4241.9434217510925,0
35.58877649199399,124.7738442040274,1.3511347860464633,270.7514903479463,73.35720464518386,598.175086225002,4208.408066221945,4
283.2638789955813,80.31450698258433,40.787935953147965,31.243712675032604,10.058166227738052,516.9171000201793,3122.6880240667806,2
447.94297072541616,31.140247605318045,1.5634557909071636,32.73004991039564,19.514426413279878,598.3589569596494,4456.96967855876,1
234.36636383861259,49.69607250207423,38.61789131467316,38.62288559219433,6.21743659284976,292.61095404910975,2638.7784953981463,2
338.5845949936888,53.47562251295783,32.82094632299172,28.702046017039482,10.054924759125223,662.1827553646489,3767.4555248383476,2
52.942150350592264,205.4322956440681,0.8548495276835941,120.190734915331,79.75957323693733,990.9221061086216,3723.050437011581,4
77.47492910894277,363.8355226713038,4.252597409654761,660.2942301915475,92.61471198711207,713.7180027715272,5002.341395270898,5
41.92154114309549,199.3389892553387,0.9577124809443803,188.5077847063956,124.26241695526002,566.8615233587426,5472.376621280085,4
322.5096109907778,118.90458384353784,294.63444055803353,225.11921604710113,20.531014162770127,644.5716201392337,3141.024659163611,3
62.77554071047958,332.41185025811444,5.4834994430306585,539.9379032746798,68.55186392288915,941.393084992612,5506.810566946227,5
49.12714519362866,146.58931338711184,1.0746126190750256,231.6603268778608,110.7925463915072,758.2550007597198,3631.274533141617,4
339.11049844307445,119.22682714562747,77.51780910792746,221.88538282793527,28.195264104211518,461.93588883970006,5933.355993929201,3
42.52164903218555,203.5319034101336,1.2149856689172711,196.5082342048201,85.66725517537094,773.1807747322579,4269.304200876752,4
340.7646549195821,30.959983063738047,34.49626457895271,35.707086294524615,11.598510426734897,402.31271601723114,3827.302759816748,2
504.1330624631418,27.952937651127947,1.7134386240000925,15.203981214050158,16.541912396376613,646.7475435694391,3590.111257386433,1
252.93144930884017,80.56898964775863,268.37841629516663,246.0837063918679,15.235249158336314,556.6894373650532,1422.8502130583565,3
43.758961769639946,382.40466689042864,5.391176670612452,335.7467089396199,70.79972768396978,1109.574204596633,3563.257697150809,5
50.120600457365406,150.875801103181,0.7351476314635721,159.11026663429607,95.09998282842457,686.487367566721,2580.5852732944377,4
58.32752753034086,381.95094295387446,2.9205900324575316,486.3174985522967,54.43365508738273,833.7566428743783,4437.653097853024,5
484.50284141478005,55.37910286140962,2.432735223679875,28.77079500528383,11.192540387202012,514.0306966120609,2724.797686218896,1
183.91445296772622,71.3940904139736,167.30248599584695,213.23644513432959,20.724591904451017,521.1243119811434,6594.980620141788,3
30.791501085965635,20.220180992441854,1.0142240289595563,14.684628013132023,9.421230961649805,424.37183821774835,2626.4576539343434,0
49.37911259954143,246.85131550566066,3.709663394182716,450.3518364205694,88.11008796658179,768.6535443253146,5990.311132231796,5
582.604054328435,38.76735888101567,2.543155640896373,18.15723756148529,12.293426347984473,725.774540220332,4046.4733310078645,1
35.948894245660355,177.6489576420427,1.0239254031745628,209.92478236713188,106.88024769345094,816.4905263608425,4675.5000604509205,4
37.81555908819969,23.553887569288147,0.964533037005323,13.768621855419294,14.815795821788237,331.212439730556,4005.970091551146,0
401.24026758188256,30.714181652115983,2.2368867626876545,12.711990036148633,18.213511868489853,309.53869002333187,5672.717104208898,1
50.43028880953115,338.0465445365092,5.276516752990639,453.6215292919218,81.95033143108418,704.5617283079515,6086.061629751255,5
45.7382408189674,235.78526623067748,5.326264391247626,414.56982375989287,52.18494138309187,1197.9637182157473,6396.1163686313785,5
47.07284273844593,25.340284614070647,1.267797759133709,18.964762441318694,16.022217203823843,401.0887540225536,3138.9700198027977,0
42.29006764378014,222.72747443491744,1.1158187807017477,241.69424262901106,101.16632457365093,1037.446828429677,3970.584335108866,4
54.85872413353461,182.62380526960763,0.9669754873321421,119.67408776799142,83.27497604375748,752.0229382603425,6070.810516922221,4
34.38290362152732,28.110696407590275,0.7010409443418766,14.499524714198145,10.887410665370076,292.48091191023946,3233.7372023162043,0
437.3691216940811,38.85406203014932,2.814910488262987,26.93804778139414,18.444041412613284,275.2712620266054,3006.925803750981,1
47.75919783898111,69.01901485384272,1.4841877031317674,207.3224942788914,96.1806421032267,852.1372738808715,4918.862544580428,4
68.19415854845963,383.3930257769492,5.156320238889864,585.2047892851036,64.43753480659926,1099.209949402303,6520.552274841628,5
40.890069167468496,231.25747848999882,0.892878216948181,256.4281361275463,116.60912260892084,570.9924119646522,5023.582472718865,4
448.92740435416465,31.634326027455746,2.472489622631315,19.726651239472755,12.807988976331698,435.08765103522245,6103.529256604448,1
239.7135388834517,44.84399067837246,1.7990407776358357,25.17855472166545,11.336235081062492,505.49510604142733,4201.2833674889,1
90.79987365058119,115.38975859451229,38.0840477919797,230.15091141388496,23.381730807506493,608.9016785602158,2127.669696216951,3
321.24580992269,16.48854846725758,261.3248931832139,184.10841032059295,23.783851291775022,674.130386217201,4687.168519587328,3
51.839472738427624,207.5057150336909,1.1949378276557248,211.9955633896239,101.46747780520192,1005.9036182409651,4228.630559210436,4
49.678233782000696,129.07683655401493,0.8992009783272898,209.73141861221575,73.80576161824315,760.7465814283446,4223.314538175091,4
50.33825577489574,178.8314015128687,1.1084884675719848,210.4505755011677,96.40718424453257,671.0380497667853,3868.5703432005075,4
46.496250331477356,341.41593604072784,5.326815818850568,460.05481037027147,120.39463193037786,868.3419629960306,4836.995481015077,5
255.3796586934841,55.96461253160021,47.57601695381567,46.58910584480872,18.60330941626378,488.60305993668726,3332.7465103896793,2
35.16231570967167,24.558959292155798,1.1821284743392753,10.78334703062207,14.831461136304728,555.3970786217411,2990.9983869584744,0
187.18253421256708,123.32170385094318,277.7513537765356,274.5883098550961,17.077996739805037,456.07695639703684,2714.8644474699154,3
315.29452629741206,59.552533785831784,30.05797067785377,42.9616958462874,14.974308279952538,364.89892799210185,3695.533755644136,2
474.79492795023646,38.65331201041846,1.860289570330649,31.49260814943716,10.918783567068447,480.62030049741503,3816.969897736659,1
561.6787889936271,53.91040130723174,2.268885286776024,17.740431661859088,26.217324899873333,418.4321546885491,3148.9050576298996,1
31.572190240510263,27.05660470311175,1.0281960381229156,14.090056399579371,13.85724146243275,467.6874173150207,3114.1648152966127,0
28.067647658535048,212.46138292760486,0.6729623722939075,167.8719470556305,89.94237292743641,762.3009185597417,4265.158838944213,4
55.372531042457005,301.23668806795126,6.0182856420203965,697.285399550205,101.39059451153115,869.2528760754427,5135.631524747875,5
279.0029336470885,27.649117688718167,1.791570299840881,11.42710739464233,13.09847557740564,497.10670174601785,3344.5142065891914,1
239.02315521500122,59.50049729921298,408.0159678788917,348.08788560517644,17.332314660070644,255.68264064629597,2116.405598152216,3
50.20983020119108,296.28511946015755,5.31023324309587,481.12040614517616,78.94442587475842,556.9137037611175,6064.783067310407,5
36.236103933627135,31.041685556873578,0.8166438531190146,18.672397530228746,17.824727586707528,338.50625749789947,2908.2226283032505,0
21.479562790409016,294.7609214465042,4.887137530812531,316.88681443127854,103.37285102717595,766.2468656706042,4891.270484795712,5
32.71782776295355,26.385092723874642,0.9260167231741134,23.225529195528594,14.02808920670331,537.1444612249292,3741.1670228741827,0
31.506074036734358,25.8706049615002,1.0175028713711092,18.590459211168337,15.830000433691199,465.09269954229103,3966.613324058823,0
246.51670669504233,45.96400201223473,24.60326147019705,23.48822240944469,11.295147888676293,290.98847416191495,2774.5137421544123,2
303.72569657234476,96.41208066506414,35.89619959379048,54.618408593935996,9.779011902483862,455.16010406181556,4273.097815666128,2
201.49947504551946,95.12599407333259,299.9452523120982,205.58459845588422,32.85413825726073,540.891155095932,3815.6263594173374,3
50.77075330853488,489.9262068943152,5.960374360823041,640.8464799632063,68.99929210234292,1090.0068081668467,7055.066412763671,5
368.3827299785157,19.70165308179669,1.5810671241604566,19.69059296314272,17.46000164677418,559.8906991284451,4571.340589025239,1
207.39328251952918,49.7364390400588,1.7954620523329896,20.642930437035943,9.2433571252113,555.773090609841,3057.43330932299,1
73.47257736984986,352.65523755361386,2.824321544971501,512.2596204594573,78.94926988596765,981.779059454577,5948.187507487301,5
38.284796750879806,20.257967530195323,1.2665774260386586,19.77875289458872,13.978588157187403,557.3397693794701,3686.0208032680057,0
45.35381711072477,172.27004873036893,0.6714030879627156,160.8084531200852,111.57572651639722,670.7961402753289,4750.558619285539,4
68.69678180784283,295.78734391921563,3.212870265578486,504.80288405756954,95.52345592157599,979.7208343634892,722.0407353017335,5
56.4410794523121,180.19765467130878,0.7490505043371656,189.67604508081908,52.3605088235407,530.47150307205,5071.955371337697,4
41.54709651252597,222.09232409909154,0.9097408658133243,193.3809378628963,108.77384587188875,811.368496148635,5419.57597888654,4
41.285416864972056,196.19154573724072,0.8467397759561431,221.10991967997617,105.67417674333484,617.6850348555463,4450.76836630332,4
330.9235921201468,93.47718983565001,363.69514200104834,550.6436663986455,20.641720463713042,371.34062332159465,2130.2661286777716,3
77.60529076118394,252.16785553801571,4.673144233453222,419.77134049182786,76.30667585739545,1148.329500964086,4154.764222533482,5
171.92100341467045,127.86177161202149,258.8559489119135,428.39269777156494,14.684904475596948,648.0472314574386,5377.199356268052,3
396.66382112128815,87.11522131371514,308.77861053286745,266.46064386710634,21.79524213160524,605.8312331894649,343.0985780253366,3
55.27775924763787,379.9298537549265,4.286285756015829,489.5503493799276,82.53463963246523,987.9593741649295,5530.3890559973715,5
318.0638063962094,97.1515178431224,240.29969317040218,353.2470022025391,14.693265398705147,229.62852470796923,2973.6049915119893,3
58.09176313710191,281.1849055066287,2.6791371960145183,632.6481464012645,70.41829395071615,735.3146214273908,3733.0492126910694,5
26.703218581310942,26.67498068229589,1.1712221152154827,21.247292177647594,13.104129535575892,528.6337500501986,4100.9808957576515,0
619.145121628816,23.095404233092854,2.7970872864750387,16.061083359087654,24.0596090465757,565.1501849547578,2641.7411564746267,1
296.53895394123094,77.33626556247627,21.129022052182055,40.307525485349046,8.744294126573571,518.1320450839517,4418.925296221916,2
353.4709809771001,92.10847878549167,354.2485072925428,291.2183865493217,19.736851616274897,619.8746627341947,4082.820925230566,3
278.48040780786084,50.03492730640506,36.12912037513831,42.65424045639607,10.873814799239307,563.9399541900945,4892.169962887665,2
325.58531052816505,184.25640025161775,419.94201737262836,353.0089666225459,22.815003011931086,808.5881431027577,1938.5369089545202,3
43.14737063064307,29.788678120742663,0.8498062850865185,22.545682765752662,12.884949340432998,520.5289148406738,3636.712778067588,0
266.5059660242877,81.33040647292246,148.15126419094636,199.9744027720019,25.418009043492596,515.9120514837334,2890.098593511596,3
56.62121711225126,387.0386168441838,6.0199464491858246,551.5606200712957,74.69112434910927,635.6384799061216,5100.179011882196,5
41.69084788894151,22.64654673836155,0.9045077075346647,19.461055349172238,15.602145612907568,480.2467070656937,2689.7774486122034,0
29.51268157361652,199.43044262122865,0.8608204225699918,229.88492952919103,113.69591906137552,673.6918962629793,3579.019847310697,4
71.79908030662219,276.4937624578806,3.2103653964035903,341.3679068172329,83.33245992148917,879.8983349259343,6099.069622889465,5
349.8077931563429,28.976468245986602,2.698097488583884,18.162787526170714,19.970227613425052,541.7710163223165,3409.157095682786,1
97.25135850121825,290.79836747783287,2.9909992103758776,310.23608457488103,102.63764493979394,882.753093034469,5406.774747470319,5
43.422335397964986,23.283627133911907,1.016182066651455,21.535786849123422,10.635254963776257,365.5138130478356,2735.309913955819,0
61.503120559741085,306.75890168241307,6.499671732053413,568.7506963706165,43.27046997134208,1003.2019324703801,4967.181750872422,5
530.273128356887,21.269497566958137,2.4781662140169294,15.793755056073174,22.20707120052942,587.9352776053651,2650.825427203608,1
276.65717670580216,55.93989366984459,34.02037770047309,38.95213346352189,11.764880915622712,438.3801033255681,3933.515615997963,2
30.78298951725355,27.06696898263135,1.0593263659543761,13.768942724364317,12.478880709242778,410.73380892884836,3402.6464191783184,0
28.43584342065348,26.917081804553256,1.0586896989899852,13.175889719306191,13.742362261260233,517.2098435482449,4171.980819004013,0
65.4676652728656,171.60929427171507,1.069561736434516,143.40671369505134,107.94368826407377,705.8061550892414,4444.679329930542,4
209.2352148053891,58.240238750140975,268.87994446977274,357.47547623164843,21.77785090758826,374.8503375154959,4862.371406464653,3
143.07150591422445,88.31389159709882,262.78602519429404,122.71866112491594,14.177482291320342,429.8173319516594,3363.148302314771,3
28.724365384934963,29.968583797681113,0.9933345748443468,21.484522158267172,14.863063411491837,502.82272073577326,3113.5156225355295,0
53.378281844756835,380.9757282349444,2.786579963779447,668.9135830801516,77.54117743505618,1037.2539545969657,6142.6011180935375,5
442.80551668431434,42.841891511660094,1.94705272982414,26.060382181189567,13.630604237295934,449.2047934568763,2685.9392965096836,1
38.03280352335554,172.66615989829353,1.1776101871626539,167.98541755632465,90.00160255734549,799.2226972318306,3757.9805560685304,4
42.6823401789027,20.54213854628931,0.9040372700875379,15.498244958205085,13.181399413372887,357.07368503994917,3942.9815112797783,0
396.70799749795316,38.19657298954507,1.5582361300769987,20.16996047049765,7.800227996620449,683.026495287604,3022.9594101153057,1
38.75613727006901,193.88011699974498,0.9865984127063833,187.66976354619695,138.21796754938921,484.5328169209041,5362.661573151735,4
37.05805742117022,26.13939034614086,0.9862689970872688,16.56678106404995,18.649720493163013,419.4933088598882,3240.4260359949644,0
36.35330298158204,255.71302320205805,1.2133624052533505,213.8214649998298,82.94718077554425,656.4894723838921,5888.233680159736,4
254.79365803731594,59.475759051359745,2.4916685435707384,17.99527559971815,20.620602135930728,579.0276746569607,6041.385317368173,1
33.35303191479713,145.7307210242223,1.1090546330974431,211.02291595850184,104.22148882402286,654.338969472914,3667.7391862499035,4
262.3198173406158,61.54034656431699,30.598728013710897,42.79820265019124,19.693539954878275,446.0161621101476,3297.249794629665,2
236.5023854517017,50.26315317542613,28.796608565848885,27.168521973963404,7.498738793338474,437.57449656974177,3151.5435699536306,2
42.0213400640744,24.420603702812873,0.8956086082493946,17.39558119442265,14.509243261669564,461.91870169562554,3014.4304409939823,0
361.90464829537586,44.83494309427637,31.750366889610017,27.57541512542591,9.884426373212023,603.992123818488,5075.928784578307,2
282.18249140652404,59.732270425614125,32.61333208287838,36.10194488579248,12.218604713485473,463.9568620383356,2730.2044306555636,2
83.48580845792829,335.88380443603916,4.866356715456554,184.8175704006955,44.788864912587485,811.2933888337366,3768.62338937992,5
38.73787937070302,20.569453495266927,0.915055762662849,16.313570797819015,16.78280813063716,472.29457132912,3485.6637466260268,0
366.35774200277547,78.66547517077277,200.83340623947367,219.03794817388805,14.899033824993671,244.8271517131986,3010.7092123611887,3
40.80093756702806,26.03859503207262,1.0687838704318253,18.980124968829195,15.4647254550341,603.7265552775366,4124.3434214179615,0
438.76999095254814,31.680688844330884,1.3390269022554429,23.994998586840293,15.056311917396888,607.9234835761896,4700.686126398344,1
199.19761050628586,97.73549714576667,313.9754392905101,273.41653204022253,16.804614664759686,467.6669351578961,3579.318002516941,3
134.2431129459088,61.05884363126007,35.22548919483118,41.82928753538958,18.318720893109997,602.6686028122033,4426.181349381237,2
203.38120553304327,102.54721494795422,395.94433003771076,348.99375082216534,15.352375244488519,597.1372010124853,4474.909449201668,3
119.89357298770202,80.7823119527914,146.04471048366588,226.87575426331438,24.777347810355046,421.7955797186043,3835.139332947414,3
480.2266411908083,46.79249361963616,1.9730028754141962,8.234926409182805,18.176863860144675,240.97614507556494,4152.031175606909,1
585.6507383357931,34.13558037897629,2.7620257603561553,16.80048690390382,16.101493277093958,472.01145365908775,1864.71056714934,1
40.48904444264583,29.453628972704205,1.030416257237855,16.64902509102837,15.01883833634605,414.36555948060885,3599.2479682205917,0
334.2651381206018,148.43868981589955,263.51717956775866,330.48287976679933,6.71019300793188,417.68647261289595,3937.79496776884,3
374.17066521086144,53.71408482339947,1.8717218828900264,9.197127849594917,23.518719984401447,578.2645214130421,3720.1853409534074,1
28.929174783607003,23.898329049429513,0.8391800467859711,19.92887050310278,18.194322714570788,370.5785064385221,3147.769761793996,0
31.47651354366795,26.170035518317164,1.1732968054160045,19.643655975005988,9.18829203194399,470.54475420954253,3638.8981295455915,0
515.3312183344259,12.845518207760295,1.5402107902305766,17.601679662261418,22.846298402812042,590.6789422314771,3164.8255991594665,1
32.85625089515999,19.757088775754312,0.7684562196216878,19.763761184859316,13.418929810820003,409.76399927320875,3604.593038430503,0
467.8965272380269,130.1031329993126,212.5948633329761,178.55416428653106,16.676648630111345,273.36805655450513,2587.2876917013405,3
328.37372658022565,71.9049969197505,180.00777097088138,228.9387636410219,22.624367228284722,532.4823638459218,3174.990885591891,3
61.56464321018321,168.18033425353678,1.0179876791641984,230.51464803094223,59.10347674690826,710.0932721175657,4557.7917647651775,4
52.08152509011228,285.35470352584184,5.749875542478625,622.1447094617256,82.46737976756428,1303.7210696795778,4282.829756357427,5
196.6242965901817,126.85698199436366,223.89737168481147,146.3389715386202,16.830791327314483,745.0826782596114,4147.072557637605,3
49.163849066210716,162.34118988866376,0.8139539857410844,207.3091634217723,71.46739974587338,850.9791536991625,4396.9298520697985,4
370.7766349930166,48.88242688782401,2.381506002959559,12.857097471869867,15.726860934692311,717.3281513026386,3593.3966206167606,1
60.1426460064468,254.77097660934632,3.3598973810426367,409.3471775549159,99.86596806430461,1089.1677075578932,3938.937597891372,5
36.58534639822617,22.279781792470093,0.9057272904794815,20.091135700436503,13.919069650128833,567.4262428303433,3339.5944615004228,0
222.1166087862372,97.45000306005693,253.87468130693256,205.04132020197736,15.229745090655591,694.6025546739389,3082.9782470521454,3
80.10084922119447,173.1134771573602,6.5910260046613605,374.37744610365394,78.96623511404098,767.6856553228399,4000.098647411849,5
298.843005217936,44.08211715996868,27.285757778332364,46.35409301018291,14.660070226218288,346.64954056883175,4320.318237218439,2
246.17890112918852,53.44806659838256,52.48657640402689,50.01709220014838,14.832967056354793,429.5979452459589,3435.160098722197,2
66.37606331647439,115.17324935670489,0.7512838814920274,208.67099186771242,121.84961230826285,728.3041495783302,5131.927667073741,4
316.0897482203144,33.26067000531777,1.3627722446920671,12.639387592690184,14.772866672483602,351.6197585272268,2955.23881905206,1
585.9868679354952,30.424834074249233,2.060562075041093,26.80273563538407,24.480981299751658,396.933819866643,3780.806134943894,1
48.58318509307491,164.22766303634458,1.1913602539829742,197.53700495798017,120.93920782999282,625.6857662437233,5766.413873145286,4
48.98616514835316,347.3919678360741,6.329764595781883,601.8864224375092,50.03294330543098,739.4956992671629,5593.0731691275805,5
300.03364597880216,75.03047989965371,34.16439185854061,43.17594890831677,11.441486812007646,385.6227246048493,4183.663691898784,2
35.125968554340034,344.87651617196576,5.664900688899417,567.6260114353481,85.33451965488989,1253.8612745408227,6496.188253010642,5
291.6426589158266,155.2651089056461,322.98948040686696,331.89498111388707,4.366315709719658,485.0247810369906,4460.402981854574,3
506.5247508140696,46.78234420826652,1.7938785687045808,20.205066294347446,16.352766630440414,559.7581901201518,3648.292856107156,1
41.555589906393415,185.25097550968954,0.7946359726452984,182.52913572885666,84.23860589211155,525.4488526126165,4848.618643194976,4
32.40964296299094,25.53032302502704,0.6511942937688571,18.639430515327675,17.996105670775755,419.39291486011996,3740.296242674975,0
279.4142660596777,50.07563411304272,42.91056830637727,33.06586668832648,16.455469034813557,423.6790706432202,3718.9704217151093,2
53.05434922304324,188.185679589543,0.6708679552551398,173.10424621223902,62.975186541417564,462.7338100552729,4605.896858520577,4
39.11359468518363,170.65752391864453,1.2253991003862525,159.80452366720627,74.85012664013527,875.3153426451869,4568.197345216971,4
25.862359307603967,25.0650048593174,0.981729216392,16.735250615671465,18.22294483604108,487.0563440001915,3992.0931151810205,0
355.17832033829836,40.09568447216298,2.3137062564494184,25.33389908242789,21.406017625192646,623.4036563096199,2734.9674668713255,1
62.75988536662715,523.0804451987415,6.468208900933929,445.39098588481954,65.18677974185175,256.40113556439746,6589.302398880107,5
294.6775516364043,76.49027613431484,43.04486192772587,43.76095367553991,15.813215612580427,190.23435211210938,3431.321563920084,2
36.745794643762615,21.96454851588502,1.101622726313709,15.991575496841788,12.904768845948595,386.2831370812649,4302.625508272096,0
683.1726321195534,31.290941235810113,1.747308210405707,20.711985018343974,19.442613088425343,398.39332435533845,3080.703779269371,1
267.28180607929363,34.5598611871649,2.040472739640717,25.076751475433635,23.277759012701537,535.951442104207,3184.6413345652245,1
300.0084890155304,57.66591961240076,2.28189495392298,24.2779845520706,7.7631638495480635,361.53090867660944,5211.187404227353,1
462.03885665933694,30.221267992593994,1.856317360930206,15.175100230550246,10.5235209643711,329.6040256835858,3095.4179762648637,1
50.78026935079468,235.49076137102765,0.9263825781426868,253.40323341202878,71.20428928416474,548.6771150328028,5177.471914348505,4
38.4759280565542,27.438433770918863,1.089033204235835,22.14980726557764,17.043624082596235,424.69123343518334,3801.4482519544563,0
41.31327753975876,190.9665511012527,0.7765384274779866,206.5692855724986,86.17791230623324,607.5178388752356,4076.4847625901725,4
129.3789329831148,39.274862933686904,2.311461798774093,18.802209051934202,9.83443706164496,492.8067178880571,2130.433100122509,1
143.56730017574532,53.29803890791695,36.418303324889855,44.15665969933117,11.574845713368504,417.937977309534,4481.228045237744,2
41.127437503665504,185.09174349188945,0.7227785445958097,175.66929701150008,74.244485152085,731.5839510781443,4583.877821744294,4
337.35842846053566,52.88378106951233,27.675955534290956,29.061528587025617,13.2691079241912,618.1143868188162,3327.156678569316,2
49.18300975890473,188.4640931929663,1.036187315332754,198.17145710133263,104.15879522388816,672.1550448360907,3190.3223224923145,4
88.55190449731717,352.2523680924463,4.937802472954869,299.92738598145195,75.08754179205091,1325.7413475678516,7224.92776722176,5
44.432199425847514,135.042432055701,1.3320757637945944,176.84713113652694,102.26710774474418,852.4548238338982,3640.564392698663,4
56.34785254575152,211.68577382643147,0.9935973889673202,166.64605229975973,74.56378627101407,604.6295326970945,4731.367678807437,4
24.616817422572577,24.01914287100099,1.0084745037989848,14.527448900886265,13.927602783427272,453.62829800185887,2435.755676727935,0
457.6734890301324,81.08395333899352,256.31951351808766,342.64626587411954,17.42018710791371,305.952758274728,7382.979418041017,3
392.470397923759,41.46364552254352,1.1283454719427117,17.30673427831769,21.794418074041417,325.15847324812205,4791.52775336805,1
73.1355564851324,180.59406326691916,0.8516058811328686,159.66013498773438,121.89778170172956,818.6863285408764,5766.695202525505,4
272.8653772474093,120.16681412702223,147.09375377877873,191.14346177091937,18.660638575433882,579.1403811005348,3766.9682936741488,3
329.7773861287586,41.18072159324273,1.9472561075784711,14.183608533568277,10.694234792041591,688.3764522284787,3621.6795137766394,1
240.49807335671306,71.74704802908676,33.36025681709014,30.074671925028102,12.197315025562986,479.58895864278065,4564.580908179106,2
345.12613100959084,60.211250212029995,408.27642934057343,266.32698764445246,13.782419556773545,470.8107934337469,3180.5955432331643,3
35.830125195751826,27.91662770906847,1.1210512422916705,13.626345615142222,9.280736033784203,517.6178143414768,4241.371550361446,0
29.16669927018282,20.60510652662202,0.8360014213168926,18.78007500135551,16.614389495157535,420.884587918833,2249.0820841537866,0
333.19764045797467,120.42138443211347,502.4220317899493,248.24850987229402,25.02703677751076,354.75476402853946,1613.6982800586395,3
325.3996086576225,38.18058604445846,27.63722366042183,37.25145895969516,14.338863062207697,457.54516180688563,4751.6034859417705,2
386.2813398394303,36.12460281509946,2.50877524607822,28.266417417648462,14.989873899731293,597.4055143927152,2999.985681255868,1
32.616583644053705,220.7745836529484,1.1597278522097278,254.098015083694,97.14272628566025,330.10565580222516,3379.8753605866928,4
263.4083288872163,70.7250871649036,27.562288532517414,26.940176272123928,11.785663790857184,463.63005173834017,3377.7444752673528,2
209.83845633445813,55.27842075123012,21.022508314792578,29.85840307859788,16.08101921713936,443.6145211955404,5448.925412893615,2
202.9120225432137,43.90499768852469,22.990500599724022,47.773550627378626,14.13439095470264,668.3838974740603,3065.7213755075,2
37.41345626382868,28.70707465924493,1.0060384753000695,14.526737995274019,11.143457430792413,353.6682928524287,2645.484059012734,0
93.31577653769718,58.99816981756784,53.22809589176655,53.26129070036684,6.458731242239091,423.95602924138666,2588.5944940251825,2
37.432691481671604,19.25981778528735,1.034422257319541,19.98607434955661,14.786211548583152,492.6587501538942,2841.6946870309953,0
30.30732862197816,217.9144104439741,0.6322811216501875,169.7998790920078,99.36202018361033,685.6665927931707,4328.142513415645,4
59.74666016452771,429.76137384264626,5.362668123028786,468.4286964105263,100.86454074341312,1181.0840070986758,6762.552317500039,5
108.20869329083325,79.6107449828142,8.65042429649252,271.0805623399134,23.101643989752777,340.4590841704682,3257.461846126693,3
46.95235816875287,148.27747645849976,0.9072878720288645,181.76370319301373,74.83600881124732,743.8955414247936,4876.300886663769,4
323.7643521340966,108.0770478234347,202.6618594713042,328.87658627934394,14.08520033813859,347.79946159314187,3159.6355895757843,3
41.284352266179745,181.36337866523917,1.0329434539940066,215.9950273893429,103.21812519249481,590.4539863802871,3180.0627310616956,4
333.1109614458034,60.35796631784373,32.393302250003536,39.69976552191528,14.68145506067275,383.77199445427885,3583.23076827223,2
319.3163265461915,76.90147212391554,28.766457358168598,45.86582337333482,12.587455163644384,263.1729718539293,5457.999736276552,2
61.88480211060666,315.94592339469943,3.575669721063984,445.37943677912875,85.86259257039166,1028.7311084767143,4901.046367875588,5
258.8823456708408,50.462961651785534,32.34939930332563,45.438072479179056,9.578268583621751,547.1037390757938,5673.173479153074,2
183.20668757350217,63.37675090557604,34.53324908034113,48.640436260742305,13.82019953223518,116.63040857735879,4204.3490390963225,2
28.30264680247591,20.75017294748695,0.8620821570997583,19.342334008945166,14.299094045748188,496.6077613995744,3369.2835709782717,0
74.20279880272722,285.6472206007571,3.6140634169967467,306.7420581323495,80.09538471624637,734.1110663533169,6759.1638468662295,5
73.17227867885735,304.2697841301952,6.435509684359175,624.2608597717076,100.88221376364733,1003.1472380217446,8268.178424554797,5
27.96312990788868,27.88696334895758,0.7160243258142842,18.586637527217285,17.307673937978336,482.9851254015432,3692.137542411488,0
241.13418390808565,65.79220351488286,35.2472345007129,36.96065323479856,11.015571503560018,401.566085872196,2177.6339158176625,2
394.1678987735153,85.64219520336684,303.486552262778,219.0189791801724,23.414195370089647,266.8654001740729,2775.6549919801296,3
40.23191314361662,21.273632960850687,1.044188926383757,20.491127251527203,15.386078732759703,579.3600291796403,3187.7427686522433,0
249.1937692589008,89.63014676768289,21.64875140108912,43.82871135371471,9.015578288565745,564.4500620657423,3976.048893461936,2
456.9779587435709,27.733843033061756,2.4333644883068013,17.71740343410793,13.724955718316252,567.9842822148374,1942.9427758312586,1
299.9644148456031,50.2947506707281,35.33007534596958,43.83169022656193,17.154711724354144,550.4272218535317,4823.465091757398,2
283.28833374096484,46.98564554659428,26.430442463343695,50.259321315802275,7.466331940512286,582.4141029942056,3547.190777804346,2
43.338449562533626,22.666722080144808,1.3090447255786117,17.39133508708413,11.318265465562522,454.71957171715064,3018.827591827865,0
37.64997599739551,185.57291123908772,0.9057779981106602,234.77198183875402,55.15281418297198,710.5015991284374,3708.8124988373606,4
30.879908952431048,25.518269235074797,0.970753017082032,19.28954897034328,15.65766976690638,491.0704922090033,3484.291531020589,0
356.88358597788863,70.88395676176644,280.44149641991635,276.9949194036629,7.372112696766199,466.86894355061787,3486.328306975836,3
156.39876573114154,68.82870960473453,209.51968419563178,231.81555848696706,13.20548640715125,623.7321268919575,1708.9931800092602,3
37.59925787589202,154.08861606177646,0.7742831696765698,140.71842082255262,95.5260652252589,728.4064663502494,5654.485667551817,4
56.90701466763591,281.3069150289682,4.006551485371274,451.03230474399817,110.07448606586105,885.7544017269173,3712.2754030135293,5
67.72416145607862,250.78418041338728,4.268237222725595,275.62242293430717,69.11330156557024,791.3853051208688,3477.356496739113,5
34.16011696641148,406.74696055355554,3.048247221359296,713.9954758447386,61.30541454001115,1290.9037290260706,4725.429354274883,5
286.05575535511065,46.50839640646369,32.08977921824926,61.53467927170878,12.287086132788767,323.43444376147505,3866.81019011412,2
37.61827706561605,17.09802869751367,0.9935299615538639,23.39328828007286,14.277927663445611,454.58413891893014,3895.9893250067857,0
492.46336649138743,78.78345683280531,383.02014542514075,405.373577832,12.639057689987107,466.1877213673162,4430.473499207174,3
379.5149417487019,161.56094285291138,235.99196072603016,242.26221081130066,10.104069957163741,469.8386673556238,1867.61392982823,3
27.881976651585592,22.020252043281044,1.1955347601712132,20.268594439274334,17.123536408340314,431.66197910110776,2977.7856257105454,0
321.98810888720357,106.44514405190509,431.61837539519126,120.38361968436304,12.260053966052393,990.780936228814,3527.2222074000942,3
228.68171681021826,66.99337683977218,27.682362575385685,47.5953374576322,8.921753997206054,464.511211692602,3748.8874616287776,2
418.2423759750151,73.45791627049591,32.94550530149884,48.28711406128975,17.11782083612632,689.8032330842534,4797.87449375415,2
232.28033428657858,24.894037661348605,2.199885519245066,7.050502023512437,14.832776467797528,333.08208593494743,3915.4900428747205,1
330.4671897301961,30.133831556933337,0.8883632829858332,25.1705509652202,20.362171263821548,379.0064424340068,4196.951438177094,1
80.82819452485657,436.102936357628,4.843000430866386,526.5455348271885,89.5230971905777,641.4430978047544,3734.9348759075606,5
53.69533227898811,174.5108910237029,0.761655511382656,242.16034560243705,98.57569500530315,495.90822706911285,4291.12973217746,4
305.71875660789965,47.64732929186464,2.047529028682484,11.497946521382083,25.601195317191678,475.83239054667393,4238.140713617285,1
36.978975874900705,20.773795336746762,1.1992946600274155,21.363214392464055,16.015140104075158,347.7540526339361,4047.7253783756682,0
48.09516806241114,215.9160880895289,1.1005288697506026,234.16469338140874,96.72873405774924,724.1494538645265,4046.6760531674067,4
226.0910342151519,58.57787160915017,24.19810505181465,55.56894600097433,15.464655932177049,456.3677538404899,2632.4122345820915,2
178.77430990495483,27.886128770236446,1.3558305625174598,8.629724900312715,15.526411053107491,157.0328224880976,2292.6965986603086,1
31.25215717380846,20.061886708531596,1.1253711844471506,18.94324668091316,19.003464793636553,478.36273041393326,3809.359696281488,0
202.1367659653051,71.10426500479375,29.19904708901466,27.869661941513524,10.416572560920317,498.72132705197515,3443.448232713807,2
323.6549469728156,50.573435982268,13.125606164279032,29.183002823170796,11.816856042867277,467.34668593288313,5257.4670134281105,2
39.17339432780704,25.676364786348994,0.901591759503855,21.310990980252164,17.316289556261427,483.3825742342926,4125.778296125809,0
526.766270323706,27.070196096121283,0.3562801266263125,9.398228611219675,21.397321401369936,422.21928873794536,2944.173935177772,1
85.76705260195799,204.84419706394945,5.694672876999256,575.8717304471086,68.66442962428894,940.1192107106735,5558.776869639498,5
204.63493432585466,31.344217196214917,2.4584686433010736,30.12531823691983,18.51957707592633,268.570018578886,3535.101347110481,1
42.34100159378584,317.0508877618379,2.1059004038878264,295.10012779497083,97.29438016575351,983.0369646014761,4740.039398276433,5
306.744030212375,71.98369391386532,26.77882600878836,29.046063107839633,16.842341769073464,471.60367654191276,3123.5130053123253,2
301.89791442921825,124.37158084906004,299.91494870487986,127.31878406614521,17.428853492855794,283.7657826174804,3752.415055833903,3
88.57723908073227,198.88614266061853,2.9528124585230775,384.53901873487104,90.25073792762485,537.7834837503137,5976.163773530626,5
74.56687257678828,313.1506848868423,8.282987606677974,417.90984521766154,93.79707603833903,1071.4358782084048,4290.224347892525,5
444.3647110766956,42.0183856955031,1.5981911431566782,20.31099259395708,12.193788706667881,404.18303570167944,2517.5805351835434,1
276.8321855061768,29.853547343486518,1.272854168011234,12.327740193338773,16.80787013693886,318.2623705793335,4164.291567664633,1
32.836215763100924,18.221136775844002,0.9742653234675478,13.789665264674856,16.03132839526982,552.3835043568993,3169.6680657797874,0
259.6467997025407,21.329687013283202,3.03645097197686,17.225961766872278,14.884624228435467,421.9992564807015,2723.357918620476,1
380.1678435973076,29.055012613969993,1.8937918483541378,20.366089132485232,19.002360554360365,465.71351012744867,4254.977654040009,1
78.94832876215276,170.6392940327265,238.32205067458528,262.3458459391872,21.60013012075297,627.0725848202219,4273.851575724466,3
53.66410336188401,242.32486215388803,5.857371699804254,397.65036383766596,64.35097224379213,778.8956491038155,3919.573429396936,5
420.3874834117595,42.53705832571193,123.00502770578038,375.75871506145796,18.637656804270694,518.0730133866002,2373.72138963395,3
52.31701627845117,216.89565238175908,0.9873768617340449,195.32295832885367,118.64530461100027,697.1409508257289,4568.117283329372,4
65.5290031943849,289.8780915723923,5.4980997776750264,245.59145691247505,80.28933218367045,1187.4357592081838,5042.549268783806,5
333.5986868124477,76.98473913821017,40.105844553541736,46.536827088113185,13.562162696105215,559.8743169726375,2017.6490635603755,2
46.03835182453853,271.19589046419065,6.76118513322745,343.226729183747,88.51543306284806,910.587424703293,5518.253862057823,5
195.13778001956297,71.39635459527214,27.336400402297947,35.13577626800772,12.00314155824761,473.94078112427604,2121.8603302985725,2
448.435395810366,102.25987910355867,524.4142360054268,218.05392709905902,30.429243885117025,472.56143662824286,5723.706335258126,3
420.4029177105484,32.51937885745127,1.4332232400850398,25.951366038203574,16.92078216009641,415.47896628351623,3965.8620736202533,1
34.423895546441535,26.322700611348786,1.1150234307676365,18.327180463108547,14.274604794614245,505.6033364016423,3567.9873711459963,0
48.98737056830317,201.66196941380286,1.2183781057789325,154.71506284281912,93.98914106128763,649.1134994454147,4411.228460458175,4
57.35779319345539,195.30081338383343,0.6325595306371632,178.85867175399613,102.53466129099758,612.2065692806834,5958.095525512779,4
338.1436483277882,57.625512398254116,28.590589515915447,35.99001521197616,8.408836933730292,688.7763492368854,3610.8468224584,2
450.69609090846717,42.62330484691099,2.701562065442103,12.981943993853486,18.396878516133192,437.58209932872796,931.6514768190469,1
238.69163235799223,39.264441174407125,2.3539101477891635,34.81517622015691,12.20173804228018,441.4375813907737,3143.635282140434,1
32.18641099916648,166.03970846508176,0.9305813635769631,233.79520104932553,81.90600229407742,673.2152559921377,4112.713833775002,4
307.5198632203197,66.91719587039753,37.80255223506322,38.11777478708069,9.851342654666206,493.2164104408282,3391.8595915576325,2
319.63506795771326,136.71427429445134,189.84099448747946,300.2834360421174,17.28261551990973,334.9670909203375,4425.944970523134,3
400.0324124905815,37.72591915298376,3.2550014536372927,22.01748947811422,4.2987571676214,526.9870478541447,3843.183193718143,1
31.83572334409133,20.90164284587969,0.7829493135377477,22.650371843388253,14.573011287854124,475.6289116914439,3433.127922794025,0
279.4276935153674,53.19672634041575,47.80276812682436,48.00418357915214,12.946743762592089,422.9846383281564,4006.819335310999,2
45.75852766146147,117.10017585630858,0.9352678010012725,179.6324067955295,98.85146745963003,977.5635849680832,2749.8684384867947,4
104.37502004037233,260.84768639723893,7.631593871075831,569.804086030496,55.720042512724376,952.232352444807,6202.794684515606,5
38.7475557165326,25.90616695628782,0.9079034797910654,21.918182892356874,13.07462991470354,452.1672679930381,3745.213261746444,0
35.275450691370274,23.904358053236667,0.9844767597901058,17.31966107884141,14.320381275415185,549.3257081770381,2214.0044418970992,0
43.689620344141915,306.93389745476645,2.3234341397110154,458.60004277810117,59.699846372623384,851.0022702074847,9000.736364886057,5
28.296634406944346,388.3310227181903,6.948159686918935,460.29314352779596,99.36549275100917,894.5423056027757,7279.013506801231,5
37.77942038741004,30.112857670321368,0.7178802358038914,17.14165231870315,12.179288961720806,458.0477456260989,3291.417421633762,0
323.8315332532734,124.36726116426293,386.0773022584609,222.8666604984248,11.421401301870201,513.3165338114404,4542.436685032058,3
442.9463735498614,69.45637931970248,29.812089874618856,46.850489636505145,18.414523411455622,272.59184959430604,2920.7041106239276,2
205.427901383091,106.33021986291911,47.369946753528275,199.78023567630103,24.05447436270541,478.0995219755471,4060.950794094133,3
63.31648570152322,259.5430832654906,6.069340740568936,545.599599221989,82.77278169328181,538.4343040752246,5065.585986274034,5
37.23596150171552,184.72303761636226,1.513717503818037,161.50524020703747,76.97029221310925,697.5480767987759,3737.5047381317745,4
36.72638782460766,135.9509792017759,1.2316339929759947,200.6715265496686,62.11684764258997,450.3638038349031,3495.5651563202173,4
40.34997938951925,28.863232761822744,1.027608674690735,20.599175445714472,14.57255505320747,412.09989569215537,3976.8210930600026,0
232.6106756671485,78.29944942165581,30.81605691048365,39.51156414265989,17.74135812020527,428.10610598872813,4845.93614332295,2
41.868294686119526,23.149494215672966,1.0989226321377843,16.928332628657962,14.238871122320901,499.7364658371035,3350.2199131847265,0
43.17881616229066,175.72581680758677,0.9897323994926408,246.71833264049434,47.75087288991298,704.2753626414573,4428.453261874632,4
44.67205962261844,359.3152235891577,3.4052950565619167,636.6293440092082,82.91509854409203,714.4131202295417,6246.080656572009,5
79.55740160784512,362.35593249996975,3.5850944366928483,416.5107958243906,64.7538634775883,935.9722622930243,4934.830032583763,5
68.58912843259861,367.3485855783963,6.0940467319276825,293.57312858642115,76.0856608092551,839.5984430484476,5086.6131088536495,5
42.36466050912318,163.60127554044067,0.43409893955019296,225.37598364645345,91.81822751391391,713.9895919242664,4137.457796000263,4
167.8407690854304,59.48960995975387,46.33958602248732,41.609421366160504,11.40099060248143,359.9100929693952,5325.93398167976,2
281.57362073076155,40.80914868117756,44.717423977561715,34.97874871059521,10.05885708177382,607.3415148326957,4771.3559686362605,2
282.027768681007,37.90235082466442,2.5973235968976094,19.221582780868978,15.315509214299471,562.2490655459108,2692.354598765226,1
56.0195494032694,329.08679859344636,4.4977755778619475,532.7965874581415,98.1554542444522,1274.3243318147788,4209.054622156956,5
370.5135071605361,28.179161049254276,1.2480168425929024,21.5192270617721,19.028482810017813,519.3582609413099,6352.2680997124435,1
273.3256513052761,59.46031955712756,40.60782388724358,13.274124177805987,12.614817970960724,454.36655387299055,5074.585976501511,2
289.38031333175365,50.75464420102332,33.87336246236539,29.94448059105079,19.037199116883023,581.7986459239412,3952.6120477091845,2
54.8307044091363,392.1585036140732,3.4110665320543014,620.5564358539697,74.83214362927086,889.197220855861,4299.081378195691,5
44.497177831094,128.55822598993797,1.0857172331423164,189.23891358753917,99.55196865949446,761.843630041327,3952.5623806105446,4
48.297831237840185,327.1122268972346,6.1978380050066555,386.86628517633,74.70689785193802,891.4509893052751,3495.316194443425,5
287.96380422944327,67.01147564703061,392.3265590111566,0.0,15.21037687435079,491.9699335262947,2997.629444753502,3
64.52228895501057,323.3140008041554,5.184838239325174,700.3066797036262,78.23763706845199,784.2490863827163,2718.301184805623,5
344.7728863582107,85.4370207556715,313.0923478330601,251.86440540607225,22.87425891392224,616.044666686503,4128.164237553308,3
457.56286367170367,38.3647198953834,2.6125296926014845,16.70992677280989,15.18542730051729,471.1417421369322,4602.728881469355,1
381.3840242583288,49.20727256419162,2.879721691775409,15.099240924378465,14.809047854644014,492.9825831841305,2675.686274011079,1
52.82392884194354,199.4358595409724,1.0546715487995406,204.34795600060275,106.15303125584964,800.6099129434957,4737.504130210394,4
213.69910320399347,37.73792103348225,1.9798379360263147,17.050755043057006,15.380975763297437,878.5107684526454,4751.359124000725,1
37.08421188016188,178.95403309588377,0.7255695903760041,203.9952901715155,96.67153615086369,744.8860618059025,3686.7736525588543,4
41.625328661127746,334.7721766104689,4.507891520095662,496.7366803020047,97.9195549249899,985.2321612055377,6786.497497035019,5
40.612709531514064,211.89784869578486,0.7598450268153865,196.85422926510518,89.83583185452704,645.990371611093,6926.176604519023,4
306.79919962056016,98.55482971416897,21.801732860846336,37.58630545298634,11.97626702962582,406.8029763834936,4658.646174367056,2
146.41727174520395,94.37826009577307,240.11324987669585,352.508394553668,10.460789259217554,398.99924392790035,2673.628762880678,3
53.706964141241166,189.9558308679312,1.0607463661678813,195.30208498910653,75.81962000471988,564.4050439311235,6055.618849924444,4
46.36885015970666,233.25968659303257,5.2501946938606565,438.7641228489185,103.99963468719892,858.4281629976713,5276.336639917893,5
247.66048983520173,60.74963962059893,25.59643011019704,42.475569846887936,12.132563504878757,397.8823412816657,3649.0991310889763,2
483.8872476346507,109.23114438192312,349.46177298671296,317.1518057651378,26.79336456271718,627.4119919505519,2087.7055012963538,3
323.71838981218536,91.80555373563787,31.058661919023784,41.262811372375694,10.017969168684587,476.47963439448506,2058.960555012019,2
57.6531704561213,348.64640355834496,4.967786505468098,545.4094385377688,78.5121660587094,824.0791382387544,2566.4252130902014,5
417.86182045429393,97.9174815099642,384.13944167511676,232.9331380196122,17.847572204142466,401.51307918070063,3890.3814721690637,3
48.50571654409109,22.187493489068082,0.9238899135399362,17.173478569158124,12.97053348491857,389.9235993909568,2108.1552269361787,0
525.8275106481166,89.86174075610992,387.6792269915713,167.5591627660608,20.6472631932385,90.20371785012205,2369.028269093486,3
35.7923380157341,27.172307392453497,1.3278795649626438,18.748681734269283,15.01867171083467,377.26461030145555,2905.069982110358,0
34.607874028455626,203.57211908777091,1.1416305116247947,179.58539379771815,68.0854166484821,424.1393514675215,3946.397841967198,4
28.548817031545077,183.94196852019408,0.6629706750822011,227.73448038622647,85.52314207348927,959.1517903109548,5464.181559935347,4
79.20193903457414,225.8342795479806,5.563815852554534,422.0224110046663,80.32313612118602,726.2512412001921,2972.48452559201,5
33.091187725889306,20.690485010543895,0.71378043801621,17.684423496696986,11.904510835187546,444.27258911281433,2735.888841516522,0
28.72184186065754,26.82614680294593,0.9295896489695914,18.033734120564755,15.009567983702407,480.14085438202125,3959.3079588453047,0
57.36483151017952,203.11725462480635,5.1593193810488405,427.0839729908038,70.4521469246568,981.8516127712398,6854.293074182613,5
30.13570116642496,30.56844545025194,0.8412578423743544,14.429138940112466,12.978992325532001,478.3653028895345,3544.7057784300077,0
283.98477746007586,40.92945503373819,2.0127191861074194,3.8359842938450717,20.59273672740708,499.6785369005519,2866.2548830399487,1
52.03971633565196,274.136731185108,0.8515397764732285,257.30173107975315,90.31222832460396,526.2090142987203,4392.011547149142,4
23.934630715024387,27.884635780139234,1.183259299932639,19.740307712356746,12.152750902528236,495.4811215725736,4064.6860422991804,0
36.94248207098214,138.8014627662039,1.2073590865000412,177.83996216465408,46.55497808685474,947.1498619091071,3778.1142092436544,4
44.84971248222332,192.553271928671,0.9368959997506559,177.43846362482705,100.14357979255345,769.6609584571872,4188.339323705558,4
255.7686551955711,78.97169770575053,22.33922668752599,45.66683906971086,15.664416600622712,468.9963136510363,4208.993340619623,2
330.7726844202638,68.63020997711355,38.6941332875776,36.51413034045013,9.579761245663223,523.4487509400348,4094.4638599834047,2
37.5044344179389,24.997888385788904,1.0059540289896343,20.593982630505053,9.89908738689868,316.76621378451995,3747.854076474701,0
330.1641746531209,80.50018768077423,49.21435615212162,42.03364524695711,13.723062849837707,442.34171295044564,4188.417278717433,2
212.5667550671319,43.74155565591524,23.3437246376981,47.954598748704036,12.870150274991268,469.1420472555167,1301.7372232529015,2
282.61446884505244,129.33661868988787,155.77468366458675,183.73496852104054,2.9578540865073855,117.73933059261354,6354.532639620669,3
33.65688162546068,22.216779647509615,1.138653663578115,18.09345206030019,13.406128926790103,442.8327196829761,3720.4858899393294,0
330.28435729315856,75.10948601037168,29.999816254377684,42.19439958619931,14.779680207651175,326.5669782146169,3711.419548119179,2
57.35568060518255,332.94099169887284,5.955702090036482,519.3890690831981,96.84755922114186,834.0085075037825,6544.75820209515,5
622.0555880612504,35.90299018255477,0.5994937746738171,19.436087403292273,27.327768598987376,604.7567378378457,2875.586604058209,1
43.309854595560004,21.536950825250113,0.8434083892797037,17.894432912715306,13.810595931907484,389.0808108150778,3435.3144618949264,0
61.55438009604505,219.74485988814044,0.8628344638386521,181.21733956110492,67.01392892606681,798.6991300408592,4275.231794630572,4
348.0829494300687,74.1285411762364,366.2700813050713,401.519952003472,14.322038439786455,178.83438662211938,4581.571210802922,3
347.77751319999334,102.74177609835942,263.9694146018129,224.0872606832968,15.31453130212996,540.589064010003,4460.763279257258,3
208.61496831812804,23.99767770186689,1.3756394870950972,11.020037139662717,21.086672593904453,828.8324977560235,3257.646003983616,1
38.23827454837134,21.25107914248982,0.8437618551068092,20.982633881586832,13.134092568370066,354.363158749711,3839.6588630668766,0
55.87977856568072,326.63124491356933,7.179072968587113,497.04372348013663,75.79806555851097,923.1490141259397,4916.718926188914,5
453.3930475053547,39.78063360337405,2.1685126092353135,20.27721965488972,18.13385350870246,614.6556615872807,4838.799925917338,1
38.83100728736447,19.048381372006595,1.003769306682405,17.406173352780893,14.717168239627286,449.1266331530078,2815.0563888369193,0
336.12571369303134,45.35422188350613,33.09045736021223,37.047195272799485,13.074310837977647,216.30304687500671,4524.091578809748,2
203.65380179415007,48.862956593646324,35.648954045302695,30.54617320640185,10.459644038852673,319.08697161800114,3858.2803561414253,2
48.71852471502048,287.1812398768283,6.2405728450081135,611.0472500136111,57.597653220791045,783.4325910202365,4559.633055524849,5
184.14001445774477,119.4795694832663,199.63890214132874,346.0879720664278,9.854509159790089,522.2672535703188,5470.055430349024,3
767.1437474796188,23.59622738256897,1.245570515011178,23.060832293680647,21.881910655352826,489.30091059982385,4452.356359013493,1
18.915155701859923,20.207168639830737,1.2829283737834123,16.52434795882338,9.833299231429109,533.3791987109433,3607.2120194335835,0
99.87231582800322,54.46204475379416,280.9756474005875,86.95047450862262,16.127889371026882,256.38310965730136,6138.516744371542,3
39.298510739324065,25.354721998591373,1.1177033074197529,20.351221479989928,12.310494076527892,327.95027683622465,4433.486142247859,0
62.76294804764572,180.2692672714457,0.8114661295707841,197.97107463644724,84.09960359971492,760.8591016278557,4524.202855552668,4
32.72448175503791,238.54808527976436,1.31721659834424,234.07753329822353,85.70758612790002,558.8779088754823,3908.1770988519556,4
35.906086568041125,30.921592211539128,1.0239987420360157,17.679676519503317,14.60023489316534,538.1551175652106,3718.4665507364825,0
62.174540554617415,411.53490267785105,5.777002971898478,610.122404960142,63.56775143725055,853.4413136285096,4936.394358005936,5
283.48184658112194,46.609016861429865,32.74291918414069,37.00514109208385,9.910020262483659,509.27553679542086,3917.047723626902,2
431.70707337511317,118.16747495226343,452.5663517231658,295.70365999977724,30.37720377526345,657.6887970415897,1435.1510783263218,3
37.95193257755109,20.155441494131164,1.052894080587576,23.164977980875733,14.978973090614353,424.6056829946162,3326.1631485687494,0
344.0300192791079,23.35756876315059,2.137676218675058,16.865525411413863,12.881302540010088,586.462947697186,2475.623970814845,1
430.7750693030239,42.21301351159357,3.033697930021435,21.02573211312503,14.49131833107877,697.2556257584513,4903.007474229895,1
379.32342340867126,65.8874840550242,28.809171159965473,38.85544989681692,13.52895228961884,431.16732503693834,3205.6146749158443,2
169.19312061944345,84.1444658554745,30.104630997447103,35.529905400881454,8.33398683912062,334.8970156913036,4073.258171394878,2
404.8403686665629,31.721183956630142,1.0486379752398467,14.477265462504203,22.056929011787243,535.4001573002737,2291.1093364024164,1
471.95014237484526,37.145650715694025,2.1356648060266226,19.527585246563735,17.883533104136887,484.4834188240768,2832.681528097989,1
51.95835022011964,443.01644806377135,5.231560982545092,229.43001964230058,50.435068973933205,672.150993889635,6414.265382345819,5
67.11876379409281,220.0945019454548,4.4651021276132115,484.7713151131558,61.29869278813487,918.5746586895717,5286.524087567085,5
43.93574642062598,314.44024361708057,7.666663413040242,399.29062991526024,84.28638749222804,958.5304667103039,4433.624129654792,5
469.7382738192468,41.93449577198935,23.979626961709485,30.428471721918502,11.690134754884335,563.0147587692845,4246.908971394651,2
31.425119891879305,29.58453002002761,0.9768205776896797,16.84351488015961,13.260519543974718,485.93087002485106,3797.339794756602,0
56.84713381084195,204.38127469271566,0.8314080268308217,159.19104372917627,84.12113166126132,708.5071136702174,2908.357320996853,4
564.314088914396,103.36914374191404,458.6894733246371,268.1000152616318,19.550935778650242,446.53909465951796,5186.587768161462,3
301.78028771075384,46.35522993109959,1.804253791025703,18.935135077438474,13.302632063449181,203.97851446582902,2509.5354583122644,1
31.090727378697544,24.794858361815233,1.1748508134825728,15.201228667851925,13.822508248825907,495.5722645429056,2314.115636334163,0
40.927104536784675,24.57269703379422,0.8739765284556208,15.773900717633653,15.366244854431871,500.1696565562323,3893.3033048848056,0
27.776453659841852,22.643608344551954,0.8907084272110709,20.083139801357184,15.699154753079512,440.15779407900493,3388.298510229805,0
55.19727736849479,222.18511250574107,1.2226416201177697,201.0627044543019,74.29615240519797,969.5298308862956,5270.678079259966,4
264.9731787544198,24.84135418756004,3.286068094866188,18.933045648267864,11.513526019897379,686.0782798448588,4121.26174549925,1
36.68446064320418,25.894752965981667,1.236665230739783,15.117496823578808,13.884636780973873,526.4565628850722,4282.851497042539,0
45.98913362188563,30.90008088428216,1.057876982883475,15.939745533824127,11.663935908834823,530.4021493334984,3741.884581579455,0
222.74284418650873,33.20205618703057,1.0042418970041573,13.667397314265774,18.776406098185184,472.81362368351336,3436.219455769609,1
28.442435153940224,26.538295058798315,0.9301347752712883,24.411437685071363,10.350799350212023,463.74523956291165,2990.905367306939,0
366.29625824882015,45.66176117958112,35.6496318035552,31.422199980081523,10.360655827356027,630.907324273957,3795.6978775266703,2
280.542215568466,44.07973987440155,281.4379703825721,181.7102641054918,5.688090263446113,803.8044005255309,3166.228261611156,3
37.50702902065068,20.64089207447526,0.8931846937181592,21.700460669258156,12.98353672369738,601.3971210872015,3598.963279284773,0
186.90154758074075,178.59492988687165,499.31896622872716,392.8612137283197,26.035517610379415,485.20403730911283,5492.336253344939,3
174.27741638849315,99.51859671367693,173.89144923819597,215.39866799752627,23.82938725300833,544.4833683975901,1876.8372690280883,3
281.79721175606,56.74960118916119,40.04060815616217,56.73974495271047,13.301307366643355,512.2711652649133,3747.5430152433105,2
50.05447875674641,209.5353226559775,1.1993585371401738,189.5384595449703,93.1537054152805,781.7656572957457,4154.431476656824,4
70.82854175806763,272.48358818016897,5.003363533018367,561.1181777224745,95.86875386337206,1101.421311499404,5297.486521486677,5
58.30841919680568,399.2248304658637,5.217565300052556,710.0312149800394,95.5823964571306,759.237903323619,8229.923896285345,5
494.4501330517845,27.66834668293996,1.3799975024065825,9.440546768261331,7.956922224748197,350.91189751810487,2457.319664821007,1
55.46570672984706,210.31618126194965,0.9746628693682563,126.38353213915212,102.88264213186287,720.4949036690382,4881.915998296218,4
33.870466879701574,21.949785953699962,0.919069722711829,17.52248017735345,14.190680049581102,490.8234318221634,4183.66235067347,0
208.7407893362623,78.006305998653,38.53139561495965,41.87467672172528,8.991664331162657,283.3502297098567,2646.28063013079,2
54.83467184810964,225.67798782362075,1.163275188390123,178.15230195411124,98.89994788583178,769.8880922793998,3765.9317097181033,4
643.7680197734204,34.65901959886672,2.6168321392395097,19.680182786053074,14.861652754827615,395.8997760160309,3935.8012794775564,1
526.2907615359005,39.788127912145846,1.20101314396551,12.032404916039354,17.399634095461934,286.2521618976632,3542.8535959817914,1
62.31394420712565,406.2203823645393,5.037371510084501,490.2320478292095,46.86920829652386,416.07857931917243,6827.476775386747,5
276.7323283974809,27.117671666706308,2.5063634425349335,17.824334297378496,12.984601147005929,761.4757222192195,4201.807246795134,1
381.1143369473256,95.62051901143417,161.0871259078983,403.82978583992804,11.25973134443808,615.6351361227883,4173.068972172271,3
32.09624699546893,246.17836179607414,0.9627692385091725,143.75404096737395,76.46022483042499,468.88698321869845,5088.291071027076,4
32.60847881373199,19.800841550236775,0.7885045445374186,17.530638209744538,12.467887892315142,475.51304236464216,3844.3707462489792,0
210.740843950349,125.02244969351408,218.32422816468915,9.362006949549528,22.08715837666835,318.6542745879656,4537.640473340671,3
312.60667187653394,77.98082820491105,284.115910540121,238.6660912304782,17.031765168339735,427.7961987656101,2118.7452444101846,3
436.0407304643764,78.80260869195834,282.6101496866708,137.7773449009011,16.7088637219217,390.41668540299827,3350.0606684552586,3
26.654770660127912,17.226312115032655,0.8323923830515588,16.7615767306638,13.3842976680376,580.7631034639924,4197.236419749941,0
34.17765103729503,24.847140526992124,0.9017818456855915,19.204394944001617,13.044534691284362,367.2716109457108,2909.9137098674055,0
38.97030285905648,26.420659762968977,0.8147780369632782,21.894222936202862,12.948436038110476,338.2810643350001,3035.6763968233968,0
378.6450933105176,42.95665598982996,1.8635476215466062,17.01965178323777,14.105257786595077,296.8528534318725,4252.616026615137,1
306.80265666131845,63.4732023791748,42.43461470892432,34.685430976932054,17.686150876430002,416.3303659972922,2890.5235809699066,2
395.39409976464435,93.3355885046484,392.91746167196163,212.1965402928067,31.037038255261994,871.3845632476429,4285.028274850264,3
32.776065316080604,23.04779345179221,1.1218901931630467,18.652481243516263,10.272579674751531,484.7902021958047,3288.1290008279484,0
446.6650331805628,89.2524779401622,182.69458735806634,222.49722494205704,22.485349079463447,571.1948745951056,4450.438120867471,3
283.5715616784122,67.09125398899235,325.81987961359147,289.55189313111987,15.082040311492774,847.3671274121621,2896.114409237545,3
73.2922642947491,313.8811383242504,7.028413538294561,396.5015342804927,78.62080877727799,820.2835284515986,5964.349230337043,5
84.366580249371,485.4210005211124,5.2060295383824675,790.8823003273791,62.24658053371233,618.5071709844856,4277.489119677647,5
39.03615404946199,154.57657293035203,1.0948858879686838,198.8284876347745,82.66834948852295,688.4102260423266,5935.103557054497,4
45.98268953674827,193.68248022285144,0.8879716709624248,253.32465155700862,100.44151501623378,575.0887862549192,6194.586308819199,4
379.0038355942986,45.97922126219729,1.4807943007388995,10.268449239018745,17.764980553016134,570.8983192416692,4347.474913863414,1
55.41907644252655,175.18521303697918,1.1655573897386293,131.80539463449904,60.94765020700905,380.3317917525662,5207.386477620001,4
461.5101345484191,153.25457933257707,415.2314544683132,214.29048335318706,11.99122355199995,723.4703906312785,4642.433331537278,3
270.5903323421102,108.82924924012013,300.0136507109203,302.75690186006835,14.099437167903664,624.2738617533946,2662.8848121225606,3
286.3871095856785,60.51262530029875,297.40983490888766,213.64439187907035,11.999019002337182,241.15180302519167,1765.4082222192592,3
284.05326391976945,78.41770010264366,370.8136761480421,83.4961133168352,5.489466358520881,500.57501227859103,4031.213613520498,3
35.655363446881324,186.0720359833692,1.2268434060331694,173.11932285735452,85.17413352556093,517.5286746117578,4150.478601943922,4
55.4537934671527,443.89683973287873,3.776783073918806,486.2187993120439,83.68061249148995,705.8698633853102,4373.3115121913,5
389.9412974197644,25.890295158735622,2.0422977374126985,16.273929471155753,10.747797739709553,246.3215044416204,3391.1876169659613,1
191.8028701545481,40.24777509510589,0.9925337434257697,19.350599970062163,13.048676316806155,179.75592527809758,4243.50285309449,1
30.870529680703115,18.67574443287212,0.8760655800454071,18.668697932994146,13.623624086555516,432.897014096009,3514.0401694547672,0
43.667371644214064,31.463746452937364,0.97307211800761,16.965394232932834,17.069033013708626,375.27441646206455,3116.847409763854,0
54.557441990497686,434.0862497770146,5.015929206505073,557.8114716976853,85.45705580556904,714.5381834210582,5677.363798018236,5
636.8225724176405,24.004308019191118,2.3665046186820136,15.878374270004924,15.35852732670404,388.8113948726025,4440.156916266395,1
64.09459866186386,382.7704970706716,2.7040827889733174,447.53026798365374,105.8664412585945,1024.186728995409,2768.405706219026,5
30.830784477366524,26.648637272563725,1.0786281764219157,18.745940284187096,11.033191643826031,294.0680180272965,3629.3509361108063,0
398.55640961212646,31.69316527204997,3.456000655238822,15.097948095547524,16.340699296357865,371.96845388513293,5835.607653428289,1
37.56926567942665,24.027965277568438,1.009404745485507,18.290342286144813,14.451706085219977,502.1464370118363,3899.7786682502087,0
271.54619963281954,57.44821213304762,42.21649903229472,21.136950720166205,15.485599082590642,554.3689189247305,4858.140296421263,2
383.5327957796493,42.72951475374108,1.067173956152088,16.460712010677167,9.886637116983614,735.0973366780916,4798.247306312764,1
35.35479011481668,26.08419774508744,1.094693233875781,14.0656792863897,13.328690445649666,418.2498458352363,3255.005961948595,0
293.2829592813857,69.93897225637876,20.24332882083625,35.15100007221165,15.686445008149814,506.26627000601087,0.0,2
325.86502819729526,119.4683697240648,97.97609029593838,362.5920253462423,15.80070677095852,593.170228591625,4747.273025546966,3
395.53008969374474,37.07434096653879,1.2888892516806094,6.8813481274965955,15.675365086552608,526.6545969031888,5178.56160800493,1
32.27903082757706,30.667106624787703,1.0956300716346543,16.112887842837385,11.871193530475162,452.2127912691476,2943.057519334191,0
32.62045361927727,210.49781375050213,0.9039449942751159,263.68478591955176,64.7461802672152,674.7007965053984,3870.0200840046955,4
29.64172914755498,18.025617225453892,1.0148552231510801,20.51326321114643,17.774948497112064,484.85008611684793,3399.272983843725,0
488.7631010095507,43.60310251912734,3.562175779250246,17.743374856642507,12.938631892493426,590.7310855066194,4733.778752559838,1
395.06480318305825,126.35893053072213,295.9464360332147,230.7154818190899,27.64150614915963,416.36723053964914,4434.143064583327,3
36.1758289989606,25.007497586556575,1.0422933801091236,16.11356282284096,13.812427154328457,342.1314646688218,3672.966664008764,0
34.880902304540356,22.665474427504176,0.8392448009707384,17.04524019764316,11.68162386571951,471.78882882629426,2978.9538331577237,0
456.0445910760083,87.89169294417096,212.36971901089095,374.08117348591685,18.28701427301565,690.9608908525785,2964.6352605299026,3
297.820281774843,23.261105557845376,128.9171882309027,429.5517170792882,11.117023302235673,749.7336551918614,2624.9716034249823,3
268.93851398772114,68.40792412909266,29.46261977004398,38.27066887160071,12.492442080229274,488.32198052179365,4156.69351087573,2
364.29136866550385,47.59286379479063,337.8830218396937,305.0723202332961,25.844713718742998,870.6867171752845,1589.6546805747546,3
35.322623086852246,177.748588952829,1.6059676777744285,212.1421694476172,74.45136205475409,757.0904608341068,4034.6323320695806,4
60.93429312735919,168.5430157423356,4.27293831995971,412.42827522249615,80.38115987039285,1322.9662556126916,5943.479705365068,5
448.2928904012226,30.490537218107736,2.1888477833537525,18.986944488782203,7.881213671529455,481.37552922098587,2545.355520345627,1
36.01021086828295,29.24519608155317,0.6483553159316984,22.294221204373265,14.787630518973915,522.7544265127998,2941.2670977855782,0
289.9500937347632,41.35801465485526,1.8425731215738999,18.983944957871806,20.72507487797444,372.18880223472627,3904.074900280018,1
57.86453376091188,147.94904462805732,0.9681598128745929,183.87857142543825,77.69218244125891,734.2471697559994,3334.1205591008065,4
484.1621006013791,64.87559114653021,1.77512295512595,20.425968292549687,12.99207631043732,409.7251341750814,5560.6724050552875,1
44.00128096802797,198.57579255664467,0.9569812577226714,159.99183200056896,108.54333717482703,802.2359746263589,3562.931545826633,4
465.10185322426605,69.34577428325319,1.2845108439305135,15.86392848669595,16.884590226902464,537.2017036289749,6023.158441959521,1
403.26156622316546,80.17453392011215,170.62141671693493,283.7591159387981,14.639656511755067,525.5667625031697,2066.3594135465087,3
368.65196297749765,47.39706194634658,21.44874852347136,283.0353496870122,20.716453694047146,583.2129083015794,3183.467117359863,3
424.53296233676804,69.44280282914119,150.58884464978908,0.0,17.558112004055925,356.22937308864886,4442.934859842854,3
35.48366495677907,21.85975666064702,0.9108399471701897,14.002551416074457,12.13491890715933,425.83387355497604,4033.9359104644445,0
398.3450983233794,37.62040729074655,347.1239245587979,103.5195344646129,17.259154751735345,296.40655678333536,5853.65158073087,3
33.229042899140346,24.467487945971794,1.0922885150452841,13.32718666513051,14.345220476252335,423.6436834112603,4597.825506996264,0
319.68794617086064,49.580109699317106,57.05620105638223,48.856856536527324,15.912990397981435,551.4529463884821,5413.90010181818,2
35.86268346175506,22.59816223054215,0.9593659559393594,17.362448752199438,12.457785709478268,482.74383612355507,3728.72972241221,0
195.01540783776633,175.2576725047955,258.44089006408905,302.2314618720209,15.891686996605886,437.9163573377904,3278.3194004559273,3
496.58566790348544,36.2992701513196,1.6480906094480214,20.065897355494407,21.461973079954713,559.954570696237,1848.920597907277,1
38.17982964236992,185.58166522697908,1.0479778960236317,177.7341114283317,87.40558528620741,1002.20732176612,6408.389932741923,4
67.90060041733341,481.1512186561566,6.306856156890466,523.6860284997331,100.48374253411801,1021.2533867508449,4601.908928984637,5
292.04217957463277,67.93403320436849,28.944246129501767,37.55877228247381,11.93971635487261,277.81512102973693,2625.7880606315985,2
53.41518171659327,81.96644473649792,1.0379987150315688,248.0995911661025,123.66087315221186,802.4745873739089,6016.394720324286,4
44.077225539649945,30.097077251108544,1.0382820125283811,21.646687826572172,14.025311679263835,463.68881619060016,3009.5254599505292,0
33.75653611132416,25.661921580146675,1.044399098453065,16.99583063043252,10.310884256794976,472.1396951507024,4532.76911564866,0
24.717394937915586,24.953802651515083,0.9668549023320469,17.72076569334849,13.941236841286543,465.2252891669372,4111.730789318082,0
38.436962524350875,27.795620899468688,0.9593607804763288,15.491729248747435,12.176793795654364,339.6062307290946,3727.9522502348127,0
34.34370259082222,30.55545830372115,0.8884617656781154,15.779924953316135,14.424843002845506,506.9960003577591,3606.170070002756,0
312.15904805131424,34.340529406988466,2.1100053283990525,29.362105579246748,13.64861283793659,618.0681584655783,5204.456519722125,1
40.58522054685538,20.717731651965984,1.0009508593543404,25.01371906180875,14.468467459513077,546.7419791959167,3649.420896213532,0
43.49182646030207,198.33319309676193,0.952536385786688,216.00611855546833,95.05106778513121,717.1623991838941,6989.819475977063,4
35.51318828883238,147.07988760281188,0.7881193446016007,242.28215759888957,82.82647260763751,733.554394103482,6297.270599952795,4
23.604269098574086,17.447115269255164,1.1193757982829662,18.163264809916896,14.525937230547598,360.468263025998,3587.4537961408023,0
37.14218992862665,31.06327899436978,1.0196540674290129,15.293671252134835,13.76957235144199,447.59627530716887,2863.0395078111546,0
240.8558268391996,42.82158043669916,18.622611994004934,27.487193664773134,12.335877724333134,572.7268834031063,3181.674869509464,2
170.53297160746527,69.31796339179354,44.84196469524833,39.17408538254839,13.215720273919292,405.43350861588686,2917.6601648785477,2
34.127671329763906,32.058155800765185,0.9745420305369432,19.117239256413576,13.512234407159106,455.1106469370863,3603.2490074354787,0
34.628927996326624,26.25360673186643,1.0076713087828242,15.933054750939776,15.890387584441923,499.910355380314,3513.7899139921105,0
27.949984668745746,151.14986066739039,0.8291532278050929,205.82885710102602,68.04409557822385,935.5168548217354,4539.1702245171655,4
48.14506100955727,213.11959843985272,1.1337617015036547,213.94878901957895,101.5583093313213,796.37754754443,5845.951045245533,4
405.1147027694447,53.702882739606466,1.704278631305359,17.138695861800333,21.969265013082875,426.0303620085709,4623.309948221761,1
54.667111592106956,161.697730054795,1.0793860656011232,135.83631993245749,92.36712518015122,531.5575571794952,4116.916350063127,4
263.84358941583884,71.9284532796557,31.689542197915852,37.75268245786678,12.487218152528179,445.5145502570951,2746.7731602914655,2
35.580718893538055,25.005024425329324,1.220943035828436,11.382645252941767,11.022863242664902,369.87274621973,3403.8392503128453,0
27.816244937856634,24.289166831727705,0.8770369106843734,18.3006461593749,13.18387031975968,549.7240723857902,3873.5549032627373,0
482.5182981410816,40.73417422437069,2.145586562794317,23.339699994065324,14.807926066976355,539.4563609120256,2972.19538093755,1
60.61846447888317,304.14340655202676,2.947330937958808,618.1910047588376,115.39121687544255,1188.2222278138402,6611.180249422413,5
209.75644133471414,38.674068878269516,33.350857659231316,44.10971109030012,7.077796169139527,541.0262879616184,4406.08843396673,2
365.3796157015657,82.07440544735417,309.1867953636871,381.45610373664954,19.292411530046873,214.1991112317415,4177.368461507377,3
34.123628366930035,28.062909502002963,1.093762780187223,21.379657523126024,12.905221870861702,420.6099955762826,3341.284287707531,0
100.19742294623364,568.0517757466356,2.802371765444108,216.34336425169852,74.86141316537409,1013.4522967230723,5101.349488292561,5
131.79296815156312,59.20138802041384,22.048139215157917,56.16281753563726,12.530362913289459,355.9048684744888,3053.7650164372303,2
37.7833770896401,208.8024715060817,0.6722440686869494,146.36194478256758,79.35216986251545,795.6125510393656,5609.754247340496,4
33.89387742459343,20.440409034609512,0.7654783078196967,19.851522395241588,13.262999997342247,380.99608098880526,3548.0633740614007,0
299.81786166741983,34.24401477938222,2.7558235117282437,19.28582896039925,10.995882047932156,409.11641921778437,4028.9693388945607,1
39.713530894155376,31.108513553589965,0.8544775720522881,15.603221729570688,16.80514710627249,437.0842808980834,4358.063551715941,0
71.90598494594666,298.22528042648355,4.855215124541374,451.0677712835822,79.7925859697155,1002.9430222382014,6575.869965369989,5
266.4262124889676,140.56837554329644,241.51171733350242,305.29209582381833,19.131242954769306,630.1828279000352,4050.077507781511,3
347.5275575914532,42.99462471679799,45.86871291299133,37.37685474419005,9.286640321111864,482.66687385018827,3512.438346010968,2
54.74950920714333,256.69183463396644,5.420374017511325,557.9662597686785,86.88661749767867,904.4438451883565,5406.947177952737,5
60.70078867176306,331.7599526770068,3.9408148570652313,592.3912558626527,78.87392114480224,889.9073575165544,3547.5110104732057,5
41.961566243911705,161.61762279818245,1.0164368704135514,173.66842437495583,103.0368480969194,475.1219341476183,5300.98832931015,4
357.172656005764,44.09769153602599,41.9625594577048,48.92373374511452,12.944901861455367,590.1138026078139,3873.968481726609,2
353.20814142324883,59.54722714281221,26.43030103960077,26.51324343626042,11.310002411916653,372.94159992719636,3889.838759825255,2
413.7920693897216,36.70015335649322,2.623621426951132,13.483792681795116,15.790652052741823,665.7498766010267,1822.5428934915976,1
35.28065404124174,24.5531168600203,1.1754307220940825,17.517631043662497,12.542309021594102,415.8043180219438,4287.356695127518,0
54.079876422915945,485.21561904706573,3.3139545994789854,429.72281960197313,76.84250737707167,831.7501305136892,6596.160403869058,5
36.23674182085944,28.26975387444794,0.9157290184711615,16.336279602025126,11.491832490478636,378.1480896364834,2612.6665318215887,0
38.135289645229086,506.07293733722514,5.088994523424372,539.8801076756333,64.86327208940207,753.1588514097334,7686.490051439591,5
29.01799774426923,23.195345785504703,1.2156665409874694,14.862385315617425,9.555025657161885,324.32545215613044,3615.719371151401,0
49.19206431346221,125.4885881997245,0.831815886627954,204.20631538090421,49.12396392779564,657.6475340660079,4172.252066699033,4
240.73706364093215,76.64136283788085,27.274926747708495,34.164766212089596,16.909275637024997,559.8869228394,3368.8413920508037,2
28.11303337966964,27.51710504355137,0.8838022215606905,16.44210979728066,14.659019942224955,416.80704916821594,4082.1421408143956,0
38.65067415872674,216.72264299147523,1.1520544845326848,230.6941021862034,93.86804244156235,844.7866134073479,5644.51667697126,4
40.51032531007384,311.3519929184088,4.583353675985503,307.7195246045714,77.80046676935021,878.4857437387667,6736.91222110009,5
41.365723893365896,23.785781108925246,0.7462056026245355,17.952580368510898,12.104911500935723,426.89198664018795,3555.9426043700346,0
31.898788176691696,26.183518763463777,1.180878043133235,16.03147363809226,12.626292475857626,305.0579904926408,3512.16040290575,0
33.6604796905262,121.1132416250153,1.0525816405266033,255.32458164276957,91.42826191293095,813.861629548829,5411.52823878324,4
63.94684089870891,323.40873790080286,5.252446587328242,501.6155332566974,73.64633368881175,667.5456187219296,4250.505835249359,5
551.8929910199867,46.18969433456051,2.3224603125364025,31.833175711662882,14.148394365442238,916.5737877759314,3540.6164664859284,1
181.19239217966705,85.11647523592943,38.07624435092151,35.80759343326729,9.19817864206121,401.2993023756628,2598.720589095188,2
190.40244193493706,42.24335378121161,293.06850987643895,213.800989248178,8.520987059417223,592.0176598520986,1181.603779756188,3
55.66546945624942,365.6173475235483,4.751504503068513,614.0052660774468,57.759258145592604,644.3181547952654,5596.017744223845,5
36.59976466871076,21.100059601598144,1.1125676793709687,20.539524734256275,9.902826103826943,362.1028832867935,3669.033817710334,0
54.25307186378499,139.9090623965638,0.7963546472797896,169.36216239893233,92.05357346233785,786.9116414806357,5573.405010074097,4
189.80379844356904,80.2746567013626,191.3224842213864,200.66951433789626,24.49790229652644,758.6555640072186,2943.4180860956444,3
378.8359484219418,107.83034554141715,226.91788257890826,80.58343097729461,18.840502413896186,333.2118110847539,3110.562317063991,3
39.172447979169426,291.14406198582884,5.221239256334983,435.2657146544176,65.89446499548315,973.5546657634476,7169.270266029286,5
35.99667781239658,19.544415680283294,1.2004279150018256,21.369464959660466,13.469713597963773,474.5331678041374,2298.6421384680675,0
331.2875536424259,59.892185108096626,396.3133039927537,488.68518711346496,21.048828638091575,388.8843825442299,441.55637887479156,3
436.928646000769,26.389436085030823,31.602078347589345,39.96310974351608,9.656572523151663,563.4799706947525,4452.263352815667,2
41.02186247577535,183.87943519234756,0.8807579166650157,192.14284311975317,137.12712162444745,725.5065581236956,4905.220515333794,4
483.95975730560536,129.06392121876397,409.2658549196927,371.4256110962058,22.239820772236204,420.74798005865136,2484.152458347425,3
392.3086997224748,38.66099026825474,20.83492868379834,31.714458465663977,12.861931807727977,531.386804373687,4104.639802246918,2
496.1960512338094,117.2649131687944,455.8671767814414,235.9930027056733,14.542623237528213,807.7227325362799,3110.9484550720103,3
70.47157166852948,87.11822851597493,239.11335441685677,350.8294896808765,26.179305535420614,666.9891397008441,2056.499183461854,3
44.95910978885894,187.82357858931775,1.2219661524480063,210.87759013544357,64.75146068466522,621.2750499215831,4649.418945806973,4
42.569462938022696,128.04251804376037,0.9186270970890589,185.014788196898,113.57430816000048,719.9547183208047,5426.48661845749,4
200.2772328003759,61.18623356014389,1.4508645673080056,25.88403976596456,19.36724091388679,336.62060733477983,4362.325284976573,1
41.5822480422988,186.66624513476873,4.046529163812767,550.5207864722822,56.976029581787586,551.5991582120304,4018.215095910877,5
42.43472178704473,173.53197042189677,0.9934745954982184,244.26157274369785,95.60924560214278,551.9732619132669,5960.262724277775,4
51.833723604258914,228.11229690059267,0.8636405617254292,251.15798678541856,103.3486199971658,673.4727816619476,4265.5983446065175,4
29.01415517458729,20.801740467735527,1.0671720575084065,18.157340693525704,15.152351519614665,437.33220811232945,3750.1976122854985,0
411.66134149054943,57.79067529698164,40.08044792016112,26.21898658465976,10.586999216252249,382.6836753731523,5059.494482170405,2
99.22253186703085,77.3487507185175,326.08645077471954,159.88933719446422,20.57831751626103,402.5210458630929,3855.2166571503035,3
197.12924961520181,52.23299995953044,34.5105513019713,57.69083325770119,13.607978414775673,355.1109713281737,3026.6180510381932,2
39.873559205734544,22.731247326967257,0.9199149642439668,15.111668489517838,12.626005118956133,478.8826047469069,3497.808055894341,0
413.53451793094183,78.32034193970014,28.016225083118695,39.15010199063251,12.363113818990723,635.5248679984405,4104.703884864582,2
50.380117960766256,167.44202299696832,1.3260552101456726,216.1711753219968,94.72248645485428,717.7901727401313,6066.239784624772,4
35.734602638205345,21.937843347041593,0.8279751876748839,15.461402735900563,12.666892355659941,371.4655185140217,3687.512161893952,0
29.63951290643881,25.195649944965748,0.9589224241680644,17.0905536873704,15.301374127513204,472.9415868805075,3770.6658501479146,0
468.59875525093673,129.12462565099912,255.0084660393336,370.1598248935415,22.71203604157786,453.3468613639438,3673.533047787026,3
498.8465112452551,28.668727718046462,1.7646643922478302,8.859137588359005,11.94459308541608,478.9103092851143,4860.630757690097,1
41.81041850225527,226.04993650675175,1.0000949972733046,205.1242449974176,62.318997868011415,790.2670957402183,4265.62945778483,4
254.5095593497406,82.29902633980709,479.96835460380464,134.4882181269688,20.68331047731249,543.4689613831445,4355.3671458807585,3
64.17285044043557,167.020587558493,6.45377385104835,455.5355230036569,112.723600555066,1230.9580018136944,4543.152401174963,5
37.87698367144649,207.56670758771736,0.9590105114053901,171.0356310758551,102.90119413869758,833.8946372878756,4483.1160365187325,4
55.8293240071511,164.1264205484557,0.8878567769465538,198.05510058986903,79.28329628763156,643.6292578585052,4587.399369380847,4
349.3155626083261,52.7641123154762,234.2873752446822,180.13354838262785,14.851315035817208,487.4912636091516,2513.7515064990116,3
38.077667239636206,27.667099674223206,1.1190020852799887,17.05844230492922,13.02906123540441,507.9133719848579,3496.695664563928,0
430.62320221072196,30.823331903627814,2.223395336036183,25.013689567317464,14.487376231261122,735.8476579849373,4072.630184482145,1
285.605783723616,28.124848126454754,40.32779202004902,30.959108338509196,10.00995167500662,532.0562848259655,3935.46256609927,2
41.36763938154657,29.159386793095493,0.7611980496637817,18.81419122839484,16.13258195461415,338.0623493231985,3595.7315616984524,0
399.7771092254009,63.664174234138635,28.281788852349937,40.341579435407894,4.1779034127945485,335.2294501024937,3733.710446389336,2
421.55760169360644,28.853525729283046,1.777573769316137,14.571154980713468,14.237021779348002,745.1408084774743,2358.5493882579767,1
336.4967980958474,71.01335248539203,45.0349528575629,31.59376292835855,15.226906203836585,672.3405828548156,3460.708994201282,2
461.54836014485153,81.8590629491784,41.22256387317709,42.491705012881795,12.491166765174054,344.5757185821926,2091.4368148400827,2
33.07090314972262,300.75830605831214,4.679632988663468,288.9219047340226,73.63059019135326,434.9001994628856,4748.007114297877,5
565.0478236493701,82.38274899034968,230.9175666602038,217.5594852552571,18.602297689731888,442.5226886917106,3718.609511690425,3
571.2381720671763,35.89639950682717,1.003097048156894,8.935277292994853,16.147869197404912,394.7550516868829,2757.3830427068197,1
76.51192764451818,363.9744655640814,6.218170761825097,468.9744872768643,71.49298550095911,1110.5357952856484,6441.100257873173,5
243.58869483309837,94.41147710121317,260.84245104451963,410.68707439867444,19.463153534160302,217.6217829071007,4470.817558565934,3
245.6862720565386,54.84406992693218,42.01187581811105,54.998267972288104,15.571574114866927,413.4415217806875,3870.4360807242124,2
453.7258036114082,40.731727796261026,1.3780262605012399,23.064247695281082,8.727741815844183,389.910128678199,5026.324182943379,1
213.04529304965465,90.89648849009612,33.348448858686716,61.15629830062504,16.180558528830183,259.8084103951785,3083.994033922655,2
69.25941120992341,216.2048774848455,4.211784510533475,476.49931884014603,52.57260502206082,449.06762620943977,4993.026496328734,5
423.8833801033033,46.585919937696666,52.95336161446588,25.50758519348684,9.562796524330388,206.67232101139257,4034.9656027469955,2
266.01021565292126,49.38303205246924,40.72237953205726,41.71240824600571,7.732114053750752,422.27199330605623,3623.320253279563,2
465.5307076997714,46.44995590695494,1.4382072349728239,14.56141364433702,17.069551198384968,469.7519536051555,1650.231763948914,1
133.6994898175567,135.30777387347462,271.4070735991251,319.08265676854614,22.348552804273798,364.6731158230152,2651.30427193572,3
203.07528040866202,51.880284668465265,37.3800096852279,33.71680014611587,11.164900679096705,510.75624964094413,3377.385269888796,2
66.48795824653378,340.4835007518607,5.023148019091659,739.8204997807657,60.95524923156689,1159.8538113546074,5036.385974489254,5
32.53515190806828,191.0914752425069,0.8894993286257364,208.46040053729885,90.9812373535738,766.0427024390189,4412.40236141534,4
449.3299954850582,120.57712810697676,392.6219074917132,386.4761240938629,13.131116145019483,762.3200409271526,1899.5847793157998,3
278.4002736982004,97.02167603512795,194.22052060409302,306.9396999200074,17.587056786767338,600.9549293547637,3650.326771393779,3
541.4745494309977,25.576323806026046,1.4042919152996363,18.821009477611355,18.7222775982955,288.3536756236573,1898.4405561264298,1
224.90986115692206,21.58893921512068,31.096400926912274,45.58218575547538,12.454550915243935,491.6793502612951,4921.841752469632,2
33.43053994079745,214.4159498030444,0.5109067959969428,176.54988570896884,90.41274631021703,589.4332747221291,4093.419669234461,4
547.8250161147164,40.80730626376507,2.149348159205018,26.052010135729034,17.180040476617897,655.3524269929637,4848.142991377563,1
182.1125662516999,67.77277324176754,53.12197274314538,40.29750744658862,11.207986523196611,325.70852947618175,4701.167325352603,2
242.70850288753076,60.24757764300465,47.39826363816816,48.07487234022949,14.38761596406658,679.5108912225512,3048.911609528937,2
287.8883840290878,83.7789182127793,28.344636661158294,40.02149080427686,8.087951228316236,647.1315812913108,3622.917320028132,2
372.2678013850457,54.06464017298168,321.84106185734004,329.3150855710818,14.841682785874848,330.43323275701533,3252.7352693582816,3
332.10861135884005,54.3689975403715,38.11231709349497,32.76665340467768,12.195507199092695,680.9035945398924,3377.650377825121,2
70.16244518886995,330.73358267849704,5.891654165506209,372.7194641713812,78.71929245675392,967.6148572856525,3471.6296379030696,5
79.44387619405212,193.2221585429663,5.919954004653471,456.1321284308883,92.3415786359889,715.661526127429,5231.71099082169,5
39.37039432437407,182.30665820113347,0.6647173595079519,107.16125066918929,104.96414466194918,647.5358559171118,4264.7244309177595,4
29.53977968320288,168.24914603579208,0.5324196997704054,271.80417862947326,100.7447981651952,611.0066186703857,3501.317165392084,4
53.200132596399165,141.0580085505577,1.0740444372378328,168.33052773361118,98.03251375307737,507.4737616048422,3502.998496724419,4
477.5475114036293,109.57695460871138,322.6091873690366,261.51756475005277,14.81550761342204,499.70550816337993,3295.864325144515,3
62.882563719927035,210.8486901032552,4.64270036305421,498.7517317845853,95.13819539976777,715.5870390315642,7087.063583399785,5
43.11067341473743,383.1718139831347,4.478048783611208,429.38188727197854,80.29985231681064,870.9956378848127,6288.719856777558,5
323.3677956607212,56.7514246714764,162.80390884817075,262.1826181452151,10.884603595646833,226.59688978827185,4767.5066276249245,3
270.27617311064296,72.72609673444258,39.84891299446902,32.51317691471324,12.410097609981637,631.4007856215602,2930.9867286124927,2
45.68413483933811,24.673396858553087,0.9539375172498135,15.965475533035079,11.832248391786543,365.9981543369274,3120.049450855304,0
463.32505775517063,87.68124499114222,169.88501758410143,256.6328988214346,12.22771949320403,722.0653997507969,3900.723733282681,3
237.1736581578143,32.295057342140595,32.56228698794571,51.44593338827381,13.796502517968207,462.33542075444666,2779.6856394698952,2
341.74326178612057,24.608956252620317,300.2995158323939,282.0738953105978,26.087700588651806,385.33455418579,839.5761970148095,3
273.4275721437144,76.18685668986313,35.0699064529445,47.928471185176804,10.530443374232549,251.55233784460617,3948.232063917134,2
37.69814403383398,164.3346690748945,1.037892781627305,195.11055594769627,69.77282281864356,541.8391951958928,2611.330402583985,4
31.300465369933118,24.326457198132033,1.0295164144985436,20.21542688362703,13.173143538328398,485.1787897619176,3456.4470523656955,0
37.35370134635909,29.36990325830191,1.2471090996404994,18.83597422115475,15.238048460674765,372.31664562997423,3552.5465590955646,0
200.31880785957463,107.4833396623066,280.72186190933655,175.34568457577606,20.255415335423,525.6006705689906,3800.918816925649,3
258.5946674043788,77.29024316222356,48.74970622331924,25.498206297897372,16.233501522447828,325.28380360697906,2644.375897856239,2
47.309683075614586,228.999238393721,5.661481239308712,463.7867044403426,76.02768487168692,1186.7942601439643,6931.704943706233,5
319.64860741782326,51.06445086879891,51.864485358264496,36.52568829513805,12.397558157484173,403.98168180427285,5228.092449635089,2
486.65016880924384,128.18356204048075,283.4447567802699,268.3504049983908,13.252903887601999,246.57068377203507,2361.9202416576804,3
215.1574748981907,33.82227904883887,2.936711919905889,18.879451191173885,20.88149799031807,530.6780309978867,4337.225521944319,1
62.17398378115059,311.7820801030297,6.965919937242799,601.1946668179634,80.43713434675307,728.2921088881119,4128.769980532661,5
618.6466265611411,19.01690761049,2.616548642332293,13.890106805832453,15.461125651964206,445.0628571743605,2707.8667752005986,1
500.2452392682677,47.454496272247724,2.126518761252852,18.942721646228144,16.80139458739353,67.94135470550309,4144.574369073426,1
166.8721561741762,162.67529585384096,266.09468214002794,242.922435301676,15.842118653193857,414.5279601885311,6007.639235520715,3
201.9927242864499,45.24629254609784,30.072874322047337,44.77119537879471,11.033932114085596,385.4319156286333,3747.6879710755875,2
439.0861293625332,63.080335233771855,28.213417056460962,44.10368702671538,10.589973842953956,299.67667796835735,4348.458324856699,2
63.091845611756405,350.83722757910095,6.060501320254746,549.7021711521014,85.310484873038,722.0808490372895,5582.516624447955,5
434.0687201410568,41.145099079267986,2.038482081426892,15.956889870916635,13.824310240314356,482.73473087617566,3760.4656549788074,1
61.05136383168174,153.40611107323986,0.4158009370606133,241.7803817308509,83.84450584751747,578.7339021615212,3970.1537044623283,4
39.84899877172725,378.6951785122429,5.8491927229579,424.06788039710324,97.7500121801741,904.7490612491441,6207.188956013676,5
63.199755512330135,198.4556351650959,1.2064026195358841,76.68320947772524,86.48995652117321,854.3031895887356,5332.059241482676,4
460.14499925370575,36.240086382567824,0.15618183750722014,21.07335027023108,17.889688285346683,544.2136821607373,3683.0520213222194,1
31.58454099287064,22.47170326853309,0.8931494403380937,15.625324002620856,18.79142904227973,470.0819973050249,4078.8498893785586,0
88.41503164214924,81.72613312495342,315.72253460873935,0.0,11.84610649362768,692.6501453417256,5269.090769115239,3
35.81600397025945,26.319086531497014,1.0079733021366801,18.00022786134682,12.48472812956002,471.36336266294836,3547.465236856716,0
275.3919847928254,51.54187985171312,29.07364300691347,44.287477874535455,15.23243562815905,420.5255873887604,4422.130008181344,2
43.457419223812444,34.55997982227626,0.9392096101826002,12.7705372903255,13.347983649988517,430.6799508857548,3497.4411258479813,0
53.63339598978491,401.44789179834913,5.180984859505302,520.5686072072726,44.3256121180433,1047.5996974114728,5573.485897307338,5
415.26872203174236,126.22273139188216,171.292612521358,335.48598893438026,17.440725819921415,327.27651275643086,5724.165166594573,3
178.3806210364221,71.72610342071725,39.29672779207687,52.85997364678284,11.367510859931498,443.6953981869544,3857.2921139185883,2
54.74486286114242,545.8493929013716,3.4764761293813984,416.6693066508814,91.90047342650423,1069.3622935937233,5833.605724885053,5
47.16174119495498,375.87881256478033,4.432460980593719,583.2943763819079,78.883376814653,1255.3209472582798,6555.530948112491,5
148.7087606294727,99.31033004541095,273.5419922947293,305.40503803706457,14.53823078136593,306.0929043719201,3336.137080842881,3
312.6475869757274,136.25963156850727,340.1982608664742,289.9931799904755,15.464685469219498,712.62570333934,9395.249818322716,3
40.4619622368871,187.1429606966651,0.7281227163012279,209.30873236316992,62.24072210052531,556.118225602273,2683.177733955038,4
34.77231046640104,311.25035939191275,7.30594303444887,274.55479275003034,74.54884136887374,887.3689172828231,5574.056113293615,5
428.97425915229155,50.12853227904476,1.9749216632746924,26.02085774526598,19.856920453944543,446.6716611328141,4477.946840962009,1
534.3276594398056,30.928226466732447,1.4700802213069253,24.733447300299435,10.04702431094538,445.66516545883644,3669.153138137808,1
373.71725224845716,14.803724555702269,477.5098236507118,296.248429810479,22.390587573453658,474.880421834147,1367.442460826186,3
38.37746567211748,23.52023078927654,0.9992317199919893,17.558704173983816,14.70890655247776,545.0050256386759,3648.9158497269427,0
365.272095234125,81.1359272102317,190.0434671009515,249.3598383891921,15.218057747307624,771.4374958147465,3457.4298038521133,3
324.67304468630493,149.56957672096482,141.68598950051836,455.8144316768273,8.31064760551165,144.89634920505446,3819.5840559861763,3
89.37489409217274,317.1248318430961,4.978035299335416,410.1543981465508,69.66368835965372,565.5768804449727,3262.497710960722,5
320.7922508460669,61.22295418847234,34.71657632816242,51.04183382169693,10.229668643527685,443.86736440983117,2692.436238872071,2
38.322504051688355,24.960104962681775,0.7935418751383079,17.146266197630794,14.767263858333912,491.37516318203546,3523.866535380014,0
50.04268509204093,195.86181314576484,1.1205253629759502,199.52356596456727,85.07897606250059,549.770294211276,4103.928295424551,4
535.4130360711234,31.401677085903835,270.57143353450783,377.460274455173,13.054371446818706,462.75320817550767,4352.823714600811,3
427.469159016216,92.89299915259683,133.34229167619785,103.05042318843769,7.121675640381326,608.1448825719398,2328.196614975249,3
54.558066243325015,256.6791759233839,5.369864101486557,802.1251928155604,85.32870760672944,879.0775841008432,4335.531866265662,5
315.83271384344704,91.11677092214187,47.998313025637614,24.948720573293464,10.389785818970092,508.4668351638639,3634.989222136726,2
412.02035655921685,32.01696044371178,3.155007681041511,31.89356180087354,15.209309265966336,489.212790437115,3374.275018361553,1
316.0348965873687,42.244180083520774,20.595455221512672,59.927428008353196,10.072719960874691,444.20440650425485,3332.0392496113454,2
236.01175648540232,89.95161171315515,332.1588032539616,239.54445783650038,6.254448854141071,369.42890114276497,1826.0198837579858,3
231.84282485680413,103.9941149898515,156.2578978222044,297.20087055570673,12.095959998967256,660.6906921433535,3438.0079063797866,3
403.5800544551966,40.86709586474647,2.3351091089645375,16.143298582155655,17.46205037447703,363.55721233835203,3106.0171070443284,1
273.2058611888101,81.39490465350052,49.95842788672985,54.78329100440229,14.35557692018886,315.5990762760092,4150.6246814887445,2
626.8550791929342,42.797352071970565,2.026483337999356,19.67554894377255,17.508284507371304,463.34311068295915,4016.190168885523,1
35.04348002727912,24.235818020782947,0.7793327148422664,19.358231404617534,8.930373512834823,493.7665957586131,2794.2628488445844,0
244.26794930800648,82.2260339181319,39.198591572894394,53.731749178886474,12.790275784956478,469.35960118888397,2833.6470187105197,2
70.85496322112874,184.32619944957636,3.3300596239036007,499.9402943710522,74.3580929796836,787.932038812879,7676.920156691282,5
29.865889778729024,192.676034401746,0.8881482360260502,165.02000189964872,69.39229093859078,839.9901259846163,2731.0514651951853,4
397.4235950793666,103.48852726413928,152.80942884276828,194.2203731847491,16.653625526131986,406.4449579532518,3878.053755870852,3
50.69560287981785,162.07541702514362,0.9134236253638057,178.7091437351449,110.35753970051287,660.7198656723896,5735.1988625078275,4
20.047017509516674,242.40682938391598,1.1272800870855857,298.45905656096596,75.91813144606289,453.11691520915247,4506.496611052658,4
25.179970958337012,157.56189092659133,1.182942342763653,169.54565466970496,116.95938980640533,580.0673123053775,4953.06725023481,4
263.6000008370845,55.226902918011234,21.363848802477328,46.49877973492566,14.038207274179806,581.2147835588222,3299.053819955475,2
291.7555348588406,125.02331618639988,339.381385749386,181.01867754858898,10.639934473296274,502.7586457065636,4665.809767931493,3
357.9098287331716,151.43497435165284,223.64806974746745,193.69482545522618,17.669591671078347,561.4097697167679,3689.4530806043317,3
30.16553541150208,28.2063224661148,1.0959439614246853,19.194873185350943,16.624297060791932,492.8875521431362,3999.607687604341,0
34.132253294390694,198.01950945767416,1.2862266030058498,134.81029814843657,108.40184991389667,344.8105477956046,4139.742032836638,4
437.5255095129762,32.3347056081819,2.446600153249806,24.651375121104287,16.47334992838893,443.18788247311744,3392.41567624783,1
273.90621016475757,75.95497431301321,209.48440292210302,221.44757264626614,17.355843314820174,584.9120908379268,2210.408160433784,3
413.7166754967394,118.37724384943789,157.12470483961468,195.82559624263308,12.306491197538183,810.8558771571015,5136.704233633881,3
280.72007091362326,72.96877793291485,34.12635297862493,58.08299094493722,11.530384266854714,432.6663815833928,3541.795287503598,2
234.2008419810968,65.08442848861672,31.867025056906506,35.46242265237254,7.991814734833783,468.9286663006245,3532.368319117485,2
510.02947457003495,64.19675251367507,232.47018832749487,159.61431775137856,10.251349723973192,616.7366988418662,3631.6022746100857,3
49.142709280945624,169.64869605176474,1.4162335488594926,250.0143929806799,113.570646128401,793.9899764927377,4119.606836543529,4
34.330755297170846,226.97679664239584,0.928412949160471,169.79881849820663,86.95210145816748,816.3579809348225,4986.417765625256,4
41.56835933357917,201.76345436876494,1.4608075367752706,156.87997916875372,87.29428591032494,598.6737855314241,3717.116709695284,4
400.00662242496213,56.54795710332544,33.49849476421814,48.54959753164689,8.020953995851967,434.5984312466512,3278.454364972528,2
81.72603108953419,371.61697384828614,6.406316862109519,702.8552823531727,61.278059394332715,720.6515023204117,6069.454170620518,5
120.87756589152121,70.43065721790973,19.178576256054775,44.26768922217504,11.379683509344318,474.924967083112,2856.690194396381,2
239.30770626243566,67.03304403812827,33.40680936820048,11.303799751450434,10.545893904145373,584.0836936163736,2144.3296751193966,2
341.83885218634134,48.348732695905184,44.56842764689233,35.99371080229989,8.869949449148056,410.97531737841285,1272.6457308111894,2
475.2531520178999,38.99024464001044,1.407766907277868,11.011761347653719,11.795756252176664,561.3480885032993,4586.704213299951,1
32.98111192240594,27.480168212093904,0.903768591882573,18.624461461407087,13.371390393721384,495.36771626900946,3856.5691563679243,0
32.67668751256603,30.45642091101517,1.0197228725208178,18.69721782297128,17.2859078455068,425.5804927725184,3091.7940682005224,0
50.75210121888039,117.48088395240329,0.8414942653413959,255.57380483220217,164.72234514671283,867.2569451079844,5433.249069225856,4
244.77941687939492,26.463772741278103,2.141071965890999,27.29289449898616,22.271920908729214,592.2522365910888,4127.511467581455,1
316.714801137083,15.875821409791298,3.0515885327305634,24.954281848551858,18.464531915736437,619.3524556962442,4457.447532159478,1
28.78332625753407,25.32439578220548,1.0490514803183972,15.86018025776363,14.055829216784806,488.5112499393477,3933.822985919262,0
223.97727571393247,109.46032313477407,257.9578118244128,228.55658748558056,18.308311874061104,512.4713252262487,4123.6972497887955,3
53.46966054418795,336.69428194923455,4.367855997551061,462.53820846273413,60.177849252632114,924.3026560202214,5959.453427428835,5
28.918371144728,177.26188516914803,0.9604652234636195,223.19239376192832,90.36030423930309,781.4610908235894,3378.9642573948427,4
33.410837972019436,214.36235840235653,0.7249733523022808,221.89947335289938,119.10436557757224,926.6928724750388,5164.085331568883,4
436.4980535423412,23.055263048691764,1.385442599384682,19.435273612593086,17.266426293858245,632.8587029395809,4492.040915638429,1
44.03404161362141,19.816819317336098,1.0589241202389879,15.190531364274657,14.996863885772722,441.1516510785784,2611.3108540423336,0
375.10469146429523,137.09315487259786,223.51522574005688,212.35837499020772,11.232934712388607,408.7292540470044,3227.643994822201,3
301.51875365458164,62.61917771251807,32.705339987801715,64.45978611438028,15.915031466539276,377.07785679813884,3446.9060743982227,2
47.71507246928746,160.71597823564565,1.0267433615493025,229.17705335728692,111.48122387596646,681.4765911891793,3017.2404205323505,4
70.44749886443192,326.8689135330593,6.36863545573104,435.0090398237075,47.924539314755,1007.3370756190964,5364.293420706031,5
31.05115544264552,21.59086416773742,0.8693175891961279,23.402600374293414,14.1184642910561,466.5625431071849,2640.7449199751613,0
44.07566263312936,21.29928595589411,0.9632083231086835,20.098811455366707,14.9130087563799,424.6094651919683,3527.735599161338,0
53.29042789497795,286.4822146865816,4.039481748138709,544.4316567182718,60.003308034071274,653.2121956296149,6671.2682537877945,5
437.58838328496614,22.40628082884763,0.11380021878515367,13.736529352463208,12.876631585253614,392.815273746437,5532.25813441247,1
72.86492242749104,261.5978489765551,5.750111944078252,704.096876716154,58.36328039698458,1376.646415018645,5701.413231759134,5
51.99341936838193,182.83688065700792,1.2124624770544261,185.71223687677124,144.8158606562006,620.971578713646,3687.0030074197152,4
272.7543946099192,86.61273335255653,28.084099280280544,47.428273399555536,11.820994558318414,422.30962208332215,4284.89168993248,2
36.3229376488351,143.93740524220706,1.367629702953214,274.9738547952057,89.95235163757013,739.4133047130098,3617.227748666683,4
147.74216884882557,43.50807169829244,43.892828022231114,62.317861454923914,14.179189539596875,449.4151080585816,3300.437577520127,2
38.45391205477419,35.165295727068724,0.9679293162864264,15.845716538230063,14.89837243631898,479.63189448375044,3315.5736883490476,0
387.69257198199665,65.10933042736815,36.79951555775255,49.0064708285544,15.278614854278135,550.1145858441894,5013.003712353832,2
410.35046034700065,22.60375943258835,1.9305178940169403,26.351316896850893,9.141991181639204,450.2718107888823,4968.222676475881,1
359.0637619063544,55.176963230191085,25.745520533924932,43.24851658511045,11.02012999929659,442.0526974054812,3430.1093097834023,2
328.6281965678045,37.101212149684734,29.269663138537744,31.59514837671081,12.065094513179748,647.2032063998173,5570.895199315033,2
53.501583421196145,248.53684923133966,4.720891156989657,245.36660027154056,67.21416620514773,840.8413701324874,3803.2622561538547,5
41.20163608944359,164.54817171820667,0.7979684652577382,153.84865037917876,91.09146415662505,742.9240713700152,3214.659020594445,4
355.2993937378476,94.67746688464244,26.71320026292792,29.779127540233034,9.36673180341427,644.7129034018965,4664.178668252459,2
399.7697919989135,38.18640245857503,2.306908221151515,20.849940184346156,13.212625605373168,432.12827505507306,2867.9834259038394,1
347.334745309958,117.61610774189657,305.14172574170817,181.10211558630363,19.555179753526662,417.73000524044687,2346.3222610909056,3
302.2187314159595,61.7514013180885,36.49298698166697,53.10429500831518,10.202406794901233,427.993480633159,2277.865272057857,2
54.32130793700668,228.10774123721254,1.091796153773328,179.74091540459392,108.72587217995613,765.1930583189696,6843.030999126875,4
405.2140029221749,37.58244674865979,1.9827930273951204,19.684327441667666,17.75869894396854,401.94036520399186,2719.63757737134,1
40.3856434251475,25.145924525880474,0.8732432008046274,15.074013166133236,14.72367029997575,475.60140231964857,4295.158800266736,0
509.4582875172135,27.41905733276453,2.1345736396501547,12.362285427561606,12.099949058027777,382.6204755796394,4824.353019362582,1
56.417268957087735,223.30066361914746,5.2321350469345465,450.42627120982775,116.66235542220988,516.5002988116511,5409.923259406097,5
387.5134934469842,54.51102409429279,25.329457642846716,22.37881987527456,10.062104604318675,292.71661590905694,3123.890726216387,2
319.795038004056,44.50164444628579,2.6974778028091975,24.227886993323885,10.67551646134056,682.7172679566045,5201.4304216995715,1
32.21626071119262,259.4684080747027,4.8778883989091355,386.8215537595063,55.22579603749213,915.6942639502844,8359.394033553264,5
31.74675384582478,26.766761100249738,0.9199821479252913,16.888576530016234,16.861549543587014,379.7604414554107,2297.098621298075,0
201.49037571056388,71.4616233552566,37.14685580000864,46.11061200073942,6.481035030592607,289.38983110406565,4313.474282237258,2
47.613919641151895,159.09891608525342,0.9747305977744912,243.44947619331356,106.81766063521746,494.7485532864499,5970.855459304704,4
40.261473245639856,267.5320728929151,5.470568949012734,473.7495281632199,90.42513864453721,1117.145702728331,4872.114184264326,5
357.58433045160274,50.71024013065203,40.16522207735887,33.38843271386359,6.462363376119527,474.1805815108827,3264.441661262921,2
487.9490268925041,37.788050815722954,2.0537053998582886,18.57644168541559,9.544342681231234,342.43514272994753,3478.503490593861,1
208.72957530168117,88.49294903649069,438.14758312742197,342.24954804562424,7.66270293954248,736.485740531685,5741.958596182728,3
443.61046552453354,93.68697116150926,185.46455255907424,102.32532671370379,16.91571058187526,277.88920001154105,2057.3020692834784,3
35.832333378152754,27.34596397737751,0.9535980190419643,19.23329314140501,12.609955523760032,425.49386535685767,3393.861537240902,0
370.6805373784565,33.280476906716885,1.743461381244725,35.80844452649,17.501604140847494,413.21273644539343,4330.6663225495595,1
30.76702044140541,19.899087109029345,1.0586087539133344,19.47237280731106,14.486486932896689,515.1490082591849,3647.448524023593,0
437.5180550752108,72.02996584400348,291.77577147114624,288.95611214661415,15.478533297593103,646.9492388979942,4103.328408795807,3
309.2282321930737,45.62688602141426,427.3137385750074,348.7721405057192,17.80256362177076,285.59275496704873,3099.836076469701,3
93.62287333704504,302.59063201524395,5.6880164871141154,428.1804816370798,76.60035408034396,560.8722239929243,5199.311632442375,5
187.90355113078974,30.79042251465275,25.48435645208731,31.883999488078928,7.156556237728832,375.57300913931306,1836.389105136591,2
42.064784012655394,196.6383224190076,0.9847271001136567,133.67793132659213,70.8942618109902,848.0792185410461,4575.495913060125,4
73.0025546574202,431.7936121730055,3.0699065425260326,546.4671070510756,99.23667019386271,1129.2838481880635,2474.706732016408,5
238.9930475214882,71.37119980410137,29.30882103910954,35.47381060346056,11.263349504397944,607.6421895853696,1951.88629039714,2
334.637877664755,38.274632430444285,45.86432605036398,35.90749693389817,7.7919279677907305,643.4177346841803,3637.7080461515334,2
33.7377047153807,25.382617364652155,1.0118483074510014,21.060937292643093,13.241332107492765,473.7623268466974,3066.1413393053126,0
199.71260902134992,66.43204826750865,44.89963416713521,39.207959590119884,11.392053020099375,502.9456406197905,1823.665787580821,2
53.81565840798477,149.12559546621728,0.8845042627542413,262.1827780772495,87.03907444668744,704.2183440952288,4342.406650743916,4
32.6741861954823,24.851101441198832,1.0663681907454567,17.178047740287,13.139737250427196,456.2338975821759,2562.705400016602,0
283.6239525861912,33.14815751986203,1.5849381541986123,29.012175511058782,18.372556569329536,573.8218493727302,4508.625496957907,1
67.45397273519795,218.84389213736574,7.2384951107638065,565.2602896396369,69.60005829376638,689.5230421579547,6600.299433561924,5
371.54516339910435,64.41341488065154,222.19107981161562,439.16990585399395,16.404451859149496,370.4695317485103,5473.2752202004,3
496.73202601601633,17.698340018403055,2.880849093599178,24.71910050799098,14.824904843462022,572.8962270232015,2927.335356811836,1
36.95566055893276,165.8531208917783,1.198567775739259,208.59504694441594,88.20558846202555,499.37373220438496,3471.5623861226613,4
304.6059367959702,114.64572791447227,313.79207363319927,300.95585314462323,21.536067316327664,328.15484651726103,5251.713769367248,3
279.08219983023304,55.25065792407213,32.80565282594449,49.92476613583054,15.675484365299567,383.2776909166374,3081.5562318610723,2
47.50111462676739,245.3915695789794,2.71768279270856,404.4941702827015,56.449592716647686,926.5587375728416,4176.031336849149,5
222.99987128487024,67.89835875740361,39.88948120624526,43.87625771514748,13.196938904217703,494.93038778190277,5261.002361745938,2
363.3749183016292,88.66395413477935,373.7005356479554,311.4514938643679,26.258911604284574,384.08913698101816,4334.716208437046,3
278.1107457410893,108.13496649215308,396.8995660653655,245.25614736695954,21.34639899520829,508.1130133436985,4070.084518347501,3
48.42699241179964,174.07151919196767,1.3998754530740203,232.08670525760957,76.50810154862545,503.9856810495284,5010.154201790342,4
35.487806287383414,342.6223795430707,4.519721437441276,426.2249100354346,78.22478906111635,740.4101570659514,5865.867818366181,5
352.8336474896764,49.357716041253425,2.030991028668389,28.57719184741064,16.155125245693885,602.865503453147,4619.766072540703,1
34.71764160820382,31.62973717592456,1.019541178220933,20.653396679762256,12.95147924306778,370.0162957668509,3078.836948394519,0
491.91465432714796,26.999088999816603,2.654395961652879,33.26384526435944,14.450622504128736,164.27373732373317,3175.1968561009016,1
188.511067485464,11.74896052912442,272.9222810099702,348.2121358137344,28.024950409741272,347.6052287367812,6291.451477864947,3
233.3908801433288,68.85624273234731,335.609750176305,195.48453419470013,16.307959118141017,653.3708793290026,3157.3005220968735,3
74.55266447713052,256.2165853660485,4.318052261781443,361.35759239234176,62.692257782608465,585.209803341031,5020.371365868984,5
367.15552050186784,43.29857610873939,1.0802810729883756,16.897914650273837,18.078170609028216,391.571792350411,1965.9603514322323,1
526.8627124289638,38.97571290029937,0.7731630421971076,12.647649203185352,21.755561387222443,537.877672763349,2931.096638617536,1
477.7136772663474,33.171167096677415,2.0829340552845816,26.524727720890787,18.884178324168623,456.7121755620604,3036.2055895588264,1
24.843713637506134,20.24494781183501,0.5875485970554137,17.367861049336135,13.604393332744795,421.3487670897219,4182.59468107606,0
327.9468189658505,64.85211125238507,34.49639670342321,36.09635675400335,9.315738037895702,543.6869848837675,2616.741763224349,2
68.70466682925195,73.64689705483659,199.25862861927746,256.85306052715646,16.722183828942,475.24255861652017,3661.507841405121,3
64.90082316830602,213.55827758067184,0.9743174834337386,327.9576763913279,73.52685557328029,863.1302934905506,3120.5929888375967,4
282.604899488722,68.06886564062326,312.98133397904604,357.4019884707573,24.546606138350338,476.35521959133996,5095.386415533694,3
64.29013849729166,260.9955883823352,6.426126398010767,481.6343301977991,57.74067472852264,796.8987362831219,7707.10545015688,5
34.08559314752397,31.254578541698198,0.8344388953326989,19.585599750367535,14.67074055396158,391.33931076912717,3695.793901903948,0
612.4434999794382,79.89795620329734,426.56331348977,252.34442627295084,24.68486862289625,379.51619059848605,4754.141301317287,3
170.80284790609542,92.84174612893807,156.36564388501574,88.31136451702604,11.163369968303357,764.019858865695,3530.6839599343775,3
371.03727087815116,142.90147570532673,64.20707757835852,370.26623139916137,17.117148690903562,170.3218816609965,0.0,3
51.72217755945128,164.7459551748627,0.7540409352067227,211.20931125892787,115.76906374094261,609.3076418263636,3844.7784046622014,4
332.43128824798083,158.7737320711137,218.81087911180717,362.12557102745734,13.375645843902422,694.0663502673749,5583.5467058599415,3
185.37428517556833,42.01484411227482,25.890172560448082,35.55690547804316,14.810906986767606,526.5157927719365,4183.770678628778,2
81.11923323896067,346.5457237421362,7.14209279896038,491.15670513869736,95.20200679224232,996.4619264038832,4486.033979147024,5
198.19555798074396,55.67077681845759,47.63719096852082,21.329398191050352,13.681373324876414,521.2002583821927,5521.533880560501,2
29.148260943893384,24.140152549178843,0.7610808610417709,15.535229435859165,14.476250696829187,539.0333908475443,5116.973865063932,0
403.0961510074002,128.63097138033203,372.9917571461836,196.76949749716007,25.429982569966395,413.62310601758816,4792.029303900071,3
56.827503808547206,107.58702043634426,3.5790168861828695,464.9148648337531,81.83867132423822,497.3233449626729,5130.3177797814005,5
55.406544517911385,237.00296145226315,4.28763319768357,396.0193604685687,26.982997163778638,673.0578489208114,7282.872689775765,5
339.42061458448075,57.59435046082105,22.662906962373608,44.55202724637142,12.650885470843573,433.8170726436298,3665.355896390448,2
429.39270724533617,46.16684374874103,1.6087552583583233,16.229553327818806,15.81644129077663,539.8002753982253,2860.5185908390354,1
337.9556787213045,62.80712980155323,23.49327217092118,25.84833226517486,15.367679610448047,597.5381805139034,3998.691038124369,2
329.4957280768908,144.70408450242164,268.4697454389247,219.3630322772196,13.784147206856785,182.00976990397328,4276.441627278771,3
422.82517955924277,131.66552025547398,428.26289412584646,104.01185068000254,12.284746371713277,644.0496696392779,280.8874849618935,3
69.49707597274266,257.1957708959137,4.886742146673529,453.54019108423716,94.7834762174666,762.3918367190053,4452.219060053893,5
403.75912766963523,114.69988625244973,252.84720791022306,241.21292556593832,22.797238415690643,301.23568479426785,4178.689139072694,3
395.1589136159185,11.950570661516808,0.7865317663739124,20.776457221375214,13.388717986929715,320.759733770095,3874.707142146258,1
241.54922237867078,11.512282263376777,1.8535347688867392,18.101807461031335,12.069167431379348,511.87803657257683,4250.4973828096545,1
312.3193234654273,96.84964093767331,243.96543711785992,262.2354833138109,13.943340462108182,964.9416610072499,1976.2601199398437,3
381.8913321997171,141.70850024686231,163.65465490119809,135.19999872444333,25.915439157303098,547.9479827527749,3590.820339237587,3
287.09800233836796,63.44184711666993,39.10844321138848,49.213301978776855,9.923537784921399,381.44630517096374,5042.042428762422,2
437.08028273028407,56.33953875945855,1.3858113429800656,21.21924160036343,11.401541599660602,401.2313201983207,3743.467049014589,1
201.35529952153783,40.55268868053844,2.226777575620444,31.44769096008129,18.815429802738038,419.1003471615596,4732.599906332914,1
42.70152229331159,210.15597120760708,1.0279721161518869,177.08114137842503,77.25536490674712,757.4328782190267,4425.734037765958,4
62.41700027677313,284.1732270324036,4.552744012354361,280.647371667224,74.54182059625647,1102.2960389900738,5274.65350721359,5
39.999895232161315,161.3575475588687,0.8873545846109208,181.04787290369225,67.23998380279323,663.7778640408719,4176.71397751307,4
361.9236414654512,130.87691739801122,301.08021497330344,298.59705440120257,16.011381634304133,520.2672195113662,3036.8144225424026,3
229.66401647780765,69.15195755695665,34.6198069480469,41.66448843948228,13.071425773286617,327.2226543409726,2872.788204759102,2
36.327645278591966,23.11015846971021,0.9057900874411939,18.840922652619284,13.155815581728671,466.4770462560387,3747.5301723401462,0
233.16684130783244,58.80230453841391,34.47225028525466,69.96239095398143,8.768316376575722,486.3315426014048,4270.269661782718,2
45.19617157874023,442.2613093767188,3.5511230172792874,531.2545100217746,66.12083772546785,857.399340919945,3348.888050806924,5
349.8169742790709,144.30802544520094,334.33035084701606,22.54073139260418,22.040213402971162,402.3234374682494,4518.4543019487965,3
412.4518181279724,66.99739225124262,40.00845719525684,48.83399568932427,14.313108650279416,412.4923554283778,3952.1111762486075,2
33.00601581310305,22.176655310392672,0.8658480930883707,17.11909258643779,16.99771909573746,574.0236005954075,3418.59281847832,0
428.8085815170496,31.926606273574386,2.454271021204667,25.212216051390097,13.381522445997117,527.5642529535667,5145.801079149645,1
29.311886546126647,224.51035512566946,2.739760527091809,555.8316492467509,62.00471655376589,789.9344253351157,4918.423338494308,5
270.6716370343284,39.454605443279476,2.0115964542004336,28.402195501287984,15.0303054034573,369.3154360855488,3518.550124356898,1
440.7770289388517,39.83229571406816,2.5966102808745912,20.49630921117913,21.345728978858713,524.5554489254291,4511.570070615267,1
38.83160114233153,31.78342953281039,1.213799341520546,13.609571880708405,15.52219481026802,545.99217861984,3353.3226104011214,0
456.1137791881226,40.311793177621276,2.900961123578716,9.760176161994334,12.93716276451079,602.1863191759445,5562.321986947659,1
277.2292099519286,59.54359252646036,49.76996011284906,11.657552173667817,9.12916695303269,460.6371969210568,2695.84753270316,2
218.93304241943449,63.57864165075706,27.581473957433914,38.11752961646433,12.965374107145486,67.99811120575556,5930.400736666708,2
290.88249710584006,67.48533901076615,49.37492147746535,43.537504783724955,13.931978035593705,542.7166522458369,2633.460771712317,2
41.149047240703425,27.815758707742223,1.2730969236470202,19.97309166607434,10.698715463128195,445.48066082937146,2967.1161159987996,0
50.973468693168776,208.09991481561997,1.313999078676228,251.25161424678825,125.01850420556218,786.7795572457147,4705.929532744765,4
88.23973533979073,312.2283523997431,5.078844591881191,478.6242694007835,103.94600120969156,900.5659462032954,4357.239413699765,5
241.6565460157189,57.112101457151134,34.20405717057587,31.693022633982267,5.9307442409008235,395.4931648989106,4032.8387413153728,2
342.43283028549666,37.946765668537815,41.44049117021078,39.7950443782717,8.82408819613891,220.27033844478237,3573.761816512523,2
370.10191697556616,51.97455818537438,43.113231749776915,53.60901587477053,7.0702590904336,530.4196658113219,4586.6229097465975,2
341.71016897397703,103.51170014429907,223.55259758109023,278.482895248436,30.780468775774928,711.8693340686225,4314.848100336629,3
33.420157106271475,286.88475721786426,6.5990774937289,511.03555882772025,48.40668572262063,1432.7165653163709,3570.048928881327,5
37.166846210878944,26.61557876127956,1.3212471401305692,16.902679455761536,12.924290268949772,395.07034084326824,3932.6288881907676,0
456.04880514375145,78.98661498792772,355.1991923766162,253.6622666309668,27.396869053627228,725.9060042118963,4168.876750768899,3
67.42965062561149,399.14375963467734,5.188094902510768,326.8593253933682,77.0171026793769,1487.492151392084,7339.806925084122,5
35.05767394601951,28.296077603878345,0.7753940244858195,14.462198775633315,9.720770133757092,452.2069277045958,2996.1148587084663,0
62.48377715783429,155.08089408528141,0.5288809291227872,241.20662033941574,117.00905604512208,932.290196203313,5434.5132038243955,4
53.61181899550656,203.301549975777,3.067750505000803,843.1981910034078,102.71575208293706,1201.5410775505231,4323.0111509170365,5
337.3313824548992,43.20240265484929,2.6315866505693366,19.575706449653225,15.200962264335597,589.2028367007455,3950.2502067923347,1
337.0107261284006,76.84473904517533,424.82795740081076,292.7179059766876,12.915184819959673,516.5395113393253,4069.2809098966513,3
298.05879960078664,65.88261569029714,241.20489733088831,214.77340975897187,14.301746336277587,256.1755615628055,6073.764729962683,3
372.06656401209966,77.98755703015809,45.54847993920251,29.630060953412816,13.447906498367328,390.1341602901271,2174.6136434927416,2
56.69075494958418,363.3587340004476,4.773593188434765,566.0400521658719,45.051412074268846,1260.9409770328728,3753.771517309176,5
37.217017350408135,29.00673275216612,1.0147002871149073,24.312181821764845,13.2061174873639,471.8760225066032,3168.6448977577897,0
50.29713014073943,155.44019811762507,0.9718076277018965,183.39847564865818,42.810229405724776,717.2526522212164,4335.875136627489,4
42.88401766432667,160.632650622391,0.657957568735662,172.89513138440128,115.00558750557673,646.6397718114355,4407.071732585173,4
30.111864188303958,21.253206657508706,1.0055208248645433,18.46711927706101,10.10174570905964,437.8292759576564,3607.5989247516923,0
35.53511090870645,22.141287032396303,0.8711190972136645,16.54831104236184,15.139448372913117,385.49530120040566,3836.25661425473,0
305.29737079032475,51.56537271540449,307.1167977252787,393.66889038719853,15.013265873734099,522.2691053020127,4932.604365868036,3
550.0480323088464,116.03824170500513,347.3012407078446,213.8597590612352,16.460699634975875,672.3122604583209,6641.866818995605,3
361.4824191539533,35.05445771091971,2.117228549563279,22.1708776676299,8.895300670773988,257.88221647657537,2788.375374917203,1
36.93387221667845,28.174689946912768,0.9143584507717308,20.19716196290877,16.24379026757698,465.7192663592589,3726.576482057296,0
54.37268106954237,266.2962017231451,0.9852254464917808,189.57881744815174,66.59592578759953,797.5209434466857,4606.680817301704,4
286.9797263426864,56.687718216745054,41.214905169122794,53.0473169982152,9.072484988294974,375.5958889643978,2371.47853806061,2
294.6049334540905,63.03477270837532,27.901157070615945,38.250701179961595,6.06400299933193,566.5333260008233,2987.121684803246,2
49.7553938537872,180.41010525001718,0.9279427766483805,177.3326497265084,99.09101423159326,809.2627452854099,3482.5374031453357,4
416.2935752571609,55.879209342004984,318.4186078838714,260.0055471093022,20.375934651159472,582.5273413730303,2625.5393792695645,3
190.51073861128344,124.72375330888174,494.29739977132357,344.2609415752102,17.801305672784068,301.5379881009177,2040.7851289622183,3
373.9427664308423,37.91211388706226,1.7031509416845727,23.323721035971943,12.376527523511696,569.3336247261155,4304.133150721724,1
306.91006063337613,36.517091587973425,48.300928571147615,35.22793371055135,15.151600949719501,445.83426598772587,4265.710912644246,2
597.0594030316487,38.26941785577744,2.262603980115864,26.266951364303416,16.631668498634696,350.6854435083547,1020.2953482912308,1
338.04428837661897,46.553892147320845,2.405363979898687,23.361975069393537,13.841154604905938,562.5641957049041,3066.340317556261,1
422.3263412382626,40.85454634966057,1.1974737840242635,23.87010013589036,24.245452925793497,491.2968188320192,3729.7015361045433,1
41.45422251766305,21.977523966880756,0.7909491273450743,20.545002776429442,15.033823515069876,408.11499310621537,2745.629811291464,0
33.83333084023144,19.484476395615033,0.8476631378188688,18.846487388115527,15.7600657925782,584.7793351891955,5173.4857316439575,0
418.6839999080875,68.68904717848217,19.90069527998446,8.895119348806624,14.19916077901314,448.93544946325716,4755.671021797092,2
28.24103144831134,20.8870540807951,1.2755370292481971,25.843681356949098,11.539710079466783,425.14319541680794,3784.439997507875,0
403.26316702893257,89.2263983115172,34.45778688594827,34.67622150700767,9.24005966677891,572.3508772993019,2431.107609043354,2
72.81919792596644,221.89449285621822,5.723197823480226,398.6382649775423,79.53868277587007,773.0254631147483,4462.87795839397,5
376.23240782614585,76.8991552294379,35.246311714461775,35.574735344611675,15.374798507113928,345.767380426661,4062.628118203209,2
66.3972360634543,267.2353685085784,4.467837411813603,582.5462349999692,95.44298915812703,915.167310640933,3646.295664987656,5
517.1180860352863,33.371131959909796,2.8585514112946115,28.210816362590776,16.095295123802426,361.64758489780223,5595.929380356516,1
322.60776890396517,62.514771970900526,45.84275554327025,39.09103859917862,12.099739549033984,657.9813454891452,5200.279818358589,2
185.59280873861076,30.336724729162093,2.4556311252984457,21.818289697596303,17.656442578438757,470.6334231284915,5133.510646323489,1
289.42336054258175,55.3320113365261,46.8211707143116,47.13069281851587,9.052634223997227,341.1318984653252,4155.035436254586,2
62.64096995573765,169.91593031697406,5.21154414498918,468.38384822278283,50.6882611727821,825.0735620943547,4794.599749115411,5
210.17046919404876,23.479736403057395,385.72582159747424,259.74619286646947,13.305255933824787,705.3734101572304,2723.9721276017904,3
190.18045354282862,116.92290936735333,242.18394494998594,191.21847125197093,21.141547980612312,299.8497388544995,4951.73552191316,3
35.66463272895789,22.81119866197682,0.9207360803326712,19.636986121493514,11.189396936219925,520.6937818099786,2845.2494719160622,0
47.231307040671055,195.9589886852163,1.0865653809586873,160.927609455395,60.37229350199372,736.734381114302,4044.672862665613,4
389.6136851715061,99.85374223055696,232.99126428298263,216.1407727357747,14.237402714744062,788.8146043683327,2896.034709067255,3
210.9887517505218,49.168165946571136,32.773115782692116,16.454493857081065,11.377715289909569,397.3743658320851,4424.977784842964,2
31.015410654612463,202.04574975983456,5.741821339148352,445.81514003550365,103.13577458165545,1038.6756896717272,5589.305181010198,5
282.5870943950279,64.5516982592947,2.2251544869000415,22.28497551702604,17.362931882876687,750.3076524477565,4703.458449306771,1
31.92042830337777,30.382375587420402,1.036562872060247,17.591631353784784,14.908448348624919,454.1793626483972,3659.613691830598,0
265.04887794817313,87.46950480866101,19.889052001205922,49.18146225207833,11.698473489557404,421.92918888071074,2432.894794678766,2
292.3404834767522,57.00180619352538,34.557625936271904,53.04592085678324,12.011116052392424,414.5753138007099,3177.8308718073395,2
453.3753169569061,87.21752628064078,378.72790584049767,104.07341538648885,15.141979508652934,683.5873232160181,6043.319888604901,3
135.6768830637563,19.105502920280255,1.9205925959855081,17.16535872756545,9.040280063654002,760.0457622216704,4156.29550194014,1
218.3497455501991,65.2531874678779,42.4040178014938,35.525363617935184,10.721743289306804,462.90522557631493,4201.975620568304,2
50.11100238700451,220.54378434402054,0.7581790852756123,194.92710017388183,111.97343596191955,575.7173029440108,5368.700366075792,4
235.86953214435286,26.53786332451424,1.6267954856589872,13.256169425423394,16.979657850094487,652.3144131341295,2764.8088271447687,1
65.73856032136128,201.17431615948348,3.426420671707391,480.1555447837328,97.47648630289626,894.2855842685059,4170.842381703358,5
33.74338295576662,21.161884402668008,1.0268913452434474,18.593991046723765,16.85429390800492,506.37000909923404,3792.7103719407355,0
26.054037471295526,21.876112289514957,0.9163406668757178,16.89735070641224,14.081020358259925,428.9571226694848,4166.6433896934395,0
42.95769809812366,206.96254193514824,0.7663356170282798,280.7244222702313,76.33469902573,698.7750844540769,3456.009504276082,4
416.61333156147924,117.81646890077222,116.21903024260011,69.13628997985238,24.539332527130888,468.4826223286322,2145.726443799095,3
55.98057288367511,439.8544504141194,5.973680239716033,545.1031908617808,84.2569731320037,1160.388294186052,6528.194123016136,5
226.16088475793018,75.1578603049007,31.32688669672786,29.053036129691286,11.87057896779167,473.5711216098492,1875.2485926207023,2
279.2395377311263,40.57549532288352,48.53129659136545,40.763068108490465,11.132506804768163,515.3350201975718,3158.2168356850034,2
61.1708732139363,336.51424983892946,3.438682809749487,371.6322986647652,94.91816252128096,1291.5323484393232,4392.343782095683,5
25.140558978678985,20.969627448183573,1.131481540612228,18.729257672332675,14.865140322466182,575.5158995145736,3853.0185003933498,0
393.7766721459141,155.2577458947452,267.133978112925,401.34986919055814,14.146946407211557,633.7168068865493,4567.641068971763,3
289.5380814377445,77.99331704738741,52.110507259683146,47.593337714584685,16.14756192722468,548.1790436102589,5281.65681173283,2
68.05211443893376,241.91897718021127,5.389997952273692,735.9493273542396,103.79348589119571,784.639562369749,4274.425014359913,5
45.07042314824516,179.8443098876439,0.8171923814853246,217.54357702158552,60.314006911342844,945.3791819383259,5213.673796480554,4
274.16900262068896,27.103619336650933,2.133279345529671,19.838264981388754,15.969047069799371,552.11709123064,3084.854144454758,1
40.24651574549107,25.36530029859168,1.1193667014616349,16.79267432520914,13.895926441141675,442.2038256473219,3148.5291579832747,0
29.501742481484992,22.00692490841937,1.0317079712572401,19.05422831654548,15.042320372115537,511.50856800840387,3707.232455168019,0
531.4626893794971,40.77955186481525,1.2145429685672087,23.664452934777167,5.381247317637355,447.91360669096156,5097.2707171160555,1
49.80714255257594,247.94632159584222,5.292032939055392,397.67437714086924,75.16031237566507,1121.8475992631672,5352.3981311693415,5
51.54746581282727,365.7696121265042,5.3963380655860576,523.9257356999015,55.14484334565954,887.1819478158125,4965.782837691857,5
36.17313392089536,195.35896144062238,1.021104386800577,243.71550231363628,95.3184031444333,639.618633090675,4560.087709325597,4
71.56098101179381,216.12544247227802,5.167484127322458,409.96211977517027,65.14838136445627,651.6991055304226,4393.5847377218415,5
368.13514304449166,38.446876601850825,1.6234536552733825,14.699449063474184,19.73433698710684,470.8026357420731,6105.204203972963,1
60.85194948933003,270.6164838870242,6.672724462557898,504.57391323593976,86.82751750170902,1218.7324641362447,7020.232096532684,5
0.0,86.27112336523469,313.1506779350668,290.7128640973547,24.062840981406495,463.20489343965005,3673.8798157680367,3
173.73125146678353,30.826424983240972,2.033723391853491,18.311780048565794,13.889292920197866,550.2707573958605,2569.988806764557,1
41.520289983272505,29.237872436516927,1.0921148765668935,19.615537027102185,15.091287204027655,375.9297069680745,3978.3905047041762,0
184.0542111577841,100.32240924212313,397.83305542462,197.31256794403237,14.996831548724046,462.19685782086594,4681.910388424149,3
318.57132234610003,80.09155654709997,228.43311089279663,275.6655762724819,11.845604740759118,579.0526354841153,3256.2947200788667,3
31.880712732591828,19.577283046043295,1.0108194261570804,16.570369685527734,14.488620043844879,451.47501982283234,4464.960601313294,0
45.32581773596365,140.62274975915247,0.7311005951485637,140.0411061580676,101.6864604203081,652.6929012676459,2815.9917634580374,4
345.81484006414377,74.57356384148956,99.8797746606125,179.90433692064917,13.282824677996127,364.7086383478609,5224.129975633378,3
49.29102812001613,295.53784171439366,4.589190480138119,389.86129575587347,80.0636964671742,988.0254367665146,3904.8016913412425,5
392.3494882011222,32.78745071969399,1.8025677967710703,18.465061194544504,18.844079372595747,513.265436724794,4068.230268453651,1
44.693543704835065,185.902451763926,1.1864133617952224,180.3844956094595,65.96518549179626,769.0522244415879,4314.57868384565,4
273.05484825629503,48.61910056315717,1.3158891637107928,17.407329437281923,15.439169673833161,766.702110703964,3318.1413972683467,1
49.73596783157091,141.2053863444152,1.0193897161847456,140.94280808356618,85.79001254212865,539.4138534121777,4429.8175482950155,4
272.5882105123899,87.70088561980813,525.7570289796794,182.56154924390674,14.484776346158988,1076.4244689644258,4474.683157858654,3
45.73232949558363,176.69897343781835,0.7361777089351964,249.72354430391567,109.19580458155785,553.81353623822,4229.346931034622,4
45.902664578759456,143.96959312861733,1.2241775326122264,183.7129327829363,121.04281991687938,402.6177865473629,4621.316043730633,4
225.25454884321465,45.12674531137958,24.969867074874145,35.62426693015871,12.748816893044827,240.14125662857697,3657.1228251127914,2
60.2825456782005,384.3799464136453,5.827596420869778,612.091420038946,65.85989784747066,919.0818838912076,6822.905148797492,5
32.05764028878385,25.116427001832076,0.9621905776894966,15.87786315858534,13.391261207502774,463.39072834228466,3185.702782993454,0
351.8497976383053,65.81243771721691,39.29072524476648,55.02115147994613,8.835472997044281,396.5169791616664,3846.0883476720933,2
40.49028477353221,137.1468190954464,0.8682253044222119,162.63372551032026,66.34935539572656,851.5844155405184,4175.8426219941675,4
28.37245618099988,25.11033840844365,1.1543171379618264,12.021694098183891,14.726025817583318,530.299485356916,3517.3660268486447,0
32.84263203812288,29.148582662724582,1.0643134657692421,22.146541178389178,14.384792318166003,367.3483403588662,2861.1940324073407,0
74.21567634887802,377.7656954032799,6.060887092425366,452.2104865274332,71.16388172556346,754.1817123299394,5418.047918030771,5
362.1052616613993,47.373733928342475,2.1195428247495434,34.830854456332816,15.767286837088424,438.23052855303575,3804.711486226547,1
62.935591912840756,392.2630788357824,6.062768815145601,475.9871864556547,43.194477888615374,847.8583005047334,5174.057662108201,5
29.02813256846485,176.6934692918972,1.0919489398897644,202.08064437049308,114.1933492381238,584.9470340119557,2655.862982828823,4
27.535740840940996,23.828667093790486,1.2037181643800892,19.371813584037476,14.410052366107523,435.3062831931607,3392.7475001178177,0
27.781797006057595,24.106848460095005,0.9600418764986567,18.62685870199089,12.833812840480068,481.82885027179685,4146.866541622708,0
337.556052089225,75.82434142078941,36.22973370553285,72.41259076976786,15.163601089626246,497.3609268067851,2889.769916974395,2
318.2327609182284,57.46612874940431,263.3579304626828,168.01176249787136,16.252357416036176,52.014600897063005,2360.2756204745874,3
47.09593600664603,187.10041958665366,1.2005819737896157,223.04069657937856,97.95632219474902,803.0377746811828,2857.8468266575273,4
556.5416436538661,27.224583884738244,2.605459882240403,11.846736524461905,19.829660243051205,421.5167550521781,2627.5051653269525,1
67.1105149586148,144.26915596007717,5.869195876222234,467.92634848018463,68.83071193493751,875.458136480575,3106.9573678765937,5
1.6829348757050377,355.21413005907283,5.265146491337463,475.8164095097417,86.43336813698772,958.6252963135187,6081.149642525335,5
275.3937675249471,61.007716644809726,31.616518128227526,39.82566103050991,11.880713305715478,480.10422260739284,1519.3241004367326,2
49.293936312185956,433.3381484790468,7.39295909632136,493.7751036283873,69.97090149294773,765.0357581265084,5202.270207485429,5
506.4191594559045,27.877326272167988,2.307556996058737,21.546174327659333,12.675188571113676,589.175647280857,4243.808145859028,1
63.48055613521054,346.9117012503099,5.531106494876853,611.3343301566656,76.05777866298469,716.2192651881686,5012.420785964755,5
314.04326300768724,186.639634885928,260.9134977803927,298.66372570492047,22.071749430334027,627.9952876506876,4295.150117286359,3
399.79217327122,135.89903394817128,42.26097631640243,177.85146881337093,17.304139728761402,628.539409479008,3196.0059119880066,3
31.96445964178645,177.89870717033855,1.2466309852632673,150.63531673843113,85.59455087154112,645.7521374978295,3872.065886426029,4
39.55524010317479,225.01692144831856,0.8775348221392605,228.73024501896336,117.31077327702673,696.1391760955353,5394.390394550652,4
49.050121054135516,144.47090852117645,1.5107701553950652,188.64562722734982,93.6646741419116,779.3051734700695,4130.288538839513,4
482.9855803959391,116.02653256777683,205.5109981299534,263.90508751062595,12.786441228165568,573.5843522288,4603.439310309316,3
36.507198436192844,422.70231184523755,6.752332034541531,371.2738799679587,68.7815200012978,696.1959142737796,5043.315297204966,5
398.28758343087105,80.13273442159827,40.537342408076576,43.78466939292986,11.736122847056468,314.97077089507945,3500.040693427182,2
56.018311849313854,133.65712085470884,0.606676095022225,286.70057906248644,95.62271916456136,763.6178628285985,4315.404595320007,4
37.36416570973002,25.011657063196136,0.8875279992573224,17.363260722127897,13.613230932318034,431.76452876974605,4556.52427082455,0
193.7636944541059,69.35514489718672,30.64081629494926,29.127646784116465,11.131995035241047,406.43897903338325,3399.2275522215273,2
383.4376828592198,111.01082507109005,143.09594865403278,295.42732586231364,9.094866778526526,609.916069928903,3207.6834071263925,3
174.92583964649398,48.959881497153425,33.864073497865164,43.8813692330818,12.974044959686548,588.4671683174437,4762.358151186825,2
46.43817889436848,391.8945905984959,4.888455954417401,532.9290816205394,52.566757238493814,859.8762997209029,6626.482828251157,5
381.33990882918494,85.12027000112093,38.10954184336334,59.620056638422476,11.871176751129765,569.6299084389199,3282.6114277615548,2
182.04159972023055,65.77973927210238,34.91235216773238,59.143254086037814,11.24031389214766,594.320389312558,2527.943227104772,2
31.61707261888163,24.774055575995174,0.8392056171564671,19.228564044938302,17.03476450954572,444.77845786209235,3493.6817226998887,0
51.49079739133482,302.1169406756418,3.530493739611653,538.879151449679,78.28659766207359,536.2802608265661,6490.791658262505,5
59.420938561846604,334.2861675558571,2.3373145523110934,532.5750590929136,76.7506098995586,750.3941636911453,5434.065612823086,5
379.6150619704313,49.50342966336872,3.005956878947418,24.304090745652065,9.643454303242336,550.6473939536479,4769.98143039948,1
158.12696579811345,120.9710954872996,284.1330225158328,213.8086129193131,26.04992809062746,250.12911424016983,6144.109570473069,3
115.72646423771516,99.91805141345645,473.1080166174297,188.86863286110534,23.441927490798356,416.0170786568819,3975.401588929303,3
42.77295038437487,415.0950921287497,4.930008760377413,367.7970871066141,96.08156552622553,552.3455463498808,4478.226873897941,5
40.92209900108384,16.447233079855287,0.7755041965145011,15.508206606882778,17.068475620112693,469.07462134705247,4014.3513098490625,0
38.565240030274104,209.66639312292983,0.9023888271539241,289.97250793083424,97.48762660610521,558.5985074356295,4169.96533606943,4
35.76329504913818,172.40613384404503,0.6560927818268432,211.78251375311243,55.704532147833476,722.6339293680123,3283.873430313282,4
306.625138976729,54.42932938493777,1.7889923722336902,24.654513802699455,4.1162357278692845,663.8118071204538,5474.390668906223,1
23.566645363599523,371.72205966875924,5.187427745275314,547.6858638292285,50.87168258536383,828.9510355884615,3781.0117064647457,5
458.4704342124253,142.5540275911481,235.8062310010285,266.9765268307242,6.2561571974414925,517.3412764913376,2816.2044310094307,3
41.977043099794194,28.212977434624477,1.1262730100335092,19.49611455357505,18.88807151072678,436.15158600154206,2518.0979622840828,0
37.15865256958381,25.443804675205765,1.066709022729285,17.585050218222552,17.053505381060663,419.1881977648312,4211.406668976794,0
435.87017831009814,42.09777798597269,1.381278758936249,20.055039489092774,14.476800096103355,745.26969483383,5993.925482194333,1
69.18965753036119,429.55155975024104,3.616040502816815,509.2459036449374,39.28116265961591,568.2289205863891,4434.604423629676,5
31.885594029430614,23.779206206801756,1.0764847372714803,17.715894837522647,13.169987295492708,549.0347344228603,3538.326658439968,0
52.06862852225997,411.5397006516497,5.283626269953495,424.45083249256885,72.49533881298663,1174.4326028375856,6381.532148269806,5
276.4905955307601,74.02066769948243,296.90570446173723,251.1726625940784,16.525282939595083,679.8307632452054,2396.5696017382306,3
51.80242496543958,263.2405704721777,6.659650491476164,478.90488078328457,65.17872935348227,924.0655598701212,6068.342676883389,5
33.55550318105991,30.606029917128986,0.8701253326460135,20.614351557396997,10.46597347960681,427.3952604759602,3687.8866551567025,0
300.8822556234866,113.29100064697862,401.4376798452026,133.67296621703935,21.589727076846334,680.5166606238977,3645.5953076989913,3
49.7681059523314,362.3794259247858,7.537954301253878,578.468591761788,96.0487159641482,815.0827429244838,5336.0649752157515,5
344.00311042320885,94.77684201870039,333.8206684348372,267.53495629202564,19.302147456724946,246.89621295723012,4572.3874679952505,3
322.61676320352046,38.574624656766225,1.474364321533653,16.28214210191593,10.870309614748832,308.8720049378492,5013.19881729813,1
35.37809262006453,20.142470558252366,1.2559137637191458,21.02265183816787,14.623523328545835,359.0908279573793,3713.760113971295,0
319.6746474370917,75.98661750407193,299.58282027185567,102.75627264905424,7.697439071240426,303.9674350723113,4377.10472028726,3
317.5772219618507,106.52828705617296,33.9265830652462,38.808749662836696,14.230821000299052,649.2132568427656,4601.845256101575,2
54.83224141950251,377.8082157288012,5.359999694342265,528.3537431897224,79.05656855586334,991.018681840285,5888.365286812713,5
300.06154831057484,50.45146008930247,35.63501445517142,35.22581378592292,16.84273828312469,522.9003442268444,4319.586664347705,2
42.80469518116847,131.47956899349984,1.0514551830181749,202.23881014315026,84.46203361469553,852.887983517683,3989.6109242974885,4
42.91843658976883,265.5478628688316,5.593487273355464,522.4039903232448,55.30534609877319,1068.5534825939903,4041.863617757685,5
440.6793412569791,31.118142175307863,1.6421769994179334,6.881561359897097,19.35933239365601,544.5565976289187,3595.750767736709,1
562.8115788956756,27.177679143380765,1.6207485063146534,23.69741237931988,4.528050913746105,211.98810943119992,3479.963923030188,1
48.27618176662206,474.19182031950044,2.8867344961549923,685.8576287616295,76.6872837957906,1024.2955308930555,6934.882374019545,5
38.03797357752963,25.32986086124126,1.0329377390769916,17.301494065448527,17.104385765003727,389.20327759939437,3282.8467881075594,0
52.08902378652866,208.5861047229764,1.0943820008982428,108.30794501499265,72.31391116624083,893.7748185108293,3369.6487301082607,4
302.17002172610137,145.40563161681754,596.8823789983542,356.7386971131584,14.438447548894537,610.2118192499238,4819.094311668466,3
38.19501322085025,144.43558366788687,1.0306343814519168,294.30796920105473,103.48253984009831,719.0707018888193,4822.966382742872,4
28.480783473388442,24.23474280835432,1.0164471631861014,24.601851391659075,11.107637123407228,549.360983238084,3680.914903553132,0
770.6214633832341,40.417564006062356,2.290786106787021,24.224090445929924,10.459653100852861,416.07816435569913,3222.967035970739,1
425.8838456663143,34.55984303195555,2.2586326955597906,21.376325968954756,15.26591999861258,387.6937080977909,5730.893514469241,1
64.81427130846667,368.09726807932003,4.8626008532377964,586.9599079515651,76.22338364962228,641.7132114477126,6266.2810013482385,5
49.42116747421573,365.80328488947214,4.726049700277812,504.70489278991266,76.58531655777091,722.6362910733831,4861.098850240818,5
470.93278173166675,27.208859038657728,1.1877154882718854,17.909783820595568,15.411868976574874,210.409607649591,2489.9584087859553,1
82.8464237435257,207.27307275732068,5.60670772193193,687.7589293105544,87.85353612136542,600.5031707161841,3533.9453384099725,5
277.1477549527965,73.0196990152239,38.94825712331604,62.29795115194971,15.753328446936537,626.6274128463481,6290.079490720752,2
413.81576410093714,44.91636661967286,2.0819613698076203,27.370366210006306,15.035973132969659,463.3917607477436,5013.315892321787,1
83.1620700180997,297.04492518371694,7.793416546607492,418.6460251655105,56.03008632653811,862.568555658328,4876.190460911877,5
175.1746359022315,63.83515704321368,285.03589370274625,282.2075870008263,7.27493907704651,587.0252894001162,2781.4794469433236,3
37.15159940097564,27.310505005008395,0.6838069987333836,17.016016718885954,9.421558864572106,452.4340450588512,3597.4981949988533,0
63.65393988067008,327.75969417105864,4.486163158891477,469.7363517662314,60.298791797290676,902.4337168700703,5275.512328569303,5
64.80668647177258,235.45144007334002,6.617700404896442,593.3294767772446,58.10276905106805,1175.424950681901,5625.019936375159,5
400.8648472451644,29.379816550378926,1.1225255690875084,24.67921767513666,18.387924752169962,601.4171006432643,2043.562674258947,1
318.3661392857499,86.59184884636566,40.07442111513124,24.816348524600087,7.847629718974411,414.11905083740464,3451.8842904317285,2
62.21963986836183,331.7013535599889,4.5437578916016115,352.9270870710386,74.68020330205343,911.721026527903,5999.830876432842,5
320.0781023247524,29.21642236799517,2.9953383005667873,3.125918038963873,10.48767894533136,873.3055741189754,4473.605563780467,1
53.60250215772795,206.3242944676887,1.2225900459384524,239.37210621910245,118.25960752993052,676.242956680725,3305.647761874642,4
297.6768262438216,37.72518853850115,2.1549477121983363,22.910735353217486,16.516305042270854,358.4913630924398,2261.1511499828835,1
33.49431053964339,227.0466440522045,1.1061126246263295,165.53517964303225,79.84131041113821,584.4593753267733,3702.724905257362,4
38.22491980137459,27.82695651225131,0.9623346117944631,11.302087023041738,11.907520885394982,533.2208805519319,2099.883088406571,0
334.77921774887477,118.44033049949658,309.76887940068474,297.3686359637733,19.2851966049975,647.4871692886137,1678.8613440586662,3
211.70987772616897,74.94091263460486,175.6256517443552,289.81773747990593,5.60387306084103,322.9739848269657,1357.0847872088818,3
191.50936851254673,46.734529067798135,2.906681939815481,17.783267973057512,16.313157453418395,641.1485402185477,3267.8603256303877,1
31.171243584038276,23.44572600311553,1.0950865566600614,18.008081886239882,14.71444095142351,495.2303488486478,3397.5856100352908,0
193.10183353629017,37.687932099288616,37.09263849005083,45.2319944726975,14.710131295442414,517.1706676444009,4191.717036812042,2
33.19101422227691,136.89098648530634,0.9549002631116333,192.70161559152095,94.54863547452346,792.8502945585997,4196.807168944357,4
290.2812621185273,38.3629972373151,44.512012905958805,38.95588958864327,15.476402581902034,436.86933954821376,3574.01526937482,2
42.73645980932875,29.597627162165054,0.5699417569325884,17.14291590193826,13.654232842157704,331.7333463409294,3650.858851445448,0
48.01478481205987,165.16415978303021,1.2299407565935643,198.24077080916197,112.48613160696216,771.0657871046272,4385.242386856658,4
339.1972757917325,30.880288191039888,31.664891057603743,50.09685738518822,7.645640026880184,486.3560260001799,3761.0264153730536,2
31.56669354840616,25.80738486228067,0.8463206630630491,20.45176967749856,11.474337169607837,430.67028582910064,3283.5321144131985,0
28.570299917334662,29.346060933913375,1.4286157634709797,18.989418095743186,15.22452708488126,416.73196559954977,2622.4848066131194,0
61.617437211612824,291.8893552707657,2.7263857557614335,410.29448218919737,88.19097681663828,852.997602915919,4774.327184169782,5
368.84631623850703,45.18294711761333,2.5245666073514386,14.10854092429518,11.15013096191141,495.653110005131,5767.790907123241,1
36.46252355118698,25.05244458199485,1.0504874689908152,19.147407923077605,9.932369441318627,494.99365513114356,3069.7095132916374,0
545.0984678847663,137.2979911318015,230.06662788326906,159.90780616872667,21.18032461154573,451.30449328567363,4350.44365820858,3
42.18151411628509,21.804404477629024,1.334391041583396,20.68782376395236,16.039391914328114,451.8914976242467,3482.6978745619144,0
47.40112661215201,150.6783064369893,1.039061617009113,248.28291550401923,99.53802989279845,804.7543479960119,4083.7083824773567,4
331.2897659938549,74.43246814719367,47.65341096200246,45.69707881522697,11.889878413143013,576.0478692193315,4692.533589514533,2
31.520817606134862,32.211048227749664,1.1691032142463633,18.26353077973769,12.024886547447446,414.2741192977572,3639.568669876276,0
29.239957246629626,139.59574665290796,0.4978142269905722,269.19495578306487,117.49294852480347,754.9945936700874,4621.603592775784,4
44.2610912320682,296.56748914276164,6.749994732383477,500.18090697376067,117.58998640885561,839.4433989214461,5534.155708848876,5
72.2119584814987,215.1983230736837,4.37336958956214,424.5568208233814,97.58893281373962,763.1462814705801,5788.135753462385,5
68.81513306944278,254.69921511543774,5.666839390767406,529.6609120970202,71.4486999786282,1027.307603719536,3265.873090599143,5
43.47345326904215,500.90918598336555,4.233493825125836,686.4606257526733,71.54111652988658,1255.6680094845692,4244.67094112553,5
399.3546940602994,51.62924576326075,299.33835283271014,437.2221526050499,12.527746980213609,489.643224740712,5829.460740208334,3
42.97422897581206,138.36532318201503,0.6266407464475465,173.17629392350656,83.58475787547854,498.2273333290373,4659.27998767693,4
36.273081479691115,180.0119385092287,1.190902969320567,236.5721650491829,104.30726768847633,742.401312030215,5151.602977683164,4
554.4210715174604,14.947489489664054,1.2323019224516614,13.807806529030536,14.71506063130068,427.3367828669459,5395.015475133539,1
77.98008295595051,318.9842557904382,5.150569523014115,274.04425121506665,61.57192756551288,1104.076715474249,5278.882826148188,5
241.23643923146867,38.96856005935853,28.43421605214331,54.98420275650324,11.38020221829751,541.0073418839513,1407.150220941728,2
38.48921755497669,181.9153955681603,1.0784560659158202,166.0588434292029,85.63297716334714,765.4749728229951,3814.118835014909,4
28.88465249357954,32.53283269819427,0.8560858370287198,20.022901903442307,10.456569841731962,387.2071336092715,4418.839069231682,0
273.9496067981744,39.49018029823732,1.8078555546191404,30.5572836166958,10.934328582492716,374.1220903065122,2694.407407881519,1
33.33972639019619,24.936995659358917,0.872043410863963,20.374374532129636,15.63336306440079,454.4570720853821,4208.710251762737,0
35.0600885552302,25.932952411754062,1.0066318567156296,17.452132241052023,11.726902885484597,439.8039982615323,3197.106941407643,0
295.82417123714174,83.89092684029352,33.49623550886377,51.79337809719206,13.678110201922074,291.26717074902183,2680.5232479312403,2
67.7537518614612,290.8589389781903,4.582000745190931,484.40700339173804,55.01627654929895,397.6277988201822,5510.875321031649,5
264.9105637736193,76.07447759833607,19.15860008686477,59.668686429126666,19.332300906979107,148.77118411669048,3609.8095132519998,2
45.87650347653159,140.6122904574005,0.8339491754505451,259.51134388661376,122.8497284919028,841.3279074873286,5687.3777837284215,4
37.85168389860657,144.08703322884622,1.242956895309904,190.28337153499575,78.7336878789155,897.8863624073491,5021.544679141984,4
61.926992936861616,271.21436494091023,4.846066993632968,233.92406755721535,72.38619844614628,809.9202669546436,3986.501534591534,5
37.91013263857554,188.32407153460275,1.1359568386596512,180.48148574609192,104.85945733282335,449.01264392597517,3561.786890015592,4
49.6307927283701,202.93748695117753,1.0234731502192624,120.91255824201639,112.98745911935949,757.5431734559612,3417.0126035665703,4
16.9247256851879,175.2558543736227,1.464046075028571,271.87118095165704,72.39183458178651,720.9864616346854,3181.8784409548507,4
473.47170921494455,65.3064490800167,224.6947663314605,299.12183885539594,25.769287042717558,298.12408945565664,3200.3762419698974,3
31.9484854496358,307.84125881641637,3.4207561709162704,478.5995384004998,95.90680545713823,1317.2074665029154,5321.588069126171,5
291.3561744781801,36.61783991756312,2.581645874448923,27.428961808939096,12.007222258372696,614.9822832364293,2906.077785443734,1
47.233667556829424,225.1446924719803,0.8303359220904178,206.50363923660234,95.16696326950925,893.5425704625309,4786.958736126409,4
317.50539279293986,111.11313624760145,241.28567677603348,104.13112015420862,17.120457639665588,558.5803587062387,4823.0477343395405,3
48.63329149027557,203.7990626394464,6.206676615392578,404.1846392487489,96.55896757247545,906.4059279996211,5583.186520671895,5
433.43989531263765,112.27057604021111,296.2772964035006,370.80522128057896,25.631348726988875,702.6578219148212,4523.368008602784,3
77.2137069704745,287.26786802252366,3.2952952402125395,582.4455296553319,67.20798960416094,1047.019390001854,6416.235833352965,5
37.46221133004459,184.32456357280472,1.3156726137806993,222.15432785401273,74.77155692040955,914.109483574954,3280.3889402655245,4
56.97077052591729,402.5914313208552,4.634211627984099,509.6588524893246,69.16594817851207,1003.8955061077226,4710.563282570909,5
28.530628539035565,175.61058059998828,0.9577513440777441,210.89206922207003,78.30886517574608,963.9968332099825,4644.544490441497,4
326.374892885302,44.249696363591575,1.988610440191483,19.74617164596441,11.240788700183833,471.5352981723695,2927.7904153369445,1
69.87509193617416,260.18105646173365,5.864133662615949,397.1901880079071,74.00564166727565,779.0528770733364,5204.105039560057,5
280.8864304544138,126.84936912061451,359.9721067150012,233.31922141070353,15.787131811344278,698.3298221726867,6171.518488470513,3
53.485451048695445,288.435880489364,5.112450514435261,628.766755722621,87.69199246683411,535.0118318526418,5990.420066296714,5
76.34497218355405,328.1320999137047,7.907740170392847,518.2597061245049,73.18277681945128,1029.3108136010983,4761.709890746627,5
27.200799483036874,25.347547922608765,0.8847466510678131,18.232182398018587,12.332508562432407,375.7730616555069,3726.5211146035244,0
290.25339438472935,38.157502689086144,1.3360505037272732,24.14334390964552,19.76025645658008,519.2160097624793,1687.810490825962,1
36.2310575704478,183.37179051521474,1.2505309811114043,261.58636291879657,99.07755303323887,999.7781101635621,4179.264249090223,4
40.171831702931385,157.18723257100825,0.9551898587531029,109.11264798256593,88.3497312891624,843.8821685205951,5960.557122627775,4
245.83238572629787,50.25591551097503,36.10106548318229,35.90534447487633,8.672288599190978,421.7552341299886,4014.123176511045,2
56.39587900285114,160.03993289375833,1.0849024268862681,229.10347629774733,65.36901166680849,891.7476216648447,4349.3182858611535,4
194.774593979408,157.60029147663732,285.80413763988633,268.1480674726022,5.328306875187666,395.52469225881663,4529.554542031434,3
326.97086990477004,53.21339490730925,44.55418131291621,32.410151360069,14.333802660082629,415.12639117084893,4023.3411024846555,2
591.643343182118,36.91508675460069,2.7685665252682545,13.54748146028709,10.845756941873132,312.6863680896271,4085.3393468379163,1
279.5334236786377,42.639103783070894,2.102391165050031,11.656925398216433,14.150651041449477,264.8478236564959,3739.4016036004737,1
119.27640476020649,112.91241563241756,386.1519256548273,302.1422165917033,15.37497787434078,334.8881352936174,4010.5350783127355,3
44.90329886632175,131.72195743351978,1.0773715868742801,124.86859830546717,96.26958177373582,494.34008667440423,4154.824986100384,4
30.113404512653787,196.4296146736603,0.8465345613117247,208.57364301481235,92.72083017022265,435.54736021402687,4572.973515970416,4
408.52818404463414,152.13964128595032,225.44650082681164,298.4347941849708,20.722756835359526,501.4171169860503,1816.1968239571618,3
80.70139042319435,305.34503211475464,4.3389049635676304,590.9077783140707,56.54583980870918,894.8944057637856,3848.202669498555,5
353.6096068939195,104.78010811219947,273.65855769884183,288.3604552959573,18.997312283670315,25.797295013333777,3458.251546241811,3
55.38949109679982,191.11862009893548,0.9074221649149542,186.92584013604065,66.18713502774274,932.5699381001234,4012.943747831236,4
41.01283433934097,163.00729392184743,0.6585111550675009,198.3058824737154,101.82390320232705,817.0677361953216,4597.395841467479,4
53.94985172762899,220.65723443262073,0.8925926133332129,114.55945802242611,77.85437868138446,776.6995848929796,4439.94917491545,4
62.424925202722626,150.30678133689648,0.4250368133755914,157.8618168876097,98.74881122882077,703.7696262447257,3405.9274833611867,4
68.16621262746034,208.00559390797588,0.947053916221279,175.5324785527314,89.23259887818419,718.2071053071096,4122.837263568818,4
76.35201006713586,446.88444256771214,5.296205830085146,475.71203180631716,88.19175904909915,770.0681202927971,5369.0774211357875,5
61.296647075522756,397.34070656931874,5.461968925490308,579.4554456192817,35.81843604521367,622.2722466380715,4726.342829146085,5
49.35803316977606,176.47897478565048,0.835931935451381,215.1186230209409,89.30240981959821,957.9149659064295,5209.603695263139,4
44.82297044382119,404.57930980100656,4.271746541379711,424.25467655985295,31.278521493067352,533.0614965496736,6747.063932179679,5
315.63822983356783,80.11673417521928,24.38720694775876,38.75667179151099,12.587796193331908,559.4265218978755,3382.168987679649,2
514.5553352382767,43.495733628048804,1.9042323994875965,18.26656471488405,7.1753304186558085,327.90072105621186,4162.929518295196,1
417.22360462593457,96.94200553273916,212.0781059051556,194.41702227679613,23.278476097869262,492.62430760027917,2471.961270067747,3
59.253687786077506,259.1918847136602,3.6847597483420658,224.633703684235,45.95132329071168,1346.716431250093,4346.549675481289,5
119.23022611511236,23.908362133213693,2.376496338003107,10.409008807920301,8.843447191860127,737.8893942575397,3074.3945031729904,1
354.18275275727643,37.52834487527929,49.00765733217455,42.00005308218255,4.049329358105472,420.8417990713385,4304.90173435372,2
379.14851327654077,35.96785962903175,1.9092989715856703,19.811871795940988,8.504489413784222,341.38121158762306,3629.7578297384925,1
373.6619124118656,149.60666842020228,276.2701079026831,298.48067318901366,8.89978015073679,542.9666266741311,3818.2283950706733,3
277.2382695897561,59.897880743516964,480.6458432582739,247.86046585967185,26.803166793557814,656.385870306652,3188.9693683296855,3
15.384006558634514,325.0674522955876,6.1651494065691805,458.1207584918425,66.37329524730218,839.933051606215,5917.846331065048,5
295.99342867872167,86.91690834154586,262.3739900592588,313.3916018894561,23.296582797473636,323.9077113075351,4940.597593623928,3
191.8737085061319,36.437169867238545,2.29273000521174,23.160188252627457,17.552268181588627,201.70718098455208,2248.440702185485,1
423.44926540131826,38.74245873038754,150.4860212044445,230.03992159988152,13.260290523959045,448.5732929421221,2174.9808140100977,3
445.01297965050287,15.549559392615977,1.4328460688759743,28.110088237160646,23.211955580132017,304.94548294003755,3424.4936473495286,1
553.363003339163,103.24541718283835,199.26478094116186,223.88571901961564,23.50351747566409,409.98192153114195,4224.370228511905,3
36.84378719330555,189.9784678711114,5.241098361281531,346.3105685759935,74.86661716306168,931.1477668537195,5437.964481062276,5
218.21933466549467,65.03768509328737,28.557682211255795,38.143890651929496,14.546599608105211,379.64220683629617,4429.46528532033,2
56.82327549548794,267.16414555139875,1.2277619322304938,619.4194824684807,81.18731560265792,566.0347978042859,5815.071148890582,5
52.79226493439497,173.042999754054,1.080078880009145,229.80827910525625,75.35046229466856,601.0412274930981,4670.753561278773,4
214.0891388386908,29.636237129943336,1.3557785523693195,9.640359913257331,11.419445212482362,329.2187922096305,4465.516661633961,1
65.51012162165523,330.65260637464405,7.740004930370539,428.3376202573679,105.10143830599331,930.0382249965147,7402.458666955038,5
26.045325865918535,18.941281227547456,1.0723100253288287,16.588659520341864,8.614036882176809,502.9769724710491,3747.0796678480897,0
165.4421654187861,129.49405213920423,190.81618885828755,329.542881932946,16.670937639964706,423.0357263393537,6096.5101824496505,3
363.4791274098494,26.202855782834682,2.421815275427247,27.422303251054814,14.772356693549565,668.3398498242967,1554.1828635524034,1
363.7755383764785,151.47008087286147,400.91145996572965,290.5080383525755,10.506132584667748,408.07127436502736,6539.656654287845,3
378.8825530445362,74.05449812871512,35.62382786810257,28.282416481167225,10.199984175866641,434.74241752949723,3933.419893990839,2
275.66817354108235,39.83407795075043,23.23348346973139,47.76565551711576,11.82076146311867,560.8355530473661,3206.388319527602,2
49.96465255881305,159.7057000855466,0.845568382218219,217.26896744536415,35.536951766113475,615.485055687364,3463.821450533372,4
45.998661932990004,208.2090722349221,4.612765545251741,487.2283407522015,51.735826048171496,587.7554486174416,5436.987117039382,5
46.45811476789308,208.42402515108884,1.1821415026650328,192.10312329341468,100.00850174567253,601.910558501485,4983.338280024617,4
187.83509999393928,44.44909729861972,30.356664714782934,51.3582984885013,11.900621821913969,404.2659181941938,4834.544639686101,2
45.02218284989737,141.8799530478496,1.0624347237703058,238.31237021994326,94.28761177311624,624.1418274868173,4366.37513843373,4
259.52681199761315,121.55824780018261,462.52423286113253,291.27380819298014,21.568045188145227,617.6271211851238,1905.7669309602334,3
27.698901492629908,30.395145558847116,0.9783958509917985,18.783109070505546,18.884137562951537,552.3597067897847,3434.454564504989,0
522.3413101197555,47.18097488975728,2.6276313506287394,17.180808504682563,14.249509196991061,587.9662397267697,4246.305482576842,1
239.45635108325706,39.85073321834696,49.2168690991232,64.89254169023357,13.342262133607136,307.7409091060373,2984.794516920339,2
295.317355973276,40.65997203897073,32.068408551065964,34.81154686718823,13.393349872486262,576.957507738092,4616.736689019137,2
278.69572985724193,50.797320545186885,1.603358542515716,23.006512595734794,19.796899333844106,535.406670365519,3907.695790674388,1
414.6539054295903,55.14116289107173,37.55247132957343,59.94746418409113,10.349953264882334,668.6876651268313,3704.9237811300745,2
64.11357979046369,228.10653072759874,3.80354331843856,377.6889787929048,98.96540488805063,1267.1370981244709,5454.660685457861,5
257.0479499876666,86.95386548922623,338.0284608130311,167.1156337299362,16.122751938300805,471.81795086068485,3288.315097550183,3
256.09473739239115,93.41500602016662,180.8211579101795,322.8832306669849,23.33443833840371,629.3155332216031,4633.7282154847335,3
85.17405227240057,296.1926855823737,3.9708997239596275,345.1067645216619,68.69163933124416,773.381737953679,4241.8876969499015,5
438.8158061140732,20.58296807452926,1.7128829031453403,7.085805062874291,16.081896093576407,407.9690603390982,2103.6153119176874,1
54.824593138785936,424.36740059679784,4.212040441566056,259.4238637853669,93.88818286675527,612.3239475489006,4945.491894688822,5
350.75911222580646,52.76930913923703,1.5715213446799692,15.919585075829538,14.413225924862113,539.5940235569623,3296.2844081861285,1
71.44923819713419,211.82687543591416,5.309128611370568,457.91065431032195,67.65887168153047,1191.591985281429,4246.9098775169905,5
386.1217587184667,76.82866603611187,29.879639330391676,26.03127090717214,13.379490919394481,193.4957512261375,4726.892557191477,2
50.78317364945508,243.34737017811116,0.6941538440110613,218.55533198809573,99.70240036761072,773.864912084496,5978.535901063623,4
282.73315598951916,66.23128245440235,35.61213765734953,48.47851626300124,9.943405161440847,346.8344198527937,3109.3170239012547,2
365.9103802649535,47.24688937291413,37.740199064158055,40.679699711636246,7.32985214359175,308.3115288781211,3711.017690029984,2
39.15170903618969,30.618904151112748,0.9311739260276048,16.853110934958654,14.659562170126577,433.41109874912917,4114.108972695541,0
327.18162416213374,88.77246591943153,17.535808621451807,55.19387675645512,3.6841331081222157,567.8698786811426,3692.0000209386776,2
65.2346483500359,471.02385959643357,4.536619246390722,544.0531528630208,75.45826203126592,905.4129831892155,4985.233343049019,5
43.05708181144872,168.60704246460418,0.8254807939572673,213.19936368708136,84.65188367343436,661.6354832043994,4415.500344700342,4
469.6475157830324,42.68404064036932,1.6012479966448419,13.728423311609156,12.445250355362843,390.6017204619952,4696.2671662643215,1
442.81075483700295,31.802983018661465,2.2678766127471124,19.639446513469213,15.056603260583252,574.5818678476999,2970.8007756485895,1
344.62626465861695,82.02763120806804,104.52600009371405,331.9098984313494,4.315151718909792,402.91128156145976,3825.4506876396667,3
236.5453484701628,113.36870617196828,148.4492749283123,251.28640971195077,21.60621817014812,658.8292246290741,2856.9110104880356,3
333.07093832422186,62.44605311899051,43.52022756752415,34.40763566605006,12.323058958484907,385.5113210459939,4068.135715745665,2
207.92781835806545,49.119086135576396,39.987799215735194,21.439793101132103,15.823771996144018,531.7822081349959,4531.788741425276,2
41.208286394201444,23.785057091888387,0.9693895727427349,16.672529839593192,12.780632054234273,496.8902662849176,3738.18969905628,0
39.93651969063884,28.247382394064324,1.0317414599192576,20.39326369083347,15.03061008888702,531.0206724325042,3756.25394475684,0
279.56593531065533,53.003611775112134,345.8055197109098,200.67404929644283,15.439810947156463,419.04870172476024,5586.42828553856,3
37.52075286780595,18.45780254884678,1.139115772233727,19.22693491317878,11.668095562729597,418.17207549712845,3742.4072903525207,0
162.15062859344332,121.25522787452554,296.26362086040103,105.99397307875361,20.214228627966477,490.110934206699,4604.905495959762,3
36.513150081224204,24.05359703130819,0.9936132068433333,18.2122165065106,12.576049790163651,485.9187327369971,5173.692110144327,0
49.452238201907306,226.348641498545,1.1152948279661754,172.9578878878306,75.70073884679117,741.979328184371,4362.026656195638,4
63.85293064360686,223.87757661624562,4.683419593109131,529.1811573919522,104.60084571198749,838.8167061962931,5916.092260582543,5
596.8424912677973,29.606819262493445,2.174723120678896,34.35606033810945,10.241759649015243,206.71471201443217,5266.712749667446,1
34.852563855703835,22.52387456491754,1.0872775658960618,19.286828011774745,14.030828293768394,396.6759211139368,3670.16212124968,0
496.0862946003586,37.90660715797362,1.1897471491667688,18.13016339630168,11.642475826757732,605.2333089640067,5143.13073221159,1
63.39179407718404,252.56021034182905,5.090660065794959,732.6705644209803,68.4002228904927,797.6346192396131,6639.494756835088,5
371.7819224062677,60.811557860233876,2.835242552584553,14.882373093246366,17.914083463777583,360.26072073604183,1774.9408917153082,1
570.4033501344525,15.669120243425123,2.0565920938286584,31.966570968086437,14.477103220381107,230.40464957067667,3348.6535205719188,1
52.47852011429954,230.29237386160557,1.1068975909655165,277.1229132087125,99.04840441303098,742.3098849011992,4716.349940254139,4
392.21024064901314,122.72721899784548,177.1416669995743,309.1606693387565,20.862110826160777,764.2300945509932,4676.871243149167,3
415.3666702143534,99.75150833318,226.86584369588482,315.33417659203144,16.946596927044887,296.0092655165003,6422.26025612871,3
47.79092599645218,205.116769404507,1.0580847782592064,196.03605632527527,85.3417521074238,741.1941382521994,4969.058176632469,4
571.77725367129,44.54016141693805,2.174079996253253,30.765390675971517,8.25497124175436,478.8874155207818,4217.624144584829,1
356.801446250648,77.8228770269199,321.715053638403,155.03816977958067,21.994592843297898,741.3051724310868,6126.377167434354,3
42.77393604041703,213.21029662193035,0.6066215498243904,190.30154410704986,81.44077502901986,833.8188015658488,5105.4864913499605,4
213.2992706002078,52.480148616856845,1.945808593846922,16.115538765790298,13.767037057963485,267.26768337830424,5422.328470443246,1
64.11695308212816,511.67259165482665,2.84407188383347,381.845990967383,70.2009374136758,1408.7640439368274,7537.403211132875,5
40.85161033403123,26.437664174434268,0.9803293704694983,18.941694913924998,18.09712637626523,590.1961857111284,3637.465812971701,0
61.84386926710982,360.61067396053534,5.504536465997381,628.8876390371431,88.52648200423675,800.3372669302846,4366.352842800198,5
37.09881469029804,21.60445354239977,0.9432756168940916,21.507916404022374,13.251845660771005,499.7823008715284,3095.846452794666,0
145.94317204569046,108.84437710721635,275.5153176355724,261.3720505601497,18.22446719499057,545.3547277662643,5725.473503047955,3
446.96346409667177,100.27084170475669,50.99934511697597,153.24492416866067,22.80900490802228,228.7060014500748,3454.064616578813,3
532.7207549803344,31.54634136149954,1.7471976352125804,25.871557181989786,12.577654071075079,474.56327503941156,1997.3057090774682,1
300.78290735283116,34.78258317688454,1.6484490737290491,21.608976685731896,10.72258706766416,454.0886273448039,4312.7894722744495,1
33.17550208598402,20.574997080747778,1.1206855452377256,16.177192329212655,14.848303443544784,488.1685782939138,4591.561953454211,0
294.03274047533756,61.81860817015565,17.340364249252897,39.19601606094126,9.99524827663629,323.5584825078559,5026.466913384058,2
39.701927527400315,17.509499901663027,0.747651027731346,18.567786485932594,12.498759220015229,538.5617051998441,3429.805829461979,0
125.30388782686535,68.4711338773561,24.393162292215795,41.325697098956525,13.11296467481866,529.2705764726398,2586.284354701645,2
152.2077169454838,154.33284523318656,321.29826889075696,289.6428467657514,37.635236720340686,556.8828297076024,2122.3312820384563,3
243.9780812501096,49.83736324679045,16.970371712662267,52.87092259946911,10.075102682585952,367.8345403281524,2608.526194508275,2
588.5602979298842,51.48498409248894,1.4011858440236733,17.886409790301386,17.161504331466208,844.5942735948736,5487.313092233864,1
61.67632046162189,312.1738854371122,4.971625587578467,504.5462913703506,62.02712266849566,858.9710570569557,6739.120861059385,5
276.30950367971036,75.20845251154134,22.126614694564577,47.130475652045334,9.686511713700163,270.0887892713623,2660.1700206979663,2
72.14318273325186,331.64052421052935,5.115987328301302,544.3515136105428,63.81724859229503,1206.874479229663,5197.731945353738,5
34.09242681717196,28.6170650583975,0.9951494321957177,19.432873632666777,13.588390974525467,426.9046798755868,2840.2663505749947,0
94.14809540164158,432.55180567887055,5.234903242393941,373.0301438910267,105.45051433776297,817.0732011765979,4344.395592921013,5
450.6797141653067,106.51290127916045,133.57277995813266,239.95975072499206,19.22475702472558,299.694958387307,3408.4115432173767,3
397.3180980733481,99.95166219200806,232.6917304563124,224.21936424555017,13.651379776140608,655.547661299525,1964.2733886632727,3
69.89396115891438,250.08219514834076,6.028175312702119,522.1951198828019,58.620113728732655,883.9253826012749,4486.593422272602,5
40.434911296338974,196.54050657480974,1.075700265057073,202.75214502780256,104.30171492686839,480.14413000950407,3541.575403601154,4
235.84692671417648,24.698456641583746,1.5660585884354965,17.856169638399106,8.870771261163064,275.22454567582093,2863.107762095389,1
53.03669941166989,305.7767190980938,6.005120490206811,541.3230696489439,109.22955267990929,1051.7260666154561,5751.583401931069,5
295.8811112608916,75.19220557793061,38.768793494112366,41.66735169633359,9.609127040156382,559.7259086228814,802.9880426616327,2
54.22750023743527,292.35990218701176,4.838883864696545,603.9127615262254,98.42352071421541,1351.2290637125975,3087.6204882918614,5
35.53259901091276,17.470401059482487,1.0400104251964963,15.128388730526263,14.419233537614181,344.6188027522506,3893.1434412179015,0
301.0205406208826,81.66515553140147,24.13479414367554,63.97376589597702,15.261330595466298,484.0582866359637,5018.198382678537,2
38.421677742365965,24.967019914429105,1.076979971661577,16.869108391402396,18.682436866960053,344.16469689094134,4280.906154724012,0
34.483158487883635,24.08538958683498,0.6853823563584788,15.585640149655411,13.44754580864166,403.7049443580766,4346.122100424011,0
55.11712036458703,226.72247189531586,1.354937068317491,205.2245759031722,103.73956515904489,496.3753851835842,4886.893415845335,4
270.51305275444463,60.54839496601311,27.855243270778686,48.90027157743184,10.86029452767434,430.09119796267504,4263.130538664563,2
170.1321802637207,37.92249586549029,1.174374001056111,16.194014038846728,13.360072118710914,419.4467985450877,3191.4726287885023,1
363.7771696367287,61.53465500713291,19.8706274660053,39.486571416550305,12.843619367768714,571.8711215651101,3387.83432710788,2
49.51478969124533,170.87979321892206,0.8718690182995132,188.8849717137494,102.01277238900161,801.4333031628785,4667.415410191277,4
24.481181717082016,289.15462384198,6.4589217095144535,459.4834453160477,59.453556821884376,752.2102750190406,1263.5706680113221,5
55.56612025173513,204.69350923953027,5.094003012293409,510.6483733525703,69.9241796055417,954.3850250362211,5741.971610808991,5
261.6103867933756,73.99777312318375,352.65392003122867,300.30304281746896,9.113156365521164,302.5237636466739,437.77304324597293,3
159.6623513769005,27.02138678387839,2.5899439816672425,16.226327870403352,11.27006176739878,668.5716916580737,5327.890017085085,1
47.54828033554239,157.499854336819,1.015392876650391,224.3175813495776,125.30613282774564,682.3257868791306,4462.832416193493,4
383.4369514978354,134.05463031072227,322.6221285929547,211.11110416810388,21.85153284762671,711.6126937197806,4083.91742940146,3
475.2369638832409,115.55376912521848,269.4649848657889,304.17282368870343,18.46492098514705,466.7109892934577,4361.514582856141,3
26.42072391142126,147.69341485669105,1.3016154369088189,282.3120893834161,94.22262842814796,610.6199109824023,4300.524089234151,4
42.81766629927325,208.4592683021939,5.686279167997327,514.3484237476996,76.97882919759434,960.9146682661036,4395.405108217455,5
47.073312172257495,188.03656570229384,1.2315986105159173,273.5756888877922,117.22470203995925,828.0513337703509,4366.138868309514,4
392.6931664430366,62.05021397076249,251.3182132515181,238.73925412733848,11.99917712101091,330.2730960080853,5956.739128241836,3
34.56189388806038,23.350046108013593,0.5566571763482395,14.632242831825744,16.35376536794665,405.1377449957387,3794.7195059346946,0
29.422324337737294,23.01460214737722,0.8684708832748618,17.745491103518095,10.308770378151074,350.9744459361081,4749.793440495281,0
236.13579083412273,49.731244667582175,35.86551043917722,50.0639047761975,18.86235000195944,286.63966202544094,3991.6913664525846,2
374.61440763033653,39.30238780604454,2.3487192871965514,15.04194093902655,18.229765239375283,496.3253574756322,2368.0975361304368,1
47.547890274143654,175.8739550759884,1.178914198022952,163.83498773761025,77.07671494892412,692.5379519961137,2932.7786384056694,4
36.22119731660395,162.47553419669845,1.3541135218073963,205.73480680318013,75.74925530164627,443.9920225527633,2950.773708287082,4
28.46940246015256,370.98837925352336,4.129690838193393,705.8616352407624,79.74011372428663,721.3960203553978,4853.556874114542,5
37.45906564917004,183.132390748527,0.7561735164304784,201.66441394784056,87.59253920834382,491.4708536736478,7043.24427205582,4
29.154712779910298,27.173354284286788,1.0786761062929129,13.965104826487872,15.468313136559265,588.5562362813477,3692.858579516012,0
39.351882575377466,180.02369549602824,0.8734210709478151,177.67652000746273,107.73457036667082,843.6618793081097,3017.7967661562025,4
129.10751849915147,68.4509825649412,57.50438877086465,46.22441046759465,8.536194260184752,492.4104068081406,2515.3642925095132,2
393.34559502305024,34.57900342290342,1.5638033765555919,34.30316622789124,14.702133152900576,421.2867688889616,3829.5968093141955,1
31.457333354320784,200.61956262308246,1.0202626387442653,242.8741091461949,88.93000863081198,707.8468524813738,4958.3384936324155,4
203.94254816359958,75.28216864810115,26.78773521104421,33.25351781817676,10.23218742280801,451.23712204722256,3998.9577770943047,2
36.30172469447234,24.469766866960743,1.1309584900139116,16.556009386809894,10.697690674994874,356.7184403829548,3312.7861532709107,0
34.482951206325524,23.412631329834426,0.9880422683640402,13.444197028313319,10.961063807911517,360.71777616607784,3061.4867130952,0
33.454674451481935,23.28941426456741,1.065648351030146,19.649281274309306,13.08817909015634,503.3515596952167,4128.976084224226,0
302.908087936611,14.113740501378633,2.3243657017682455,32.72048462630473,21.253021163610278,442.94622452174315,3810.083649634518,1
386.39752025922314,34.468404812901596,2.4239195077386966,19.551386470611632,9.869069145069789,459.6380154011456,3877.0132518521395,1
243.5217772598616,74.18126377754261,253.44153108093744,225.22837238008938,29.807030969124654,431.01759995452323,4369.765045101886,3
33.66330710872834,19.347528820851075,0.8522262951533761,15.675727467986361,19.160590593359373,571.6175814729323,3377.655314450289,0
359.24359570474746,54.567132989175285,34.55396117857905,39.40145602304148,14.347554542017196,638.6599368768365,4040.535563558526,2
37.175649524698976,21.28923204988051,0.6801930578903037,18.722820948328355,12.292823699848316,421.96338493787124,3269.467728507703,0
383.45413732693163,35.78673432494538,2.623552165780436,12.876061345626354,13.937188639953074,507.1743787312153,2997.2576711650518,1
51.74667372844815,312.23758061158236,5.516541028754904,431.3624468651558,71.44522382598566,858.2727408587314,4787.167534856019,5
53.26961839573049,160.0758535157581,1.0373096111707958,138.00300643538503,79.74341236218962,841.3154849318119,3855.352889997128,4
389.1189992722416,186.80547135697867,208.17880044359833,163.3963687476781,25.711990245761594,290.7212400524812,3631.411695264063,3
49.779773623248076,184.1917295010072,1.150063117863386,273.59752359967416,78.52915957484605,565.7118739753495,3583.876908910191,4
261.16786610175376,66.5769543716499,37.98979525213394,36.17339739135798,8.012103831234601,476.8172615510334,3511.0507237782485,2
262.5505951211445,150.6210214276872,423.3266985967578,85.76985208943574,21.46361564418781,478.78740917336654,2489.5138825889394,3
30.080188436184883,124.68334155516882,0.9163898271886061,147.26326894779444,83.74100588682757,933.0919991641751,3259.2614510801864,4
76.19353177350362,470.44237808541925,4.794705272016403,406.6103923334184,38.344339795166185,1094.301846916462,4484.75225224718,5
447.5784180893102,37.190820609670375,2.7198378682065023,22.818364038410294,15.306454335469736,693.1852368860186,3931.3062067941805,1
52.657583831144684,290.87443259972366,4.007456016656163,458.4192855718308,95.87279219688277,559.5436459013054,5650.423263725799,5
278.9966196841662,74.6099450663923,30.95806709391349,26.716047945368903,17.93092610433954,390.4671202976187,3174.1910725610837,2
346.47759319714515,48.220386110464005,50.18145124802142,26.749403671746464,16.846290819535785,343.10127848073023,3699.0627599036306,2
26.794857186965793,25.857887608483516,1.1451199409387516,18.79092132344269,10.663315115224679,441.642872632748,4000.695607608925,0
71.2176779235654,302.49869697684903,4.205256819231965,440.95992779177476,81.65826512467214,916.4747723550737,4288.732385486149,5
362.04790492336866,30.311212849743335,12.620302293952447,36.007089382500936,7.864307569193674,432.79036468844214,3890.232392550282,2
221.64828818510728,47.17747624600825,34.20996472156538,46.14644048081822,15.765475250114168,495.4401352033845,3287.746410650781,2
43.3306802168617,201.15023724861217,0.9001941489978285,187.00627218512557,86.8793966030584,995.6141063834145,2849.355956606004,4
33.73375001182916,282.9648106272645,6.091669140890365,503.6375766558292,104.26078631602735,1068.9651686225664,5881.154253356258,5
487.08495799824664,43.24202003122314,2.2179578475485187,19.565525967016736,12.262346268431918,206.69728533578453,4187.19161405322,1
318.4168509684097,93.25593308696102,269.98089865971014,248.03787302639424,26.469751324168534,496.55946726010967,5381.756821792338,3
536.2329677983827,43.12585739955359,1.0362459090227707,18.121076366550316,15.74481957907543,592.1514792654285,4837.515704231339,1
55.98917334341944,163.53917261492072,0.9178880172331196,185.0742290821503,88.83034234217138,479.6906665737145,4014.5938987125364,4
297.0112292943735,55.290863178782224,26.545877994366176,25.30142483892865,12.671678121204174,645.5457104259164,3887.92899098546,2
258.17764637668137,73.01814150097668,21.11850436016825,34.58424138205722,18.13446974542994,388.0007466891749,3479.217556166283,2
29.47759181728333,24.458933580549044,0.817492237242039,20.27374278967161,12.072717571423219,639.6459054815065,3356.2523964792267,0
34.26084784631398,28.997425865453664,1.0235572851168018,17.57168593999554,11.825127119065796,336.9589012324559,3337.3937291004013,0
40.449485676484564,167.20319997189347,0.8862560281753289,318.363623625724,78.07292729686776,410.38522645598414,3060.061226137048,4
276.9784966666989,45.678259006497484,2.27979726330225,12.098449558202322,20.43718271466225,801.7094036348733,4942.090725286324,1
247.11922215530228,116.41225781443687,261.18735723867616,387.0064980584111,15.366129837418782,531.257072156587,4727.999660068619,3
30.468275272692548,29.850662381722636,0.7974851322810368,22.331418582649537,13.930081047014431,371.5694275693441,3234.27194063499,0
159.46341113173793,72.2901138026166,25.494695118537063,54.93301562125755,17.46189779161716,431.4508437472996,4106.049692386821,2
325.57760386645697,89.7802708500663,135.99471293747092,246.73420433314809,15.993888955864547,294.75145032528593,3394.705650503604,3
514.5217994910037,40.20036593372028,2.0873781886063307,22.359378661908963,11.121079401089814,603.4382909121522,2532.2695500305103,1
115.50201493287685,66.6920674085968,45.069847805080514,43.638870038215735,13.754482911178838,412.65724708100794,1978.214476420555,2
48.53100377172923,192.36968144494958,0.8398985798808662,111.56962312071768,97.56022974609897,574.3209641434648,5120.156231113755,4
52.7796796740187,215.03253142984477,1.2796887300767308,217.0236100147307,88.01969776639571,664.5970142769463,2938.720497844798,4
517.6229046006187,37.952318239256535,1.5814656760422152,14.804360697006285,7.586266654286526,521.8655776128223,3395.7701961334515,1
306.55512437669785,82.91298097135882,45.027415197734896,27.481477878200884,11.207772090024413,352.9805912107061,3452.5509172283864,2
64.53111728637761,240.38709696051362,1.1412975511594272,214.26169513181802,56.47901457577545,721.9461428032979,4005.700633296026,4
71.65053350564666,422.14377517555806,4.965799387444402,443.32237405843586,83.15596128997113,895.5812334386153,3793.1670188994576,5
31.053281798979125,26.488874875058094,1.0833373132975188,16.320147209313504,16.073550804597442,528.1317736664266,4375.602948544177,0
60.05123826012768,524.2167243320123,4.515457037279484,518.8150194131247,128.04785929140942,943.6706166382152,5112.080298941179,5
221.00314094476727,74.97701856934499,34.614255050306774,36.75403104102985,9.874465539543245,395.60738364842155,5311.640307731516,2
203.3943956520281,64.15211551156852,244.6878964322533,142.49835610771345,17.693999620564593,471.0392159395983,2826.406869391256,3
40.73069867034151,198.76593349634717,0.9565802551878984,209.67633580059464,69.3493303816233,787.1489672535873,3022.933292798025,4
37.82468080962332,21.121344806221003,1.0352914167382394,14.155917024422537,14.937276509840434,395.55457395925237,2907.377288859318,0
64.68278255050342,202.7887541383304,1.05490696742221,160.94506439259203,106.40251441770923,509.92294159606917,3089.649195285857,4
39.338638376939606,26.047155827250855,1.2053176947855344,18.15103624535748,15.041853486986449,474.727473021378,3444.3258526112477,0
293.0641166499719,118.12664658623466,239.77525407817657,253.1677309352348,22.72940988457189,514.1619158191284,5958.310004525592,3
439.66234343051144,51.92506001340865,1.7057227035837736,22.370856914190355,2.6275407628265013,474.39419513018294,3443.131794044126,1
39.46924926793514,22.34775801268201,1.1453496805413788,17.023052149872278,12.97152461590746,511.33059179271754,3616.786217396422,0
33.84463870707273,106.34122904754828,0.7800986026703007,163.23677753424585,81.67173680907773,937.0074063178797,4259.841055111554,4
238.18777900219743,90.20252608290009,196.10071167100074,392.55482629577796,18.118829634367195,530.9346936895331,3240.390083627146,3
51.424874020722534,491.51535505889046,4.143724039200697,221.4041735399874,64.0909665885161,1002.4988281660751,6219.309910558685,5
440.382099678692,95.35212414707692,211.93767669916235,331.0344281642476,31.4993158016771,536.6944610040658,5584.194959081317,3
386.68332764562587,90.83604824024891,264.1092587444224,101.99864145108786,11.081955175537246,416.35719030067594,2982.2755557982246,3
306.6237203954045,122.37069330614361,367.4213795894432,361.7879456350299,20.699527817657405,683.9097226378994,2992.127345181863,3
273.291585025,34.37868441880013,33.716229486374864,46.13585516011376,7.990769736444056,517.3431247339622,3782.3363346530964,2
48.26528796667405,190.9989146955878,0.9037477839061568,200.81031197387767,56.93022008409658,764.423382897367,4645.265260293041,4
326.82937275257046,153.2333806686872,166.90136282708752,120.83453233521155,14.117831350353928,257.6930840939952,2012.566869105401,3
