timestamp,load_pu,ambient_temp_c,oil_temp_top_c,oil_temp_bottom_c,winding_hotspot_c,voltage_hv_kv,voltage_lv_kv,current_hv_a,current_lv_a,h2_ppm,ch4_ppm,c2h2_ppm,c2h4_ppm,c2h6_ppm,co_ppm,co2_ppm,vibration_rms_mm_s,partial_discharge_pc,oltc_position,fault_label
2025-11-01 00:00:00,0.358,13.77,21.11,18.18,24.0,131.559,33.604,39.28,153.79,32.26,17.57,0.52,15.15,12.46,414.08,3504.77,0.995,11.6,9,0
2025-11-01 01:00:00,0.3148,13.38,19.36,16.97,22.43,131.691,32.751,34.5,138.74,33.91,19.67,1.02,13.3,12.31,406.14,3637.03,1.233,68.5,9,0
2025-11-01 02:00:00,0.3714,10.49,18.28,15.16,20.16,132.202,32.628,40.55,164.3,30.52,15.52,1.23,13.84,10.92,371.08,3428.74,1.302,34.6,9,0
2025-11-01 03:00:00,0.3856,10.81,19.08,15.77,20.14,130.983,33.446,42.49,166.41,35.94,15.98,0.93,16.34,12.61,367.85,3424.0,1.148,35.8,9,0
2025-11-01 04:00:00,0.3124,8.55,14.46,12.09,16.51,132.146,33.349,34.12,135.2,26.04,19.33,1.27,15.97,14.9,372.14,3434.33,1.331,96.7,9,0
2025-11-01 05:00:00,0.3494,8.01,15.07,12.24,16.88,131.501,32.952,38.35,153.06,32.05,19.74,1.18,16.67,12.26,379.63,3476.79,1.367,55.4,9,0
2025-11-01 06:00:00,0.4128,8.7,17.92,14.23,20.72,132.565,33.101,44.95,180.02,26.94,19.37,1.34,14.33,12.83,388.67,3523.47,1.517,50.6,9,0
2025-11-01 07:00:00,0.4215,7.63,17.16,13.35,20.63,132.361,33.107,45.97,183.77,33.18,15.24,1.65,17.02,13.06,393.21,3463.51,1.517,184.5,9,0
2025-11-01 08:00:00,0.4525,7.55,18.24,13.96,21.35,132.274,33.036,49.38,197.7,31.84,23.11,1.78,15.03,10.28,399.02,3580.51,1.452,76.7,9,0
2025-11-01 09:00:00,0.4479,5.38,15.89,11.69,19.09,130.939,32.658,49.37,197.96,35.4,17.13,1.22,14.43,11.8,399.49,3499.73,1.592,91.6,9,0
2025-11-01 10:00:00,0.5175,9.49,22.73,17.44,27.21,131.932,32.345,56.61,230.93,31.5,18.36,0.86,12.8,11.76,399.27,3492.3,1.555,69.5,9,0
2025-11-01 11:00:00,0.5279,7.26,20.93,15.46,26.85,131.223,32.777,58.07,232.49,28.79,17.48,1.02,10.82,8.81,417.16,3393.59,1.415,5.9,9,0
2025-11-01 12:00:00,0.5151,11.01,24.16,18.9,28.69,131.976,33.479,56.33,222.07,28.53,22.6,1.47,11.87,13.18,374.85,3645.7,1.475,54.2,9,0
2025-11-01 13:00:00,0.5498,11.71,26.3,20.47,30.45,130.472,33.49,60.83,236.97,29.25,20.84,0.73,15.43,10.6,405.01,3496.22,1.38,17.5,9,0
2025-11-01 14:00:00,0.5271,12.56,26.2,20.75,29.97,130.983,32.931,58.09,231.04,28.47,19.05,1.43,13.19,13.02,404.94,3630.98,1.28,24.7,9,0
2025-11-01 15:00:00,0.4788,12.42,24.12,19.44,28.13,132.785,32.747,52.05,211.05,34.04,18.91,0.95,11.71,10.86,381.06,3450.23,1.504,88.8,9,0
2025-11-01 16:00:00,0.5022,14.63,27.26,22.21,30.64,132.244,33.073,54.81,219.15,33.83,20.36,1.07,14.16,15.06,408.01,3566.46,1.226,131.6,9,0
2025-11-01 17:00:00,0.4447,15.05,25.44,21.28,31.13,131.766,33.116,48.72,193.84,25.51,17.51,0.76,15.56,11.58,405.59,3455.01,1.394,2.4,9,0
2025-11-01 18:00:00,0.4794,16.34,28.06,23.37,32.47,131.4,33.159,52.66,208.66,30.12,20.76,0.6,15.83,14.88,399.35,3645.54,1.095,0.1,9,0
2025-11-01 19:00:00,0.4295,16.56,26.39,22.46,30.08,131.284,32.333,47.22,191.74,30.19,18.9,0.92,14.94,11.74,363.74,3589.68,1.425,12.9,9,0
2025-11-01 20:00:00,0.4035,14.94,23.84,20.28,26.31,132.132,33.834,44.07,172.12,27.66,21.04,1.39,14.88,11.92,414.46,3567.98,1.293,51.6,9,0
2025-11-01 21:00:00,0.3681,17.93,25.61,22.54,28.15,131.773,33.299,40.32,159.55,31.32,20.97,0.79,13.92,14.35,403.4,3442.04,1.469,8.4,9,0
2025-11-01 22:00:00,0.4076,16.23,25.27,21.66,28.25,133.021,32.948,44.22,178.55,34.38,18.81,1.48,16.27,10.62,406.06,3652.55,1.37,203.8,9,0
2025-11-01 23:00:00,0.3528,15.03,22.21,19.34,24.8,131.878,32.81,38.61,155.18,32.68,15.9,0.83,14.65,12.08,349.14,3663.06,1.357,13.4,9,0
2025-11-02 00:00:00,0.3364,13.77,20.42,17.76,22.83,132.039,33.261,36.78,146.0,34.04,19.51,0.68,14.85,12.81,392.03,3469.65,1.376,20.8,9,0
2025-11-02 01:00:00,0.3358,13.48,20.11,17.46,19.95,131.084,33.131,36.98,146.3,27.85,17.1,1.08,17.08,12.61,378.5,3512.96,1.276,214.4,9,0
2025-11-02 02:00:00,0.3652,10.94,18.52,15.49,20.6,131.762,33.024,40.01,159.64,30.11,20.16,1.2,16.58,12.06,419.4,3574.17,1.298,27.1,9,0
2025-11-02 03:00:00,0.3687,8.28,15.98,12.9,18.71,132.117,33.121,40.28,160.69,27.7,19.49,1.06,14.63,11.86,383.43,3342.25,1.299,37.0,9,0
2025-11-02 04:00:00,0.3837,9.74,17.94,14.66,20.12,131.754,32.97,42.03,167.96,30.72,18.82,1.05,14.35,13.27,422.19,3591.69,1.373,202.3,9,0
2025-11-02 05:00:00,0.4018,8.81,17.65,14.12,20.42,131.679,33.106,44.04,175.18,30.99,17.41,1.48,14.33,12.27,414.3,3581.92,1.317,20.4,9,0
2025-11-02 06:00:00,0.4736,7.3,18.8,14.2,23.21,132.216,33.192,51.71,205.96,32.88,22.37,1.03,10.96,13.45,403.32,3454.98,1.504,153.7,9,0
2025-11-02 07:00:00,0.4192,5.85,15.31,11.53,18.36,133.0,33.091,45.49,182.85,33.94,19.09,0.86,17.19,12.59,417.03,3324.64,1.144,27.3,9,0
2025-11-02 08:00:00,0.438,6.92,17.06,13.01,21.53,132.096,33.077,47.86,191.14,32.07,24.71,0.66,13.63,12.98,385.84,3526.68,1.194,104.9,9,0
2025-11-02 09:00:00,0.4495,5.54,16.11,11.88,20.44,132.755,33.368,48.87,194.43,27.42,20.07,1.38,16.71,13.7,388.53,3409.34,1.708,6.2,9,0
2025-11-02 10:00:00,0.51,6.47,19.41,14.24,23.74,132.41,32.578,55.59,225.94,25.94,20.7,0.87,15.08,11.54,413.84,3372.97,1.39,9.4,9,0
2025-11-02 11:00:00,0.5389,7.54,21.67,16.02,26.45,132.716,32.789,58.61,237.21,31.56,20.08,0.9,17.78,13.66,385.91,3529.69,1.317,141.1,9,0
2025-11-02 12:00:00,0.5101,10.17,23.12,17.94,25.26,131.598,33.007,55.94,223.05,34.5,20.68,1.32,16.06,11.77,380.12,3605.47,1.451,30.2,9,0
2025-11-02 13:00:00,0.4912,10.17,22.36,17.48,26.2,131.863,32.807,53.76,216.1,29.93,22.19,1.62,16.83,9.9,395.19,3482.52,1.561,0.9,9,0
2025-11-02 14:00:00,0.4888,11.38,23.47,18.64,26.45,131.866,32.895,53.5,214.45,25.42,22.21,1.08,13.82,11.51,386.77,3594.84,1.541,11.5,9,0
2025-11-02 15:00:00,0.5245,15.08,28.61,23.2,33.47,132.361,33.34,57.2,227.08,36.26,16.47,0.96,12.43,10.92,427.99,3553.17,1.35,33.3,9,0
2025-11-02 16:00:00,0.5138,14.68,27.78,22.54,32.39,132.523,32.961,55.96,224.99,31.47,21.71,1.0,15.3,12.56,411.64,3390.18,1.38,4.7,9,0
2025-11-02 17:00:00,0.4902,15.71,27.85,22.99,32.49,132.083,32.517,53.57,217.58,30.52,21.0,0.86,11.17,11.57,391.37,3455.71,1.395,33.9,9,0
2025-11-02 18:00:00,0.4334,15.79,25.76,21.78,30.08,132.579,32.888,47.19,190.22,26.5,20.07,0.89,14.07,12.19,384.99,3586.38,1.463,17.9,9,0
2025-11-02 19:00:00,0.4383,16.06,26.22,22.16,29.46,131.628,33.015,48.07,191.64,30.05,23.43,0.89,12.62,13.52,405.09,3455.06,1.426,34.0,9,0
2025-11-02 20:00:00,0.4129,14.64,23.87,20.18,28.59,132.584,33.01,44.95,180.53,32.06,23.51,1.27,13.32,14.23,417.82,3565.57,1.269,110.8,9,0
2025-11-02 21:00:00,0.3954,17.63,26.24,22.8,29.09,132.67,33.147,43.02,172.2,31.51,21.81,0.97,16.19,12.44,404.37,3467.23,1.321,9.7,9,0
2025-11-02 22:00:00,0.3974,16.61,25.29,21.82,26.93,132.447,33.125,43.31,173.17,27.96,18.91,1.41,16.06,13.63,385.74,3557.74,1.359,18.0,9,0
2025-11-02 23:00:00,0.3645,15.19,22.75,19.72,24.55,132.089,32.963,39.83,159.6,29.83,17.62,0.97,14.68,11.74,378.46,3534.37,1.605,33.8,9,0
2025-11-03 00:00:00,0.4317,14.04,23.96,19.99,26.83,132.471,32.685,47.04,190.66,28.15,21.51,0.89,15.64,9.66,394.34,3480.18,1.389,19.6,9,0
2025-11-03 01:00:00,0.41,13.71,22.84,19.19,26.17,131.41,32.884,45.03,179.96,34.99,22.72,1.38,13.92,10.23,404.74,3555.49,1.901,7.3,9,0
2025-11-03 02:00:00,0.4201,10.13,19.61,15.82,21.85,132.131,32.836,45.89,184.64,32.69,15.94,1.01,19.85,11.71,392.95,3327.26,1.37,44.0,9,0
2025-11-03 03:00:00,0.4403,9.8,20.02,15.93,23.08,132.198,32.925,48.07,193.02,28.43,22.17,0.96,15.6,13.19,415.12,3413.19,1.168,53.9,9,0
2025-11-03 04:00:00,0.3935,8.04,16.59,13.17,19.09,131.123,33.182,43.32,171.18,26.5,19.49,1.01,13.82,11.71,407.91,3462.96,1.449,144.1,9,0
2025-11-03 05:00:00,0.4484,9.92,20.45,16.23,23.51,132.313,33.107,48.91,195.48,30.84,16.38,1.44,16.75,13.78,403.57,3593.86,1.581,37.9,9,0
2025-11-03 06:00:00,0.468,8.23,19.5,14.99,23.87,131.176,33.218,51.49,203.35,28.52,20.94,1.09,17.48,14.75,407.62,3384.36,1.505,13.6,9,0
2025-11-03 07:00:00,0.4888,4.65,16.74,11.9,21.31,131.718,32.899,53.56,214.45,28.75,21.82,1.37,13.45,10.67,379.17,3497.27,1.474,60.1,9,0
2025-11-03 08:00:00,0.5256,5.17,18.74,13.31,24.37,132.026,33.398,57.46,227.15,26.6,19.3,0.93,12.16,15.19,392.53,3525.45,1.406,53.1,9,0
2025-11-03 09:00:00,0.6028,6.72,23.63,16.86,29.54,131.518,33.178,66.16,262.25,26.97,17.89,1.33,12.56,9.55,384.4,3519.86,1.459,52.5,9,0
2025-11-03 10:00:00,0.5527,6.88,21.59,15.71,27.75,132.054,33.03,60.41,241.53,30.49,23.43,1.07,13.66,14.77,405.77,3492.17,1.127,1.0,9,0
2025-11-03 11:00:00,0.6236,6.82,24.67,17.53,30.19,132.044,33.159,68.17,271.45,29.2,18.66,1.26,14.89,11.95,384.63,3450.41,1.641,74.9,9,0
2025-11-03 12:00:00,0.5541,11.13,25.9,19.99,30.01,131.459,32.822,60.84,243.66,37.49,22.32,1.29,11.74,11.65,401.24,3480.32,1.42,18.2,9,0
2025-11-03 13:00:00,0.5979,10.7,27.39,20.71,32.49,132.375,32.443,65.2,266.01,31.79,16.98,0.72,14.16,11.99,397.54,3578.04,1.671,82.6,9,0
2025-11-03 14:00:00,0.6094,12.16,29.36,22.48,35.68,131.496,32.84,66.9,267.86,26.55,20.83,1.02,14.59,10.8,409.01,3444.99,1.425,23.1,8,0
2025-11-03 15:00:00,0.6122,12.28,29.61,22.68,36.94,133.51,33.197,66.18,266.16,25.4,20.78,1.29,15.65,14.25,382.06,3327.31,1.498,121.9,8,0
2025-11-03 16:00:00,0.6,14.9,31.68,24.97,37.32,131.928,33.021,65.65,262.27,31.2,21.75,1.34,16.23,10.96,406.79,3537.35,1.687,30.5,8,0
2025-11-03 17:00:00,0.5818,14.84,30.81,24.42,36.18,131.227,32.964,63.99,254.74,28.81,22.99,1.38,15.8,11.15,383.97,3619.73,1.691,46.1,8,0
2025-11-03 18:00:00,0.5234,15.73,29.21,23.82,33.7,131.35,32.776,57.51,230.49,34.0,18.38,1.03,18.59,9.93,385.54,3415.97,1.588,16.5,8,0
2025-11-03 19:00:00,0.4941,17.12,29.42,24.5,34.03,132.757,32.484,53.72,219.55,30.85,21.04,1.46,17.19,10.91,397.87,3608.92,1.166,31.2,8,0
2025-11-03 20:00:00,0.5078,15.05,27.9,22.76,31.9,131.73,33.376,55.64,219.61,24.06,17.27,0.8,15.45,10.95,417.92,3541.72,1.262,3.8,8,0
2025-11-03 21:00:00,0.4522,18.11,28.78,24.51,31.83,131.1,32.945,49.79,198.13,26.95,17.25,0.55,13.06,10.85,387.39,3407.56,1.531,102.1,8,0
2025-11-03 22:00:00,0.399,16.19,24.93,21.43,26.56,132.563,32.887,43.44,175.11,27.98,18.85,0.92,13.65,11.74,373.34,3443.77,1.295,13.2,8,0
2025-11-03 23:00:00,0.3874,16.5,24.83,21.5,26.92,131.726,32.823,42.45,170.34,31.33,20.82,1.36,12.14,10.33,385.83,3440.27,1.405,43.5,8,0
2025-11-04 00:00:00,0.3843,12.96,21.18,17.89,24.64,132.431,33.331,41.88,166.4,26.85,23.36,0.67,15.31,14.39,394.23,3513.59,1.423,28.6,8,0
2025-11-04 01:00:00,0.4234,11.9,21.51,17.67,24.63,132.617,33.233,46.08,183.87,30.46,23.72,0.56,15.66,11.77,428.05,3485.57,1.45,60.8,8,0
2025-11-04 02:00:00,0.4161,10.37,19.72,15.98,22.07,132.181,32.745,45.44,183.43,26.0,19.29,0.48,16.79,12.56,405.84,3588.52,1.25,83.0,8,0
2025-11-04 03:00:00,0.4426,10.49,20.8,16.68,25.12,133.581,33.307,47.82,191.78,30.02,20.61,1.22,15.54,13.29,388.71,3568.02,1.575,30.7,8,0
2025-11-04 04:00:00,0.4249,9.1,18.76,14.9,21.36,130.862,32.962,46.87,186.07,31.11,21.89,0.57,17.11,15.04,397.89,3376.45,1.334,8.5,8,0
2025-11-04 05:00:00,0.4632,7.53,18.63,14.19,23.41,131.46,32.839,50.86,203.59,34.39,21.53,1.16,17.15,13.37,423.58,3386.56,1.52,29.4,8,0
2025-11-04 06:00:00,0.5013,6.19,18.78,13.74,24.17,131.831,32.922,54.89,219.79,30.74,19.66,0.9,12.95,11.63,396.41,3549.22,1.42,22.1,8,0
2025-11-04 07:00:00,0.4992,5.44,17.94,12.94,22.22,133.492,32.793,53.97,219.7,27.55,20.16,0.77,13.97,10.39,396.59,3458.84,1.738,61.8,8,0
2025-11-04 08:00:00,0.548,6.48,21.0,15.19,24.91,133.187,32.651,59.39,242.26,34.48,19.78,0.7,14.98,12.51,393.93,3486.09,1.691,49.6,8,0
2025-11-04 09:00:00,0.5386,6.24,20.36,14.71,27.12,132.851,33.205,58.52,234.12,29.45,19.59,1.06,13.59,13.59,410.45,3543.8,1.789,15.8,8,0
2025-11-04 10:00:00,0.5683,6.52,21.9,15.75,27.7,131.476,32.942,62.39,248.99,32.32,19.32,0.77,14.52,12.21,392.13,3568.76,1.732,6.5,8,0
2025-11-04 11:00:00,0.5836,9.54,25.6,19.18,31.13,131.553,33.163,64.03,254.0,28.17,19.76,1.0,15.6,12.1,413.1,3401.41,1.472,4.7,8,0
2025-11-04 12:00:00,0.5692,8.95,24.37,18.2,30.65,131.453,33.076,62.49,248.37,30.28,19.19,1.12,14.76,12.32,415.95,3322.35,1.404,48.5,8,0
2025-11-04 13:00:00,0.6231,11.51,29.33,22.2,36.49,131.483,33.145,68.4,271.32,27.6,17.73,1.18,15.0,9.2,409.21,3491.03,1.341,56.4,8,0
2025-11-04 14:00:00,0.591,11.0,27.38,20.83,34.36,132.985,32.46,64.14,262.78,30.97,21.73,1.28,13.12,12.22,396.65,3431.7,1.535,40.3,8,0
2025-11-04 15:00:00,0.5954,13.07,29.65,23.02,35.15,131.839,32.771,65.19,262.25,32.42,21.04,1.05,16.01,13.1,379.04,3505.38,1.501,47.9,8,0
2025-11-04 16:00:00,0.5936,13.98,30.47,23.87,36.72,131.926,33.15,64.94,258.44,28.52,23.76,0.69,15.87,11.93,396.65,3493.0,1.49,51.6,8,0
2025-11-04 17:00:00,0.5718,13.37,28.91,22.69,33.52,132.511,32.663,62.29,252.69,28.35,20.74,1.14,13.48,13.69,389.98,3422.05,1.362,26.8,8,0
2025-11-04 18:00:00,0.5543,17.29,32.07,26.16,37.83,130.902,33.098,61.12,241.72,31.07,19.17,1.2,12.42,13.74,388.33,3667.04,1.531,61.4,8,0
2025-11-04 19:00:00,0.5055,16.23,28.98,23.88,33.31,132.035,32.633,55.26,223.58,27.53,18.75,0.95,17.46,11.25,396.42,3501.45,1.395,52.2,8,0
2025-11-04 20:00:00,0.4699,17.28,28.63,24.09,32.61,131.276,33.004,51.66,205.48,25.45,20.1,0.91,18.5,12.66,407.2,3454.19,1.363,47.9,8,0
2025-11-04 21:00:00,0.456,15.61,26.43,22.1,29.85,131.806,33.425,49.94,196.93,31.06,21.11,1.74,15.47,12.07,390.67,3508.21,1.453,37.7,8,0
2025-11-04 22:00:00,0.3871,15.7,24.02,20.69,26.37,131.613,33.204,42.45,168.27,29.68,19.51,0.61,14.28,8.96,379.39,3542.48,1.382,34.1,8,0
2025-11-04 23:00:00,0.3784,14.2,22.23,19.02,23.97,131.579,32.511,41.51,168.01,29.62,17.06,1.15,17.09,11.72,385.63,3449.49,1.175,43.9,8,0
2025-11-05 00:00:00,0.3727,15.12,22.96,19.82,25.95,132.149,33.224,40.7,161.89,31.57,18.53,1.31,15.94,10.46,425.37,3685.72,1.268,22.0,8,0
2025-11-05 01:00:00,0.379,12.99,21.04,17.82,24.67,132.146,33.481,41.4,163.39,31.99,20.04,0.9,14.58,12.2,408.25,3378.29,1.469,26.9,8,0
2025-11-05 02:00:00,0.4243,11.75,21.4,17.54,24.01,131.855,33.738,46.45,181.53,29.52,21.48,0.95,16.94,13.03,385.65,3383.85,1.405,51.5,8,0
2025-11-05 03:00:00,0.3952,11.45,20.05,16.61,23.15,132.245,33.125,43.13,172.18,26.64,17.03,0.88,13.38,11.68,419.35,3372.15,1.106,2.2,8,0
2025-11-05 04:00:00,0.4269,10.04,19.78,15.88,23.22,131.427,32.64,46.88,188.77,28.09,20.53,1.0,13.62,10.65,396.42,3500.41,1.518,77.5,8,0
2025-11-05 05:00:00,0.4979,8.62,21.07,16.09,25.29,132.45,33.115,54.26,217.02,31.76,20.45,1.27,15.73,12.35,434.19,3537.94,1.442,108.7,8,0
2025-11-05 06:00:00,0.4724,5.64,17.08,12.5,19.65,131.864,33.421,51.7,204.0,30.41,19.1,0.94,15.23,15.67,403.95,3473.66,1.277,2.0,8,0
2025-11-05 07:00:00,0.5311,5.86,19.67,14.14,23.42,131.681,32.951,58.21,232.62,28.36,18.83,1.93,16.28,8.74,408.5,3537.7,1.365,39.3,8,0
2025-11-05 08:00:00,0.5068,5.38,18.19,13.07,21.93,131.475,33.275,55.64,219.83,27.65,18.53,0.86,17.39,12.35,412.57,3536.63,1.478,41.0,8,0
2025-11-05 09:00:00,0.5528,7.29,22.0,16.12,25.49,131.841,32.778,60.52,243.41,31.86,20.29,1.41,11.9,11.19,422.31,3471.24,1.145,11.3,8,0
2025-11-05 10:00:00,0.5511,7.23,21.88,16.02,28.17,133.235,33.098,59.71,240.34,29.34,22.26,1.16,15.08,11.36,393.43,3534.3,1.539,1.6,8,0
2025-11-05 11:00:00,0.5854,6.46,22.59,16.14,28.71,131.958,32.343,64.03,261.23,32.26,22.4,1.03,18.8,11.84,421.01,3484.39,1.641,47.9,8,0
2025-11-05 12:00:00,0.6307,8.7,26.88,19.61,33.62,131.245,32.749,69.36,277.99,32.64,17.76,1.44,13.81,11.49,390.66,3467.38,1.649,40.5,8,0
2025-11-05 13:00:00,0.5571,8.6,23.5,17.54,27.03,132.606,32.998,60.64,243.68,29.07,19.63,0.52,13.57,12.9,394.59,3460.23,1.652,6.9,8,0
2025-11-05 14:00:00,0.6186,11.33,28.95,21.91,34.0,131.689,32.904,67.8,271.33,32.85,15.62,1.13,10.52,11.64,400.15,3518.75,1.392,21.5,8,0
2025-11-05 15:00:00,0.6027,11.03,27.93,21.17,34.1,132.187,32.657,65.81,266.37,30.42,20.22,0.79,15.21,8.76,413.82,3597.53,1.656,17.8,8,0
2025-11-05 16:00:00,0.5618,14.42,29.52,23.48,36.46,131.6,32.868,61.62,246.72,30.81,21.2,0.87,16.16,13.92,395.06,3403.71,1.522,50.6,8,0
2025-11-05 17:00:00,0.5155,15.3,28.47,23.2,32.43,132.845,33.087,56.01,224.9,23.44,23.15,0.86,16.16,13.7,424.78,3461.69,1.332,72.1,8,0
2025-11-05 18:00:00,0.537,17.63,31.68,26.06,37.27,131.61,32.977,58.89,235.03,27.09,16.43,0.71,12.93,11.09,419.91,3513.13,1.539,2.2,8,0
2025-11-05 19:00:00,0.493,17.07,29.32,24.42,33.07,132.923,33.016,53.54,215.54,27.26,17.83,0.5,14.99,12.08,400.61,3640.66,1.512,63.8,8,0
2025-11-05 20:00:00,0.49,15.96,28.1,23.25,32.23,131.307,33.193,53.87,213.08,29.05,20.29,1.12,15.45,13.83,385.53,3534.65,1.676,104.3,8,0
2025-11-05 21:00:00,0.4596,17.04,27.99,23.61,32.55,131.807,32.909,50.33,201.57,30.35,16.77,0.98,15.11,13.55,415.03,3435.1,1.609,74.4,8,0
2025-11-05 22:00:00,0.4863,14.32,26.31,21.51,30.05,132.924,33.359,52.8,210.4,30.47,20.35,0.91,12.81,14.04,368.58,3426.21,1.34,86.5,8,0
2025-11-05 23:00:00,0.4151,13.96,23.27,19.55,25.65,132.111,32.739,45.36,183.03,30.86,21.25,1.23,15.16,12.56,411.14,3578.93,1.459,5.1,8,0
2025-11-06 00:00:00,0.3821,14.08,22.23,18.97,25.85,133.499,33.509,41.31,164.6,27.95,17.44,1.14,13.37,13.16,387.66,3475.03,1.441,90.1,8,0
2025-11-06 01:00:00,0.4148,10.38,19.68,15.96,22.64,131.822,33.294,45.42,179.83,32.08,20.27,0.92,11.26,14.12,418.86,3401.65,1.445,23.3,8,0
2025-11-06 02:00:00,0.4194,11.21,20.67,16.89,24.54,132.17,32.906,45.8,183.98,35.43,17.58,1.92,16.37,11.49,379.23,3581.23,1.364,24.9,8,0
2025-11-06 03:00:00,0.4636,8.93,20.04,15.6,23.14,133.257,32.924,50.21,203.24,28.95,22.76,1.31,15.28,12.66,390.09,3524.78,1.695,13.2,8,0
2025-11-06 04:00:00,0.4638,8.85,19.96,15.51,24.74,131.001,33.055,51.1,202.51,28.02,20.42,1.73,16.19,8.78,406.59,3404.59,1.338,55.8,8,0
2025-11-06 05:00:00,0.4701,6.63,17.99,13.45,21.97,130.919,33.158,51.83,204.65,27.95,18.72,0.88,13.93,9.63,409.04,3392.9,1.685,26.0,8,0
2025-11-06 06:00:00,0.5274,7.34,20.99,15.53,26.07,131.475,33.289,57.9,228.69,30.26,17.53,1.08,16.26,12.75,390.63,3326.71,1.25,16.2,8,0
2025-11-06 07:00:00,0.4738,6.44,17.93,13.33,21.86,132.537,32.646,51.59,209.46,28.43,20.78,0.63,17.05,12.98,395.04,3450.34,1.38,169.4,8,0
2025-11-06 08:00:00,0.5161,7.65,20.83,15.56,24.96,130.937,33.115,56.89,224.95,24.82,22.72,0.9,18.51,11.42,414.31,3524.49,1.573,10.9,8,0
2025-11-06 09:00:00,0.5316,6.42,20.25,14.72,25.05,132.394,32.441,57.96,236.53,25.64,18.46,0.83,16.63,11.09,415.12,3576.97,1.308,46.5,8,0
2025-11-06 10:00:00,0.5684,6.15,21.54,15.38,26.68,132.348,32.953,61.99,248.98,33.07,19.13,1.9,15.77,11.47,394.74,3534.12,1.374,125.7,8,0
2025-11-06 11:00:00,0.5547,7.46,22.26,16.34,28.26,133.329,33.384,60.05,239.84,33.85,18.5,0.79,12.24,12.29,390.91,3395.74,1.558,28.9,8,0
2025-11-06 12:00:00,0.6251,7.4,25.32,18.15,31.8,132.69,32.626,67.99,276.53,34.81,23.12,0.93,14.79,8.53,379.48,3477.43,1.253,42.5,8,0
2025-11-06 13:00:00,0.6028,10.36,27.26,20.5,32.24,132.24,32.578,65.79,267.05,30.69,16.19,0.56,12.16,12.7,403.82,3614.48,1.667,56.8,8,0
2025-11-06 14:00:00,0.5619,11.84,26.94,20.9,30.97,132.897,33.058,61.03,245.33,27.03,22.58,1.16,13.37,12.05,412.21,3459.16,1.703,23.5,8,0
2025-11-06 15:00:00,0.5656,15.01,30.28,24.17,34.33,132.356,33.366,61.68,244.65,28.69,19.25,0.73,18.91,12.37,402.29,3561.64,1.711,48.8,8,0
2025-11-06 16:00:00,0.5895,13.12,29.44,22.91,35.84,131.696,33.086,64.61,257.19,25.53,19.86,1.28,12.96,11.82,386.15,3551.76,1.544,6.9,8,0
2025-11-06 17:00:00,0.5846,14.51,30.61,24.17,35.5,131.245,32.497,64.29,259.64,25.42,19.32,0.46,10.32,9.93,426.82,3560.92,1.428,18.6,8,0
2025-11-06 18:00:00,0.5952,15.0,31.57,24.94,37.83,131.624,32.556,65.27,263.89,30.77,20.48,0.96,16.63,10.36,368.47,3534.63,1.443,243.8,8,0
2025-11-06 19:00:00,0.5968,16.29,32.93,26.27,39.09,131.974,33.026,65.28,260.85,31.62,18.55,0.45,13.66,14.29,413.19,3560.68,1.542,26.8,8,0
2025-11-06 20:00:00,0.496,16.63,29.0,24.05,33.13,132.116,32.689,54.19,219.0,35.88,22.12,0.85,16.54,11.04,403.27,3381.62,1.467,31.9,8,0
2025-11-06 21:00:00,0.4297,16.02,25.86,21.92,29.35,130.591,33.036,47.5,187.76,29.76,22.2,0.91,12.66,13.21,407.05,3621.37,1.358,29.7,8,0
2025-11-06 22:00:00,0.3748,16.66,24.56,21.4,27.08,131.855,33.052,41.02,163.65,25.93,18.04,0.82,14.15,10.38,388.22,3355.62,1.625,278.7,8,0
2025-11-06 23:00:00,0.4309,14.16,24.04,20.09,25.03,132.019,32.871,47.11,189.19,29.64,21.34,0.85,17.4,11.98,397.74,3525.09,1.378,42.8,8,0
2025-11-07 00:00:00,0.389,14.59,22.98,19.62,25.29,132.361,33.479,42.41,167.69,29.16,19.29,1.29,12.36,11.34,404.42,3496.27,1.61,42.9,8,0
2025-11-07 01:00:00,0.3975,12.94,21.62,18.15,24.65,133.074,33.156,43.11,173.03,28.53,20.11,1.65,14.67,11.57,398.73,3450.1,1.414,69.3,8,0
2025-11-07 02:00:00,0.395,11.09,19.69,16.25,23.65,132.123,33.32,43.15,171.1,31.04,23.06,1.1,15.59,11.49,373.12,3422.13,1.403,15.8,8,0
2025-11-07 03:00:00,0.4191,9.5,18.95,15.17,23.28,131.4,33.243,46.04,181.97,26.36,18.66,0.74,13.57,14.17,425.71,3544.13,1.487,159.5,8,0
2025-11-07 04:00:00,0.4712,11.03,22.43,17.87,25.12,130.8,32.96,52.0,206.34,30.4,21.86,1.02,15.49,14.89,409.78,3564.26,1.511,12.9,8,0
2025-11-07 05:00:00,0.4646,6.75,17.9,13.44,21.29,132.453,32.949,50.63,203.55,31.96,20.92,0.89,15.04,12.36,400.54,3491.9,1.411,115.4,8,0
2025-11-07 06:00:00,0.4793,7.07,18.79,14.1,21.44,131.426,32.921,52.64,210.14,34.27,19.62,1.27,16.07,11.38,401.51,3477.01,1.524,71.4,8,0
2025-11-07 07:00:00,0.4789,5.53,17.22,12.54,22.34,132.572,33.18,52.14,208.31,30.94,20.74,1.09,18.69,10.01,425.28,3602.66,1.543,58.4,8,0
2025-11-07 08:00:00,0.4856,7.89,19.85,15.07,24.67,132.922,32.828,52.73,213.49,33.14,20.5,0.53,20.35,9.91,388.88,3466.41,1.691,13.2,8,0
2025-11-07 09:00:00,0.5453,7.16,21.57,15.8,26.9,130.981,33.455,60.1,235.28,28.68,17.69,1.33,15.93,14.18,385.5,3496.78,1.483,125.4,8,0
2025-11-07 10:00:00,0.579,6.1,21.95,15.61,27.78,132.366,32.803,63.14,254.78,29.09,18.79,1.29,14.78,9.8,412.77,3483.86,1.372,36.0,8,0
2025-11-07 11:00:00,0.6496,8.08,27.14,19.51,35.41,132.853,33.057,70.57,283.63,34.05,17.92,1.45,15.89,11.34,406.96,3697.82,1.423,22.6,8,0
2025-11-07 12:00:00,0.6104,8.86,26.11,19.21,33.42,132.673,32.94,66.41,267.49,25.89,19.45,0.85,14.54,12.24,384.88,3432.96,1.86,30.7,8,0
2025-11-07 13:00:00,0.6394,9.29,27.87,20.44,35.75,130.616,32.881,70.66,280.68,28.8,22.7,1.09,11.83,8.1,416.35,3566.67,1.238,28.6,8,0
2025-11-07 14:00:00,0.5915,11.86,28.27,21.71,34.58,131.437,33.573,64.96,254.31,33.39,21.17,0.64,14.91,10.13,404.45,3364.21,1.317,25.7,8,0
2025-11-07 15:00:00,0.561,12.79,27.86,21.83,32.93,131.155,32.884,61.74,246.23,29.37,17.14,0.99,17.17,10.0,386.55,3423.53,1.484,5.4,8,0
2025-11-07 16:00:00,0.5517,13.82,28.49,22.62,34.28,132.345,32.92,60.17,241.89,29.15,19.46,1.12,12.07,11.0,407.38,3475.42,1.384,53.6,8,0
2025-11-07 17:00:00,0.5382,14.6,28.7,23.06,34.28,132.273,32.825,58.73,236.65,29.21,20.47,0.81,13.03,12.39,405.13,3489.69,1.592,19.7,8,0
2025-11-07 18:00:00,0.5997,15.87,32.63,25.93,38.59,130.219,33.011,66.47,262.2,30.36,21.49,1.1,13.84,13.54,398.7,3478.21,1.61,18.2,8,0
2025-11-07 19:00:00,0.4853,16.16,28.11,23.33,31.84,131.801,32.973,53.14,212.43,33.27,18.7,1.05,15.75,11.01,405.79,3492.21,1.362,31.1,8,0
2025-11-07 20:00:00,0.5092,16.16,29.07,23.91,34.39,132.528,32.705,55.46,224.73,32.78,17.53,0.87,19.76,11.31,409.42,3445.04,1.68,23.4,8,0
2025-11-07 21:00:00,0.4328,15.29,25.25,21.27,29.76,132.098,32.888,47.3,189.97,30.04,19.89,1.42,13.39,11.82,413.74,3603.17,1.251,49.9,8,0
2025-11-07 22:00:00,0.4672,17.13,28.37,23.88,31.48,132.097,33.161,51.05,203.34,33.29,21.14,0.93,15.19,10.79,401.63,3420.13,1.323,40.7,8,0
2025-11-07 23:00:00,0.4349,13.59,23.62,19.61,26.62,131.759,33.271,47.64,188.66,31.03,20.48,1.04,15.02,12.63,395.97,3559.73,1.653,34.7,8,0
2025-11-08 00:00:00,0.3471,13.9,20.89,18.09,23.21,131.301,33.006,38.15,151.78,32.59,18.24,0.56,14.4,12.68,403.61,3554.38,1.178,11.5,8,0
2025-11-08 01:00:00,0.3477,11.94,18.95,16.15,21.39,131.989,33.016,38.02,151.99,26.92,23.52,1.16,14.91,7.92,417.89,3424.34,1.426,101.6,8,0
2025-11-08 02:00:00,0.3321,12.73,19.24,16.64,20.7,132.034,32.905,36.31,145.69,35.22,19.81,0.86,14.07,12.96,409.47,3470.81,1.601,0.2,8,0
2025-11-08 03:00:00,0.3737,8.77,16.64,13.49,20.52,132.406,32.867,40.73,164.09,30.67,20.39,1.29,20.49,12.19,395.12,3499.97,0.997,167.9,8,0
2025-11-08 04:00:00,0.3601,7.73,15.15,12.18,17.69,132.46,32.757,39.24,158.68,21.76,18.68,0.61,16.5,12.39,400.86,3634.21,1.329,1.4,8,0
2025-11-08 05:00:00,0.3546,6.46,13.7,10.8,16.26,132.057,32.589,38.76,157.06,34.99,22.22,1.13,14.09,13.77,425.01,3470.64,1.519,2.5,8,0
2025-11-08 06:00:00,0.3735,6.96,14.82,11.68,18.6,132.723,32.815,40.62,164.31,30.02,21.15,0.35,17.37,9.32,411.27,3790.06,1.346,11.3,8,0
2025-11-08 07:00:00,0.4391,4.77,14.95,10.87,17.87,131.753,33.239,48.1,190.66,28.82,20.64,1.19,15.52,10.12,402.3,3561.61,1.428,45.6,8,0
2025-11-08 08:00:00,0.5033,5.49,18.16,13.09,22.39,131.047,32.888,55.43,220.87,28.19,17.7,0.95,15.12,11.9,417.13,3527.66,1.48,16.9,8,0
2025-11-08 09:00:00,0.4812,3.99,15.78,11.06,18.71,132.315,32.909,52.49,211.05,31.33,22.19,1.12,14.64,8.52,391.88,3570.91,1.488,37.4,8,0
2025-11-08 10:00:00,0.4904,6.88,19.03,14.17,22.98,132.083,32.904,53.59,215.14,27.34,21.52,0.82,14.5,11.69,404.96,3362.69,1.324,69.5,8,0
2025-11-08 11:00:00,0.5161,6.93,20.12,14.84,23.45,132.328,33.329,56.29,223.5,28.28,22.04,0.72,12.56,13.27,428.16,3593.93,1.573,45.5,8,0
2025-11-08 12:00:00,0.5552,6.98,21.8,15.87,27.64,131.165,32.755,61.09,244.64,28.35,20.08,0.87,11.66,12.6,409.83,3394.35,1.516,3.9,8,0
2025-11-08 13:00:00,0.5255,10.76,24.33,18.9,29.36,133.182,33.073,56.95,229.32,29.13,19.86,1.06,15.75,12.12,424.34,3569.75,1.291,80.7,8,0
2025-11-08 14:00:00,0.5037,9.66,22.34,17.27,26.43,132.469,32.982,54.88,220.42,28.46,19.64,1.17,14.62,11.65,398.77,3452.78,1.382,46.7,8,0
2025-11-08 15:00:00,0.5407,13.06,27.27,21.58,32.16,131.81,33.018,59.21,236.36,32.57,24.56,1.09,16.76,11.36,392.88,3436.24,1.258,17.2,8,0
2025-11-08 16:00:00,0.5069,12.77,25.58,20.45,30.55,131.383,33.065,55.68,221.26,30.82,18.92,0.72,13.22,11.28,417.43,3641.98,1.486,34.5,8,0
2025-11-08 17:00:00,0.5225,16.11,29.55,24.17,33.29,132.711,33.015,56.82,228.41,31.19,17.63,1.55,12.81,12.35,372.6,3492.21,1.535,4.7,8,0
2025-11-08 18:00:00,0.4614,16.05,27.07,22.66,30.85,131.273,33.209,50.73,200.53,31.84,19.26,1.1,16.56,9.68,402.73,3377.7,1.463,83.9,8,0
2025-11-08 19:00:00,0.3972,14.79,23.46,19.99,26.7,133.493,32.992,42.94,173.75,29.73,18.94,0.81,14.41,14.2,415.49,3578.17,1.481,33.3,8,0
2025-11-08 20:00:00,0.3708,15.05,22.82,19.71,23.73,131.595,33.461,40.67,159.97,26.95,22.53,1.13,16.72,10.9,408.47,3402.54,1.405,4.3,8,0
2025-11-08 21:00:00,0.4409,16.4,26.65,22.55,30.51,133.136,33.012,47.8,192.78,35.42,17.3,1.08,15.07,12.84,368.49,3609.05,1.535,8.5,8,0
2025-11-08 22:00:00,0.4255,15.04,24.72,20.85,26.46,131.878,32.55,46.57,188.68,32.79,18.88,0.95,18.76,12.12,379.84,3498.89,1.394,24.2,8,0
2025-11-08 23:00:00,0.3549,14.33,21.58,18.68,23.62,133.043,33.169,38.5,154.43,34.85,20.39,0.91,16.52,10.27,398.31,3398.28,1.483,133.9,8,0
2025-11-09 00:00:00,0.3407,14.61,21.39,18.68,22.44,131.515,33.104,37.4,148.57,33.11,22.54,1.3,15.82,13.94,407.15,3565.9,1.177,138.9,8,0
2025-11-09 01:00:00,0.3932,11.38,19.91,16.5,23.69,132.012,33.009,42.99,171.93,28.63,21.43,1.52,16.6,13.63,407.74,3541.89,1.187,71.0,8,0
2025-11-09 02:00:00,0.319,10.92,17.03,14.59,17.84,132.531,32.931,34.74,139.83,22.97,23.25,0.39,14.46,9.65,399.94,3330.32,1.373,0.5,8,0
2025-11-09 03:00:00,0.3339,10.49,17.06,14.44,17.64,132.437,32.442,36.39,148.55,26.32,20.7,1.37,11.72,11.89,410.98,3495.12,1.47,5.7,8,0
2025-11-09 04:00:00,0.3935,9.14,17.69,14.27,20.43,132.727,32.486,42.8,174.85,31.92,19.6,1.01,15.73,12.31,406.58,3524.1,1.355,122.7,8,0
2025-11-09 05:00:00,0.38,7.14,15.22,11.99,17.34,131.678,33.435,41.65,164.04,29.7,21.72,1.07,18.89,8.9,398.1,3519.44,1.486,52.2,8,0
2025-11-09 06:00:00,0.4122,6.21,15.42,11.74,17.1,132.056,32.845,45.05,181.13,28.75,17.27,1.41,10.42,8.82,408.09,3485.42,1.453,4.5,8,0
2025-11-09 07:00:00,0.4294,4.26,14.09,10.16,17.65,132.824,33.255,46.67,186.39,22.52,16.59,0.2,15.94,10.75,390.32,3559.79,1.107,12.1,8,0
2025-11-09 08:00:00,0.4665,4.78,15.99,11.51,18.1,131.535,32.577,51.19,206.68,29.97,21.96,1.24,11.93,10.03,409.58,3545.71,1.782,169.5,8,0
2025-11-09 09:00:00,0.5191,6.32,19.63,14.31,23.38,132.378,32.724,56.6,228.95,26.76,20.43,1.39,14.96,10.44,387.33,3502.69,1.271,65.5,8,0
2025-11-09 10:00:00,0.4972,6.37,18.79,13.82,22.53,131.855,33.179,54.42,216.28,27.84,21.94,0.79,15.16,10.03,407.34,3481.29,1.307,53.3,8,0
2025-11-09 11:00:00,0.5273,7.37,21.02,15.56,26.39,132.136,32.973,57.6,230.81,32.56,18.3,0.58,16.5,11.82,406.97,3512.05,1.636,48.8,8,0
2025-11-09 12:00:00,0.4549,9.37,20.15,15.84,24.7,132.056,33.142,49.72,198.13,26.92,22.58,1.49,15.43,10.67,395.55,3451.9,1.43,290.6,8,0
2025-11-09 13:00:00,0.5179,8.35,21.61,16.31,27.05,131.48,32.996,56.85,226.54,27.21,21.35,0.47,17.75,13.67,409.55,3418.4,1.344,37.5,8,0
2025-11-09 14:00:00,0.4911,10.6,22.78,17.91,26.76,131.828,32.945,53.78,215.18,30.57,19.95,1.13,17.34,12.27,423.17,3410.3,1.375,8.1,8,0
2025-11-09 15:00:00,0.4714,12.32,23.72,19.16,25.56,132.096,32.82,51.51,207.31,32.63,20.42,1.31,14.61,13.2,384.73,3492.2,1.304,94.0,8,0
2025-11-09 16:00:00,0.4681,12.63,23.91,19.4,27.95,131.932,32.685,51.21,206.71,28.8,20.7,1.12,17.19,9.47,414.34,3431.59,1.314,15.6,8,0
2025-11-09 17:00:00,0.4668,15.8,27.03,22.54,31.91,133.038,33.37,50.65,201.91,34.41,18.29,1.17,14.38,11.06,416.33,3487.5,1.552,1.0,8,0
2025-11-09 18:00:00,0.4838,16.07,27.96,23.21,32.93,132.667,33.414,52.64,208.99,26.17,19.24,0.92,14.04,12.21,396.92,3606.61,1.367,72.1,8,0
2025-11-09 19:00:00,0.3945,15.95,24.53,21.1,27.55,132.191,32.726,43.08,174.01,25.65,20.67,1.14,12.6,12.68,412.04,3483.64,1.237,57.2,8,0
2025-11-09 20:00:00,0.4133,17.63,26.87,23.17,28.82,131.496,32.709,45.36,182.36,25.39,19.16,0.79,17.63,11.03,396.21,3511.26,1.293,36.3,8,0
2025-11-09 21:00:00,0.3773,14.16,22.15,18.96,24.15,131.456,32.908,41.43,165.49,25.05,17.07,0.83,14.41,11.25,418.87,3481.91,1.365,15.4,8,0
2025-11-09 22:00:00,0.3644,15.16,22.71,19.69,26.52,133.303,33.09,39.46,158.95,31.02,20.6,1.01,10.16,11.42,358.95,3604.73,1.27,134.7,8,0
2025-11-09 23:00:00,0.3908,14.74,23.19,19.81,24.65,131.333,32.952,42.95,171.18,27.08,21.68,0.54,16.09,11.56,421.71,3632.83,1.349,18.9,8,0
2025-11-10 00:00:00,0.4311,12.29,22.17,18.22,24.41,132.075,33.132,47.11,187.8,25.78,22.15,1.17,14.14,15.25,383.35,3462.65,1.468,102.5,8,0
2025-11-10 01:00:00,0.4517,12.3,22.95,18.69,27.17,132.238,32.987,49.3,197.62,31.15,21.07,0.26,14.41,12.47,401.38,3558.44,1.354,1.8,8,0
2025-11-10 02:00:00,0.4103,9.59,18.73,15.08,21.25,131.795,32.97,44.94,179.63,32.48,21.64,1.11,14.54,12.06,387.82,3667.51,1.276,17.0,8,0
2025-11-10 03:00:00,0.404,10.1,19.01,15.45,20.84,131.339,33.637,44.4,173.38,33.16,21.98,1.14,14.33,10.12,422.48,3407.36,1.298,96.2,8,0
2025-11-10 04:00:00,0.4341,9.26,19.26,15.26,23.68,131.482,32.861,47.65,190.67,32.64,20.17,0.76,20.46,10.15,396.6,3578.64,1.626,82.0,8,0
2025-11-10 05:00:00,0.4688,7.44,18.75,14.22,22.85,131.639,33.433,51.4,202.39,27.26,15.77,0.63,18.33,11.68,391.9,3360.96,1.761,30.9,8,0
2025-11-10 06:00:00,0.4909,4.52,16.69,11.82,20.48,131.532,33.382,53.87,212.28,30.84,22.33,0.88,16.4,13.7,416.84,3502.59,1.452,77.9,8,0
2025-11-10 07:00:00,0.479,4.9,16.61,11.93,19.59,132.876,33.133,52.03,208.67,31.5,18.22,1.19,15.49,11.71,411.01,3489.01,1.548,5.4,8,0
2025-11-10 08:00:00,0.5401,6.27,20.45,14.78,27.05,131.994,32.492,59.06,239.94,28.59,17.75,1.1,17.26,11.77,395.03,3363.66,1.329,55.3,8,0
2025-11-10 09:00:00,0.5684,5.89,21.28,15.13,26.75,131.654,33.008,62.31,248.54,30.51,17.8,0.67,15.49,10.89,385.17,3587.36,1.396,181.4,8,0
2025-11-10 10:00:00,0.6578,3.68,23.12,15.34,31.59,132.071,32.864,71.89,288.89,26.26,24.98,1.03,16.64,9.39,383.14,3512.03,1.596,42.4,8,0
2025-11-10 11:00:00,0.6544,8.41,27.69,19.98,35.69,132.441,33.005,71.32,286.2,28.13,20.89,1.08,16.12,12.66,419.16,3426.04,1.173,148.0,8,0
2025-11-10 12:00:00,0.5825,8.34,24.34,17.94,29.7,131.773,32.719,63.81,256.97,31.13,17.93,1.07,15.26,11.62,406.32,3526.51,1.607,199.4,8,0
2025-11-10 13:00:00,0.6029,8.59,25.5,18.74,31.27,132.595,33.2,65.63,262.12,34.53,18.64,0.7,16.89,12.67,402.63,3572.53,1.417,85.5,8,0
2025-11-10 14:00:00,0.5642,11.7,26.91,20.82,33.47,131.161,33.26,62.09,244.85,33.47,20.01,1.05,14.17,12.24,407.42,3358.72,1.32,133.7,8,0
2025-11-10 15:00:00,0.5804,11.32,27.23,20.87,34.13,132.773,33.309,63.1,251.51,31.99,21.09,1.28,15.12,10.56,370.8,3248.36,1.548,25.2,8,0
2025-11-10 16:00:00,0.5917,12.51,28.92,22.36,33.38,131.994,32.899,64.7,259.6,30.25,20.57,1.16,13.05,12.34,395.17,3496.87,1.712,112.8,8,0
2025-11-10 17:00:00,0.5977,14.6,31.27,24.6,37.79,131.968,32.72,65.37,263.66,29.79,18.15,1.12,13.28,10.07,395.56,3438.77,1.452,44.2,8,0
2025-11-10 18:00:00,0.5155,16.81,29.98,24.71,34.4,131.543,33.093,56.57,224.86,25.67,20.64,1.49,9.95,12.33,414.76,3607.31,1.502,15.6,8,0
2025-11-10 19:00:00,0.4919,17.15,29.37,24.48,32.65,131.19,33.464,54.12,212.17,27.51,18.79,1.05,15.92,11.91,378.0,3470.6,1.514,72.2,8,0
2025-11-10 20:00:00,0.4212,16.06,25.59,21.78,28.82,130.9,33.018,46.45,184.14,27.6,22.1,0.75,16.47,14.32,415.84,3524.99,1.447,18.9,8,0
2025-11-10 21:00:00,0.4566,15.99,26.84,22.5,29.3,131.497,33.119,50.12,199.01,31.74,20.12,0.75,17.18,10.7,426.95,3485.28,1.279,42.0,8,0
2025-11-10 22:00:00,0.4089,15.82,24.91,21.28,27.38,132.388,32.938,44.59,179.2,32.85,18.49,1.05,12.8,10.01,374.25,3376.56,1.438,44.1,8,0
2025-11-10 23:00:00,0.409,12.98,22.07,18.43,24.28,131.366,32.867,44.94,179.63,32.22,21.39,0.57,15.89,11.38,400.29,3502.68,1.432,10.4,8,0
2025-11-11 00:00:00,0.3892,13.72,22.11,18.75,24.29,130.978,33.174,42.89,169.33,33.56,20.78,0.91,15.0,12.92,407.53,3394.14,0.985,58.6,8,0
2025-11-11 01:00:00,0.4093,11.13,20.23,16.59,23.02,131.4,32.972,44.96,179.16,30.23,19.06,1.14,16.48,7.81,413.13,3390.23,1.533,27.7,8,0
2025-11-11 02:00:00,0.3628,10.89,18.39,15.39,19.82,131.746,33.107,39.74,158.16,27.06,21.47,1.35,13.7,13.32,367.57,3412.43,1.156,14.8,8,0
2025-11-11 03:00:00,0.3815,9.05,17.18,13.93,20.91,131.772,33.134,41.78,166.18,29.86,21.27,0.54,14.33,11.69,405.1,3405.41,1.41,86.2,8,0
2025-11-11 04:00:00,0.5053,8.57,21.32,16.22,26.05,131.915,33.092,55.28,220.38,27.84,22.41,1.03,11.9,10.29,396.75,3483.4,1.68,70.8,8,0
2025-11-11 05:00:00,0.4235,7.15,16.76,12.92,21.25,132.682,33.147,46.07,184.39,31.99,21.43,0.98,13.57,11.45,395.79,3468.88,1.375,90.4,8,0
2025-11-11 06:00:00,0.4533,3.17,13.88,9.6,17.25,132.825,32.775,49.26,199.63,28.93,19.58,1.01,15.01,10.89,431.07,3522.97,1.27,80.1,8,0
2025-11-11 07:00:00,0.5672,5.92,21.26,15.12,26.29,133.324,32.759,61.4,249.91,29.72,16.63,1.04,15.35,10.17,396.8,3374.31,1.567,5.7,8,0
2025-11-11 08:00:00,0.6251,6.21,24.13,16.97,32.18,130.928,32.989,68.91,273.51,32.09,20.38,0.99,11.63,9.1,406.78,3480.11,1.723,71.2,8,0
2025-11-11 09:00:00,0.5269,6.19,19.82,14.37,24.08,131.435,32.995,57.87,230.51,27.79,20.69,1.42,13.98,13.1,398.23,3461.74,1.297,9.3,8,0
2025-11-11 10:00:00,0.5717,6.14,21.67,15.46,27.09,132.461,32.862,62.3,251.12,32.9,20.11,1.37,15.33,11.17,403.66,3516.36,1.132,10.2,8,0
2025-11-11 11:00:00,0.6089,8.68,25.86,18.99,32.74,131.7,33.064,66.74,265.83,25.97,13.99,1.64,17.82,11.42,408.33,3520.2,1.682,26.1,8,0
2025-11-11 12:00:00,0.6605,8.38,27.95,20.13,34.38,132.568,33.24,71.92,286.83,30.93,21.37,1.0,13.32,13.27,413.44,3512.75,1.658,227.9,8,0
2025-11-11 13:00:00,0.5825,9.72,25.72,19.32,32.06,132.137,33.314,63.63,252.37,29.74,18.19,0.88,15.99,12.09,388.38,3421.03,1.549,105.3,8,0
2025-11-11 14:00:00,0.6013,11.62,28.46,21.72,35.07,133.042,33.373,65.24,260.07,32.49,21.38,0.71,13.88,9.67,402.33,3502.23,1.231,129.5,8,0
2025-11-11 15:00:00,0.622,12.23,30.01,22.9,37.6,132.688,32.653,67.66,274.95,25.89,23.41,0.84,14.11,13.01,402.86,3459.2,1.601,13.5,8,0
2025-11-11 16:00:00,0.5958,12.17,28.77,22.13,35.52,132.7,32.693,64.81,263.06,25.42,19.5,1.22,13.25,14.23,375.32,3605.39,1.653,63.2,8,0
2025-11-11 17:00:00,0.5508,11.67,26.3,20.45,32.5,131.728,32.924,60.35,241.47,32.26,20.89,1.26,12.92,12.76,385.73,3509.08,1.799,13.1,8,0
2025-11-11 18:00:00,0.534,14.43,28.35,22.78,33.11,131.936,33.021,58.41,233.39,28.84,20.08,1.2,14.06,10.71,413.4,3506.61,1.425,26.0,8,0
2025-11-11 19:00:00,0.4708,16.16,27.55,22.99,30.63,131.799,32.937,51.56,206.33,29.74,21.06,0.8,17.1,9.8,393.11,3397.79,1.459,47.7,8,0
2025-11-11 20:00:00,0.4791,15.22,26.92,22.24,32.51,131.006,32.854,52.78,210.46,28.03,20.22,0.8,13.5,10.65,439.22,3453.03,1.117,46.8,8,0
2025-11-11 21:00:00,0.4541,16.2,26.95,22.65,29.23,132.971,32.92,49.29,199.1,32.75,18.98,1.59,13.19,12.16,414.48,3520.96,1.572,220.8,8,0
2025-11-11 22:00:00,0.4483,15.05,25.58,21.37,27.86,132.492,33.128,48.84,195.34,30.91,18.2,0.75,15.42,14.14,406.82,3493.96,1.566,12.9,8,0
2025-11-11 23:00:00,0.4088,15.4,24.48,20.85,27.77,131.772,32.649,44.78,180.74,30.74,23.19,1.43,15.02,10.87,422.7,3493.1,1.465,193.2,8,0
2025-11-12 00:00:00,0.4302,12.65,22.51,18.56,26.95,132.861,33.619,46.74,184.7,26.5,20.89,1.12,14.87,11.03,411.63,3359.97,1.593,126.8,8,0
2025-11-12 01:00:00,0.443,12.21,22.54,18.41,26.03,131.584,33.006,48.6,193.74,31.52,21.67,0.78,15.51,13.54,402.8,3435.14,1.304,52.0,8,0
2025-11-12 02:00:00,0.4207,10.95,20.46,16.66,24.27,130.787,33.277,46.43,182.48,27.04,20.81,0.65,12.99,11.35,378.83,3478.27,1.378,55.8,8,0
2025-11-12 03:00:00,0.4366,10.65,20.74,16.71,22.39,132.665,32.847,47.5,191.85,28.04,21.96,0.79,13.21,14.58,410.02,3596.4,1.391,72.9,8,0
2025-11-12 04:00:00,0.4435,6.24,16.59,12.45,19.53,131.156,33.152,48.81,193.11,25.92,18.22,1.13,16.98,11.78,420.99,3348.98,1.587,9.5,8,0
2025-11-12 05:00:00,0.4627,6.45,17.52,13.09,19.66,131.871,33.026,50.64,202.2,29.54,20.18,0.73,14.71,13.76,391.15,3416.74,1.6,38.9,8,0
2025-11-12 06:00:00,0.4651,6.96,18.13,13.66,22.43,132.136,33.226,50.81,202.05,33.21,21.02,1.47,16.2,12.58,372.65,3348.41,1.48,2.3,8,0
2025-11-12 07:00:00,0.5221,7.16,20.6,15.22,23.99,132.254,32.948,56.99,228.74,30.69,22.6,0.94,17.45,13.07,384.0,3526.3,1.501,80.3,8,0
2025-11-12 08:00:00,0.5356,5.69,19.68,14.08,23.53,132.56,33.41,58.32,231.4,28.69,25.36,1.21,16.7,11.74,426.43,3595.16,1.55,1.8,8,0
2025-11-12 09:00:00,0.6254,5.32,23.26,16.08,30.32,132.383,32.606,68.19,276.87,30.34,20.83,1.19,12.27,11.84,401.24,3529.11,1.462,1.6,8,0
2025-11-12 10:00:00,0.6306,6.87,25.04,17.77,32.65,132.363,33.251,68.76,273.72,30.32,18.69,1.49,14.77,12.63,421.94,3546.45,1.72,27.3,8,0
2025-11-12 11:00:00,0.6108,7.78,25.05,18.14,31.26,131.478,33.031,67.06,266.92,30.21,17.62,0.87,17.09,13.2,400.33,3417.71,1.438,36.3,8,0
2025-11-12 12:00:00,0.5864,7.59,23.76,17.29,30.06,132.194,32.731,64.02,258.57,30.55,18.2,1.03,16.05,12.79,392.59,3529.83,1.558,9.8,8,0
2025-11-12 13:00:00,0.5793,9.48,25.35,19.0,31.48,131.006,33.515,63.82,249.47,26.89,18.46,0.58,15.37,9.35,432.06,3438.48,1.4,3.4,8,0
2025-11-12 14:00:00,0.645,11.63,30.47,22.93,37.36,133.031,33.488,69.98,277.99,30.33,14.21,1.03,11.73,12.39,394.47,3505.06,1.665,37.8,8,0
2025-11-12 15:00:00,0.6071,13.63,30.73,23.89,36.12,131.074,32.452,66.86,270.03,24.75,18.66,1.34,13.77,11.02,396.31,3540.47,1.489,29.4,8,0
2025-11-12 16:00:00,0.5978,13.69,30.37,23.7,36.9,131.771,33.047,65.48,261.09,31.74,21.44,1.07,15.15,11.19,406.95,3476.92,1.809,2.7,8,0
2025-11-12 17:00:00,0.5103,14.03,26.98,21.8,31.89,131.13,33.186,56.17,221.95,26.71,20.16,1.69,12.16,12.69,395.69,3565.89,1.436,54.3,8,0
2025-11-12 18:00:00,0.5664,14.72,30.02,23.9,36.19,131.518,33.117,62.16,246.84,33.55,19.49,1.16,16.59,14.55,411.71,3487.19,1.624,32.2,8,0
2025-11-12 19:00:00,0.5263,15.83,29.44,24.0,34.4,132.009,33.4,57.54,227.43,22.68,16.77,0.84,14.77,11.66,406.73,3522.17,1.369,26.1,8,0
2025-11-12 20:00:00,0.4535,15.33,26.05,21.76,28.61,131.651,33.345,49.72,196.28,35.04,22.11,1.14,11.05,14.96,407.33,3651.56,1.381,15.1,8,0
2025-11-12 21:00:00,0.4485,15.47,26.0,21.79,29.97,132.755,33.07,48.76,195.76,25.1,21.03,0.56,13.87,10.36,390.79,3540.08,1.418,73.9,8,0
2025-11-12 22:00:00,0.4499,13.72,24.3,20.07,27.74,132.15,33.601,49.13,193.24,26.41,19.98,0.76,14.43,13.85,375.11,3440.33,1.478,1.7,8,0
2025-11-12 23:00:00,0.4276,15.28,25.04,21.13,27.76,131.694,33.247,46.87,185.65,30.91,15.61,0.64,14.75,12.65,387.56,3461.85,1.302,238.2,8,0
2025-11-13 00:00:00,0.4079,11.68,20.73,17.11,23.32,131.912,32.907,44.63,178.9,31.87,19.03,1.01,17.85,12.32,388.88,3570.14,1.318,1.1,8,0
2025-11-13 01:00:00,0.4101,11.18,20.31,16.66,22.62,132.805,32.854,44.57,180.18,29.16,20.88,0.98,16.16,14.08,404.43,3583.7,1.418,22.9,8,0
2025-11-13 02:00:00,0.4091,10.42,19.51,15.88,23.07,132.6,33.328,44.53,177.16,32.69,19.95,1.36,12.28,11.05,387.82,3497.37,1.464,12.0,8,0
2025-11-13 03:00:00,0.4312,11.02,20.91,16.95,22.94,131.248,32.791,47.42,189.81,27.62,20.39,0.97,12.03,13.92,378.06,3378.12,1.41,117.3,8,0
2025-11-13 04:00:00,0.4867,7.4,19.4,14.6,22.64,131.551,32.892,53.4,213.56,28.82,21.38,0.7,14.47,11.69,382.84,3424.27,1.416,0.1,8,0
2025-11-13 05:00:00,0.3862,6.12,14.41,11.1,16.69,132.313,32.937,42.13,169.26,29.11,20.32,1.47,15.26,11.04,405.86,3514.75,1.194,1.5,8,0
2025-11-13 06:00:00,0.4802,5.44,17.19,12.49,22.41,132.233,33.094,52.42,209.46,28.4,21.31,0.12,16.99,10.02,410.36,3546.72,1.515,76.4,8,0
2025-11-13 07:00:00,0.5185,7.15,20.44,15.12,25.85,131.307,32.949,57.0,227.15,24.21,18.32,1.01,18.47,14.38,392.44,3580.67,1.586,74.8,8,0
2025-11-13 08:00:00,0.548,2.51,17.03,11.22,20.82,132.494,32.652,59.7,242.24,29.94,17.57,1.07,18.58,13.72,394.04,3337.72,1.618,168.6,8,0
2025-11-13 09:00:00,0.5521,4.49,19.18,13.3,25.44,131.412,33.307,60.64,239.24,29.67,20.97,1.0,14.12,11.29,409.25,3570.01,1.499,97.7,8,0
2025-11-13 10:00:00,0.5312,8.72,22.54,17.01,28.41,132.861,32.893,57.71,233.11,33.25,21.38,1.15,16.88,12.82,402.53,3614.46,1.375,100.8,8,0
2025-11-13 11:00:00,0.6097,7.38,24.59,17.71,29.97,132.349,33.533,66.49,262.42,26.16,21.05,1.03,15.86,12.2,417.84,3308.81,1.457,40.8,8,0
2025-11-13 12:00:00,0.6616,6.72,26.34,18.49,31.76,131.253,33.08,72.76,288.69,28.1,20.27,1.15,12.83,11.48,397.68,3499.87,1.554,36.8,7,0
2025-11-13 13:00:00,0.5672,8.99,24.32,18.19,29.74,131.651,33.335,62.19,245.6,33.63,19.36,0.82,11.23,13.45,387.57,3560.92,1.481,42.0,7,0
2025-11-13 14:00:00,0.6357,10.39,28.8,21.44,36.57,131.639,33.167,69.71,276.67,30.89,20.43,0.56,15.3,11.07,416.34,3387.39,1.391,64.9,7,0
2025-11-13 15:00:00,0.59,12.46,28.8,22.26,35.99,132.106,33.347,64.46,255.36,31.66,20.77,0.99,12.02,8.72,395.38,3460.35,1.243,27.5,7,0
2025-11-13 16:00:00,0.5821,14.66,30.65,24.25,35.71,131.865,33.151,63.72,253.45,31.38,20.89,0.69,13.3,12.4,388.21,3545.12,1.408,55.5,7,0
2025-11-13 17:00:00,0.5316,14.25,28.07,22.54,34.28,131.244,33.062,58.47,232.1,31.39,25.23,0.78,13.64,12.11,413.44,3458.49,1.424,18.5,7,0
2025-11-13 18:00:00,0.5291,14.11,27.83,22.35,30.81,131.08,33.289,58.26,229.4,35.48,18.17,1.35,15.45,11.12,421.78,3471.22,1.511,13.9,7,0
2025-11-13 19:00:00,0.5522,15.94,30.63,24.76,35.52,132.362,33.656,60.22,236.83,30.29,26.46,1.47,17.57,10.67,402.79,3517.97,1.415,133.7,7,0
2025-11-13 20:00:00,0.5048,14.62,27.35,22.26,31.35,132.189,32.929,55.12,221.28,26.98,17.5,1.34,15.03,9.67,384.98,3406.72,1.415,27.1,7,0
2025-11-13 21:00:00,0.5152,14.12,27.27,22.01,32.7,132.07,33.21,56.31,223.92,31.93,20.78,1.29,13.93,11.46,423.07,3414.96,1.474,23.9,7,0
2025-11-13 22:00:00,0.4778,12.89,24.55,19.89,29.47,132.179,32.999,52.18,209.01,28.32,17.62,1.02,10.87,10.69,405.7,3537.78,1.674,19.0,7,0
2025-11-13 23:00:00,0.4398,12.29,22.5,18.42,26.55,131.592,33.134,48.24,191.59,29.69,20.62,1.31,15.92,13.45,403.34,3576.23,1.395,22.4,7,0
2025-11-14 00:00:00,0.4695,11.81,23.14,18.61,25.81,132.121,33.011,51.3,205.3,31.13,21.98,1.11,15.06,12.78,393.99,3532.19,1.202,50.2,7,0
2025-11-14 01:00:00,0.427,10.32,20.06,16.16,23.84,133.675,32.43,46.1,190.04,27.55,20.08,1.59,13.91,11.28,416.99,3609.21,1.311,30.5,7,0
2025-11-14 02:00:00,0.4421,10.51,20.81,16.69,24.54,132.775,32.947,48.06,193.66,28.48,21.96,0.73,17.34,12.79,383.42,3533.89,1.692,63.7,7,0
2025-11-14 03:00:00,0.4183,7.71,17.13,13.36,18.77,131.81,33.264,45.81,181.52,31.44,19.16,1.2,12.63,11.84,381.99,3648.08,1.624,49.0,7,0
2025-11-14 04:00:00,0.4451,4.56,14.96,10.8,16.68,131.655,32.798,48.8,195.88,28.37,15.91,0.62,13.64,11.6,428.46,3505.58,1.563,20.2,7,0
2025-11-14 05:00:00,0.4429,5.62,15.95,11.82,20.11,130.112,33.243,49.13,192.3,32.94,21.27,1.2,14.52,11.92,387.11,3520.53,1.527,9.7,7,0
2025-11-14 06:00:00,0.5176,5.4,18.65,13.35,23.06,132.705,33.048,56.3,226.07,27.06,20.07,0.49,13.88,14.66,414.44,3532.57,1.566,33.6,7,0
2025-11-14 07:00:00,0.4785,4.77,16.45,11.78,19.31,132.519,32.949,52.11,209.6,27.05,19.05,0.64,16.11,12.97,420.72,3450.07,1.403,34.2,7,0
2025-11-14 08:00:00,0.5632,6.72,21.88,15.82,27.11,131.641,33.239,61.75,244.55,35.73,19.19,0.62,15.94,11.56,403.2,3438.23,1.612,10.2,7,0
2025-11-14 09:00:00,0.5581,4.76,19.7,13.73,25.29,131.055,33.18,61.47,242.78,25.43,20.83,1.08,17.11,13.35,386.83,3428.31,1.615,174.9,7,0
2025-11-14 10:00:00,0.6197,6.75,24.42,17.35,30.88,131.238,33.111,68.15,270.12,29.94,18.38,1.11,16.01,13.29,409.49,3455.86,1.637,19.4,7,0
2025-11-14 11:00:00,0.6229,6.65,24.47,17.34,29.82,132.293,33.268,67.97,270.27,35.57,20.76,1.74,14.78,12.4,420.92,3665.98,1.422,8.0,7,0
2025-11-14 12:00:00,0.665,7.66,27.44,19.53,36.47,131.941,33.054,72.75,290.4,29.93,22.39,0.97,14.33,11.51,405.19,3646.04,1.484,69.1,7,0
2025-11-14 13:00:00,0.6357,8.07,26.48,19.12,34.16,132.456,32.566,69.28,281.77,34.06,24.13,1.23,15.92,11.41,388.85,3474.09,1.422,20.8,7,0
2025-11-14 14:00:00,0.5632,10.14,25.31,19.24,30.43,132.057,32.9,61.56,247.11,31.97,22.82,1.05,14.63,10.39,404.64,3466.68,1.631,74.2,7,0
2025-11-14 15:00:00,0.5984,10.73,27.44,20.76,33.29,132.638,32.524,65.12,265.57,29.99,20.34,1.21,15.1,12.28,379.28,3328.58,1.545,49.2,7,0
2025-11-14 16:00:00,0.5494,12.87,27.45,21.62,32.86,132.244,33.174,59.96,239.03,29.62,20.53,1.04,16.03,11.09,385.44,3420.79,1.534,9.4,7,0
2025-11-14 17:00:00,0.5483,13.5,28.03,22.22,32.23,132.547,33.237,59.7,238.1,23.66,19.21,1.33,15.29,11.35,396.17,3435.58,1.56,18.1,7,0
2025-11-14 18:00:00,0.585,13.59,29.7,23.26,35.78,130.621,33.249,64.65,253.97,29.06,19.08,0.69,15.63,12.94,400.97,3465.16,1.281,23.8,7,0
2025-11-14 19:00:00,0.5329,16.02,29.91,24.35,33.67,131.185,33.129,58.64,232.19,30.71,21.76,0.27,13.43,14.54,382.02,3454.76,1.599,34.7,7,0
2025-11-14 20:00:00,0.467,15.63,26.87,22.37,30.52,131.76,33.256,51.15,202.68,30.71,19.4,1.13,17.71,12.57,403.8,3517.51,1.352,10.8,7,0
2025-11-14 21:00:00,0.4334,14.58,24.56,20.57,26.81,132.713,32.584,47.14,191.99,37.41,20.74,0.46,12.79,11.85,407.87,3562.33,1.349,45.8,7,0
2025-11-14 22:00:00,0.4441,14.68,25.05,20.9,27.5,133.241,32.972,48.11,194.41,30.86,18.09,1.39,15.89,11.98,396.83,3442.11,1.297,64.3,7,0
2025-11-14 23:00:00,0.3907,13.65,22.1,18.72,26.01,131.892,32.626,42.76,172.85,31.91,22.75,0.84,14.04,13.71,367.68,3615.29,1.407,108.0,7,0
2025-11-15 00:00:00,0.335,11.72,18.32,15.68,20.28,131.596,32.905,36.75,146.95,33.51,19.37,0.69,17.17,12.59,401.62,3527.99,1.357,164.0,7,0
2025-11-15 01:00:00,0.3616,11.45,18.91,15.93,21.3,130.71,33.427,39.93,156.15,31.64,22.19,1.81,16.78,12.3,427.27,3571.4,1.172,2.7,7,0
2025-11-15 02:00:00,0.3898,9.46,17.88,14.51,18.85,132.57,33.289,42.44,169.02,29.76,18.61,1.0,15.0,12.4,406.92,3465.17,1.127,122.3,7,0
2025-11-15 03:00:00,0.3819,7.84,15.99,12.73,17.99,131.637,33.175,41.88,166.16,29.77,18.5,0.94,18.12,9.86,400.29,3544.06,1.361,51.1,7,0
2025-11-15 04:00:00,0.3084,5.96,11.75,9.43,13.73,133.953,32.952,33.23,135.09,28.96,22.67,1.23,14.63,12.59,394.46,3536.62,1.476,10.8,7,0
2025-11-15 05:00:00,0.4039,6.19,15.1,11.53,18.03,131.512,32.738,44.33,178.07,31.35,18.76,1.25,16.77,10.69,408.71,3617.75,1.51,160.1,7,0
2025-11-15 06:00:00,0.4174,6.32,15.71,11.95,16.95,133.389,33.049,45.17,182.3,29.51,16.88,1.34,13.56,12.6,403.18,3552.56,1.559,29.2,7,0
2025-11-15 07:00:00,0.4497,4.56,15.14,10.91,18.74,132.494,33.293,48.99,194.95,31.89,17.93,0.6,15.82,10.9,410.66,3568.64,1.395,50.2,7,0
2025-11-15 08:00:00,0.5077,7.6,20.45,15.31,25.13,131.321,33.108,55.81,221.35,26.99,21.73,1.16,13.14,12.89,383.61,3458.02,1.401,98.7,7,0
2025-11-15 09:00:00,0.4179,6.14,15.55,11.78,19.54,132.153,32.581,45.64,185.11,30.46,21.53,0.91,15.05,11.78,401.87,3596.02,1.392,8.0,7,0
2025-11-15 10:00:00,0.4796,7.06,18.79,14.09,22.17,132.509,33.028,52.24,209.61,34.67,18.49,0.72,14.91,10.29,393.13,3398.25,1.56,116.6,7,0
2025-11-15 11:00:00,0.5286,7.34,21.05,15.56,24.0,131.851,32.495,57.87,234.79,29.34,18.75,1.02,16.77,11.57,405.63,3454.5,1.706,37.7,7,0
2025-11-15 12:00:00,0.4719,9.44,20.86,16.29,23.85,132.553,33.212,51.39,205.09,35.55,21.36,0.46,13.67,15.32,370.87,3522.85,1.367,64.4,7,0
2025-11-15 13:00:00,0.5665,8.0,23.31,17.19,27.89,132.539,32.817,61.7,249.18,30.51,22.64,1.28,21.16,8.6,394.16,3408.13,1.443,17.4,7,0
2025-11-15 14:00:00,0.5304,7.52,21.3,15.79,26.67,132.394,32.677,57.83,234.29,29.85,19.88,0.91,12.24,12.26,408.19,3426.49,1.47,10.2,7,0
2025-11-15 15:00:00,0.5363,10.93,24.95,19.34,27.67,131.989,33.216,58.64,233.03,30.37,21.12,0.86,15.47,10.49,410.61,3426.53,1.428,12.0,7,0
2025-11-15 16:00:00,0.4802,13.14,24.89,20.19,28.46,131.225,33.148,52.82,209.11,29.08,21.76,0.96,15.58,14.07,399.59,3530.64,1.353,21.6,7,0
2025-11-15 17:00:00,0.5042,13.77,26.47,21.39,31.94,131.949,33.061,55.15,220.11,24.08,24.32,0.95,16.08,13.23,367.65,3487.63,1.433,38.3,7,0
2025-11-15 18:00:00,0.4913,14.69,26.88,22.0,30.99,132.116,33.579,53.68,211.19,32.66,17.7,1.34,13.98,12.29,409.67,3577.45,1.327,58.5,7,0
2025-11-15 19:00:00,0.4442,16.23,26.61,22.46,30.68,130.762,33.168,49.04,193.32,36.6,18.68,0.67,15.49,13.38,423.81,3650.8,1.531,34.2,7,0
2025-11-15 20:00:00,0.4223,15.47,25.03,21.21,26.75,132.112,32.83,46.14,185.66,31.46,19.0,0.89,13.88,12.37,387.47,3521.99,1.632,59.9,7,0
2025-11-15 21:00:00,0.4029,15.71,24.58,21.04,26.06,131.936,33.137,44.07,175.48,31.64,21.67,0.94,18.76,12.02,393.67,3459.44,1.359,76.4,7,0
2025-11-15 22:00:00,0.3513,13.47,20.6,17.75,23.85,131.144,32.924,38.66,153.98,29.47,19.51,0.68,13.74,11.11,412.15,3529.82,1.625,169.8,7,0
2025-11-15 23:00:00,0.3592,12.52,19.91,16.95,22.18,131.78,33.334,39.34,155.54,33.49,20.64,1.05,14.71,11.47,412.55,3428.7,1.363,27.0,7,0
2025-11-16 00:00:00,0.3511,14.08,21.2,18.35,23.38,131.794,33.074,38.45,153.22,29.9,20.26,0.78,13.68,11.31,416.51,3495.26,1.271,175.0,7,0
2025-11-16 01:00:00,0.3643,11.36,18.92,15.9,20.28,133.274,33.1,39.45,158.85,30.82,20.02,0.58,13.41,12.02,415.27,3697.34,1.485,34.0,7,0
2025-11-16 02:00:00,0.3857,9.35,17.62,14.31,20.23,132.145,32.619,42.12,170.65,25.32,20.23,1.16,12.21,9.17,377.07,3484.11,1.254,33.6,7,0
2025-11-16 03:00:00,0.3324,8.05,14.58,11.97,15.54,132.684,33.016,36.16,145.32,28.43,22.07,1.47,16.35,13.55,392.86,3524.57,1.46,53.0,7,0
2025-11-16 04:00:00,0.3739,6.82,14.69,11.54,18.02,131.922,32.985,40.91,163.62,31.12,18.07,1.02,13.66,14.93,409.45,3487.44,1.425,235.0,7,0
2025-11-16 05:00:00,0.4397,5.72,15.93,11.85,21.4,130.763,32.73,48.54,193.92,32.74,19.72,0.97,13.41,11.36,398.76,3467.59,1.359,8.7,7,0
2025-11-16 06:00:00,0.3935,4.36,12.9,9.48,15.92,132.444,32.942,42.88,172.4,32.82,17.58,0.96,13.08,13.77,405.54,3538.83,1.32,12.5,7,0
2025-11-16 07:00:00,0.4131,3.64,12.87,9.18,15.27,131.566,33.115,45.32,180.06,25.28,20.47,0.85,15.62,11.81,398.1,3398.69,1.276,77.4,7,0
2025-11-16 08:00:00,0.4658,4.77,15.97,11.49,17.63,131.779,32.999,51.02,203.76,25.58,19.62,1.35,15.05,11.1,393.52,3487.07,1.588,83.6,7,0
2025-11-16 09:00:00,0.5056,4.55,17.31,12.2,20.31,131.305,32.627,55.58,223.67,31.77,22.15,1.03,15.06,11.43,396.43,3391.77,1.419,75.9,7,0
2025-11-16 10:00:00,0.4982,6.75,19.21,14.22,24.67,132.048,32.928,54.46,218.39,27.78,20.0,0.35,13.49,12.14,383.23,3623.92,1.496,4.1,7,0
2025-11-16 11:00:00,0.5513,6.73,21.38,15.52,25.72,132.703,32.876,59.96,242.02,32.7,19.13,1.36,15.88,10.92,389.2,3579.34,1.474,26.1,7,0
2025-11-16 12:00:00,0.5456,7.73,22.15,16.38,26.91,132.616,33.051,59.38,238.26,25.13,19.52,1.29,13.68,12.92,399.05,3438.91,1.441,513.6,7,0
2025-11-16 13:00:00,0.548,7.93,22.45,16.64,28.08,133.047,33.023,59.45,239.54,29.72,23.46,1.18,15.15,11.23,399.32,3351.9,1.523,8.0,7,0
2025-11-16 14:00:00,0.5365,9.85,23.88,18.27,29.96,133.14,32.891,58.16,235.43,29.92,16.87,0.17,14.73,10.4,408.57,3539.6,1.545,14.8,7,0
2025-11-16 15:00:00,0.5812,11.62,27.57,21.19,33.16,130.65,32.881,64.21,255.14,31.46,18.76,1.0,11.63,11.98,395.78,3496.87,1.511,211.6,7,0
2025-11-16 16:00:00,0.4917,13.19,25.39,20.51,29.18,131.212,33.018,54.09,214.96,26.93,20.09,1.27,19.07,10.97,425.19,3679.87,1.418,6.4,7,0
2025-11-16 17:00:00,0.4202,13.41,22.9,19.1,25.96,130.807,33.254,46.36,182.37,24.12,18.74,1.11,16.16,11.52,418.5,3612.51,1.247,61.1,7,0
2025-11-16 18:00:00,0.5079,15.38,28.23,23.09,32.12,132.417,33.074,55.36,221.65,30.53,21.0,1.06,15.37,11.93,392.52,3551.18,1.363,1.5,7,0
2025-11-16 19:00:00,0.424,14.81,24.44,20.58,27.03,131.543,33.376,46.53,183.38,31.6,19.9,1.27,15.69,10.0,403.02,3458.11,1.366,4.7,7,0
2025-11-16 20:00:00,0.419,15.76,25.21,21.43,28.52,131.677,33.299,45.93,181.62,33.04,20.53,1.04,19.11,14.2,418.25,3479.45,1.412,94.1,7,0
2025-11-16 21:00:00,0.4346,14.31,24.32,20.32,27.68,131.857,33.395,47.57,187.82,28.94,20.25,1.36,17.28,13.23,390.45,3524.54,1.156,15.0,7,0
2025-11-16 22:00:00,0.3296,12.49,18.92,16.35,22.47,132.252,33.361,35.97,142.6,32.35,19.81,1.05,15.71,11.06,388.84,3528.78,1.458,0.6,7,0
2025-11-16 23:00:00,0.3266,13.77,20.11,17.58,22.28,131.02,33.413,35.98,141.09,31.48,17.43,1.03,13.59,11.98,419.55,3443.76,1.411,28.3,7,0
2025-11-17 00:00:00,0.371,13.08,20.86,17.75,24.12,131.169,32.696,40.83,163.79,33.99,20.37,1.27,13.91,12.96,410.43,3391.25,1.298,5.8,7,0
2025-11-17 01:00:00,0.3918,11.73,20.21,16.82,21.97,132.001,33.171,42.84,170.5,29.85,16.49,0.88,11.4,12.32,416.16,3654.64,1.258,30.5,7,0
2025-11-17 02:00:00,0.4322,10.28,20.21,16.24,23.81,132.791,33.322,46.98,187.23,24.83,18.67,0.67,14.27,14.83,404.79,3503.09,1.313,39.1,7,0
2025-11-17 03:00:00,0.4448,8.21,18.61,14.45,21.39,131.983,33.369,48.64,192.38,29.82,20.99,1.0,16.33,11.65,396.23,3534.31,1.224,4.4,7,0
2025-11-17 04:00:00,0.4532,6.55,17.26,12.98,21.07,131.478,32.797,49.76,199.46,30.28,22.39,1.18,16.28,13.79,379.93,3431.79,1.376,6.8,7,0
2025-11-17 05:00:00,0.4233,6.87,16.48,12.63,20.07,130.582,33.174,46.79,184.16,31.57,24.71,1.28,16.24,10.01,402.11,3609.68,1.385,4.6,7,0
2025-11-17 06:00:00,0.4205,5.95,15.45,11.65,18.5,132.629,33.02,45.76,183.79,25.42,19.16,1.28,13.98,10.24,418.54,3583.59,1.548,39.3,7,0
2025-11-17 07:00:00,0.5173,4.47,17.7,12.41,24.18,131.514,33.488,56.77,222.96,29.08,18.28,0.98,16.11,14.53,418.71,3505.22,1.53,47.5,7,0
2025-11-17 08:00:00,0.5274,5.97,19.62,14.16,25.49,131.243,32.634,58.0,233.26,32.62,21.06,0.95,16.66,11.36,416.12,3517.19,1.651,61.5,7,0
2025-11-17 09:00:00,0.5794,4.14,20.01,13.67,26.66,130.868,32.797,63.91,255.0,29.71,23.75,0.82,10.56,10.26,411.87,3523.18,1.507,91.7,7,0
2025-11-17 10:00:00,0.6074,4.94,22.06,15.21,28.94,131.05,32.522,66.9,269.58,29.1,23.08,1.08,15.62,11.94,433.22,3508.24,1.367,35.4,7,0
2025-11-17 11:00:00,0.6064,7.96,25.03,18.2,32.69,131.366,33.038,66.63,264.92,35.74,17.94,0.51,19.17,13.9,376.78,3545.02,1.764,57.3,7,0
2025-11-17 12:00:00,0.635,8.23,26.6,19.25,32.31,131.842,33.598,69.52,272.82,26.81,19.73,1.01,14.43,10.86,403.52,3530.51,1.47,145.1,7,0
2025-11-17 13:00:00,0.6225,8.2,26.01,18.89,33.69,131.202,32.988,68.48,272.38,33.72,21.72,1.86,9.97,11.94,386.01,3486.32,1.279,431.6,7,0
2025-11-17 14:00:00,0.6281,10.14,28.2,20.98,34.12,132.123,33.027,68.62,274.52,33.08,21.85,0.55,13.38,9.23,423.35,3406.9,1.547,26.6,7,0
2025-11-17 15:00:00,0.5811,11.31,27.25,20.87,32.54,131.837,33.145,63.62,253.06,29.34,21.2,1.05,11.38,11.3,391.77,3498.36,1.252,0.7,7,0
2025-11-17 16:00:00,0.581,9.61,25.55,19.17,31.74,133.467,32.969,62.83,254.34,29.92,19.12,1.11,13.74,13.5,415.19,3560.41,1.478,60.2,7,0
2025-11-17 17:00:00,0.5716,12.49,28.01,21.8,34.55,130.875,33.097,63.03,249.26,29.91,21.18,1.15,12.56,10.83,393.32,3554.17,1.414,71.7,7,0
2025-11-17 18:00:00,0.5661,14.14,29.43,23.31,33.95,132.107,33.104,61.86,246.85,30.57,21.87,0.71,16.87,10.1,406.36,3605.39,1.562,112.0,7,0
2025-11-17 19:00:00,0.5038,14.33,27.02,21.94,30.92,132.115,32.777,55.04,221.87,28.24,18.15,1.16,16.57,10.84,398.43,3613.86,1.595,32.0,7,0
2025-11-17 20:00:00,0.5054,15.1,27.86,22.76,32.28,131.32,32.975,55.55,221.22,28.74,22.68,0.84,15.7,11.09,399.85,3556.53,1.404,2.1,7,0
2025-11-17 21:00:00,0.4577,15.82,26.7,22.34,30.11,132.063,33.196,50.02,199.0,28.95,22.0,0.57,17.46,13.15,405.06,3515.39,1.369,38.1,7,0
2025-11-17 22:00:00,0.4414,13.87,24.13,20.03,28.13,132.508,33.245,48.08,191.64,29.05,18.53,1.29,13.88,12.58,413.85,3527.88,1.534,99.8,7,0
2025-11-17 23:00:00,0.4539,12.33,23.07,18.78,29.33,132.064,33.343,49.61,196.5,29.09,21.86,1.2,15.16,12.87,398.42,3454.45,1.312,17.1,7,0
2025-11-18 00:00:00,0.3599,12.57,19.98,17.02,22.52,132.914,33.089,39.08,156.99,23.3,21.64,0.71,19.4,12.05,413.43,3564.34,1.39,116.7,7,0
2025-11-18 01:00:00,0.3774,10.72,18.71,15.51,20.54,130.563,33.094,41.72,164.59,30.31,21.72,0.84,16.18,11.08,415.63,3606.3,1.47,45.6,7,0
2025-11-18 02:00:00,0.3752,9.59,17.51,14.34,18.87,131.444,33.198,41.2,163.14,28.44,23.17,0.83,16.18,10.84,393.8,3583.73,1.269,87.1,7,0
2025-11-18 03:00:00,0.3597,8.16,15.56,12.6,17.5,132.974,32.843,39.04,158.07,24.42,19.99,0.51,13.48,12.66,428.34,3544.91,1.335,88.1,7,0
2025-11-18 04:00:00,0.4252,9.49,19.16,15.29,21.48,132.602,32.832,46.29,186.94,28.97,20.68,1.23,14.18,14.39,411.24,3481.15,1.428,30.7,7,0
2025-11-18 05:00:00,0.4888,3.97,16.06,11.22,20.49,132.357,32.967,53.3,213.99,28.88,14.74,1.24,13.0,10.6,393.59,3471.93,1.644,5.9,7,0
2025-11-18 06:00:00,0.4818,5.03,16.84,12.12,21.15,132.814,32.663,52.37,212.93,33.85,22.25,0.9,18.37,10.48,409.27,3487.62,1.26,23.6,7,0
2025-11-18 07:00:00,0.5222,4.91,18.35,12.98,22.62,130.735,33.107,57.65,227.67,28.4,22.05,0.99,11.89,10.3,415.64,3441.99,1.439,23.2,7,0
2025-11-18 08:00:00,0.5748,3.97,19.64,13.37,26.84,132.525,33.277,62.61,249.33,32.02,22.73,1.04,16.84,13.25,408.91,3522.38,1.69,0.3,7,0
2025-11-18 09:00:00,0.6061,5.82,22.87,16.05,28.53,132.702,32.813,65.93,266.62,34.17,18.14,1.07,16.17,11.94,403.09,3276.69,1.649,110.4,7,0
2025-11-18 10:00:00,0.5849,6.23,22.34,15.9,28.06,131.565,33.115,64.17,254.95,28.14,21.94,0.6,11.8,12.84,348.29,3457.31,1.451,88.3,7,0
2025-11-18 11:00:00,0.6435,6.16,24.93,17.43,32.48,133.735,32.834,69.45,282.88,29.88,22.05,1.15,17.3,11.25,385.55,3505.86,1.511,132.2,7,0
2025-11-18 12:00:00,0.6156,6.98,24.46,17.47,31.62,132.13,32.732,67.25,271.48,35.21,18.71,0.65,14.49,12.94,410.24,3700.54,1.577,29.1,7,0
2025-11-18 13:00:00,0.5912,8.34,24.73,18.17,31.69,130.553,33.543,65.36,254.38,30.71,22.13,1.21,12.37,11.58,385.25,3500.77,1.568,9.0,7,0
2025-11-18 14:00:00,0.595,9.64,26.2,19.58,32.57,132.252,32.735,64.94,262.37,31.14,20.94,0.68,15.74,9.69,407.77,3503.72,1.704,7.8,7,0
2025-11-18 15:00:00,0.5585,10.96,25.93,19.94,32.07,131.525,32.662,61.29,246.79,28.8,16.62,0.61,13.37,13.39,413.33,3433.73,1.649,13.4,7,0
2025-11-18 16:00:00,0.5603,12.06,27.1,21.09,31.91,132.769,33.057,60.92,244.67,32.08,21.18,0.99,14.6,11.95,398.37,3637.98,1.273,92.5,7,0
2025-11-18 17:00:00,0.5555,13.54,28.37,22.44,34.35,132.362,33.071,60.58,242.46,29.9,18.48,0.99,14.0,11.54,373.59,3435.35,1.239,21.2,7,0
2025-11-18 18:00:00,0.5663,14.83,30.13,24.01,36.3,131.605,33.176,62.11,246.36,24.52,16.66,1.03,13.25,12.43,389.01,3663.04,1.402,171.7,7,0
2025-11-18 19:00:00,0.5679,13.35,28.72,22.57,35.41,132.992,33.528,61.64,244.48,28.96,20.75,0.73,12.63,9.84,410.33,3441.23,1.206,3.2,7,0
2025-11-18 20:00:00,0.4489,13.7,24.25,20.03,26.34,132.62,32.795,48.86,197.58,26.47,19.89,1.06,16.6,12.65,418.92,3575.75,1.621,51.4,7,0
2025-11-18 21:00:00,0.4781,12.83,24.5,19.83,27.66,131.454,32.847,52.49,210.07,30.36,22.82,1.09,15.66,11.11,368.84,3495.89,1.215,59.7,7,0
2025-11-18 22:00:00,0.4144,14.94,24.23,20.51,27.8,131.9,33.425,45.34,178.93,27.27,20.38,1.35,15.53,11.77,401.28,3455.43,1.362,51.9,7,0
2025-11-18 23:00:00,0.4439,13.53,23.9,19.75,25.13,132.341,33.248,48.42,192.72,31.46,21.57,1.06,14.28,13.72,378.05,3581.19,1.291,8.3,7,0
2025-11-19 00:00:00,0.4164,12.65,22.0,18.26,25.34,131.76,33.211,45.61,180.97,30.16,21.03,0.82,15.11,12.97,401.42,3606.71,1.17,3.7,7,0
2025-11-19 01:00:00,0.362,9.51,16.98,13.99,20.06,131.779,32.844,39.65,159.08,26.28,22.06,0.6,13.54,11.74,397.71,3485.58,1.558,10.2,7,0
2025-11-19 02:00:00,0.4482,11.43,21.95,17.74,24.9,132.024,33.297,49.0,194.28,28.54,18.24,0.54,13.5,11.86,435.47,3498.49,1.338,1.7,7,0
2025-11-19 03:00:00,0.4122,7.74,16.94,13.26,19.49,131.297,33.212,45.31,179.12,31.88,20.41,1.1,18.43,8.17,391.98,3467.42,1.692,61.9,7,0
2025-11-19 04:00:00,0.4302,7.31,17.17,13.22,19.45,130.526,33.05,47.57,187.87,33.47,19.73,1.24,16.78,10.78,415.8,3518.35,1.626,33.9,7,0
2025-11-19 05:00:00,0.4348,6.96,16.99,12.98,19.78,132.158,32.846,47.49,191.08,27.31,21.32,0.73,13.89,12.26,415.2,3412.86,1.417,80.4,7,0
2025-11-19 06:00:00,0.4714,4.33,15.73,11.17,19.12,130.687,33.028,52.06,206.01,26.73,20.53,1.08,12.02,10.86,397.14,3284.96,1.121,8.3,7,0
2025-11-19 07:00:00,0.5298,4.27,18.02,12.52,22.24,131.345,33.435,58.22,228.69,35.87,18.79,0.95,11.61,10.02,401.85,3350.81,1.414,87.5,7,0
2025-11-19 08:00:00,0.5371,4.82,18.88,13.26,23.19,130.831,32.711,59.26,237.0,29.99,19.34,1.22,13.74,12.73,400.07,3482.75,1.811,26.1,7,0
2025-11-19 09:00:00,0.5768,7.67,23.42,17.12,28.86,130.912,32.789,63.59,253.9,30.3,23.31,1.26,15.23,13.97,388.91,3414.84,1.553,66.9,7,0
2025-11-19 10:00:00,0.5985,5.61,22.33,15.64,28.19,132.281,32.834,65.3,263.09,27.8,16.63,0.32,15.25,10.93,387.61,3491.03,1.474,5.9,7,0
2025-11-19 11:00:00,0.6431,7.71,26.47,18.96,35.0,131.853,32.892,70.4,282.23,30.67,21.44,1.31,15.31,13.32,393.92,3459.44,1.43,78.2,7,0
2025-11-19 12:00:00,0.6032,8.35,25.27,18.5,31.14,131.829,32.996,66.05,263.88,35.17,22.5,1.08,15.68,13.1,382.99,3443.93,1.635,147.1,7,0
2025-11-19 13:00:00,0.5726,8.72,24.29,18.06,30.14,131.132,33.253,63.03,248.55,30.78,21.17,0.84,12.93,10.54,392.56,3448.53,1.542,27.3,7,0
2025-11-19 14:00:00,0.6455,8.65,27.52,19.97,34.14,131.567,33.122,70.82,281.31,33.22,23.96,0.85,18.03,10.92,397.13,3577.81,1.565,12.3,7,0
2025-11-19 15:00:00,0.5936,12.0,28.49,21.89,34.01,132.248,33.016,64.78,259.5,30.11,21.89,1.01,14.62,14.71,402.49,3519.26,1.667,19.2,7,0
2025-11-19 16:00:00,0.6211,10.64,28.38,21.28,33.57,131.966,33.073,67.93,271.05,26.94,20.78,0.85,15.6,10.33,406.72,3625.64,1.673,53.6,7,0
2025-11-19 17:00:00,0.5784,14.78,30.6,24.27,35.04,132.543,33.165,62.99,251.74,27.97,19.08,0.72,13.7,11.09,397.12,3508.7,1.555,9.2,7,0
2025-11-19 18:00:00,0.5389,14.17,28.3,22.65,32.27,132.637,32.556,58.64,238.91,26.67,20.82,0.79,15.63,14.96,388.53,3347.65,1.231,22.1,7,0
2025-11-19 19:00:00,0.5274,11.82,25.47,20.01,30.35,131.834,33.283,57.74,228.71,30.68,21.38,0.69,19.17,11.16,406.45,3416.94,1.316,40.1,7,0
2025-11-19 20:00:00,0.5496,14.3,28.88,23.05,34.88,130.778,32.782,60.66,241.97,33.69,20.02,1.41,13.03,14.04,411.93,3509.66,1.382,26.0,7,0
2025-11-19 21:00:00,0.5292,15.13,28.85,23.36,32.19,131.501,32.883,58.09,232.3,30.51,18.53,1.02,12.78,10.48,392.78,3519.81,1.459,105.1,7,0
2025-11-19 22:00:00,0.4483,13.74,24.26,20.05,27.24,131.936,33.09,49.04,195.54,29.1,17.61,1.68,13.28,12.22,385.33,3453.57,1.649,27.9,7,0
2025-11-19 23:00:00,0.4351,13.89,23.93,19.91,26.05,131.488,32.98,47.76,190.43,27.65,20.39,1.11,14.34,13.64,393.37,3436.79,1.725,43.9,7,0
2025-11-20 00:00:00,0.4533,11.19,21.9,17.62,25.18,131.304,33.129,49.83,197.48,31.09,17.06,1.18,13.97,11.31,397.34,3451.81,1.485,21.0,7,0
2025-11-20 01:00:00,0.3922,9.53,18.03,14.63,21.5,132.046,33.037,42.87,171.35,26.31,19.07,0.68,12.93,12.16,417.24,3488.89,1.479,48.8,7,0
2025-11-20 02:00:00,0.431,9.47,19.35,15.4,22.15,133.604,32.924,46.56,188.94,26.62,15.15,0.94,14.91,13.13,410.47,3496.53,1.189,16.3,7,0
2025-11-20 03:00:00,0.4302,8.28,18.13,14.19,21.24,131.678,33.404,47.15,185.89,32.72,21.68,1.02,18.13,10.66,400.02,3412.62,1.352,63.3,7,0
2025-11-20 04:00:00,0.4563,6.69,17.52,13.19,22.22,131.998,33.187,49.89,198.44,29.19,22.33,0.81,14.71,15.37,428.58,3520.15,1.345,13.7,7,0
2025-11-20 05:00:00,0.4426,7.23,17.54,13.42,21.24,131.134,33.08,48.71,193.11,29.13,20.17,0.86,14.82,13.57,399.55,3519.42,1.326,72.6,7,0
2025-11-20 06:00:00,0.444,4.36,14.72,10.58,17.47,132.821,33.183,48.25,193.13,29.52,23.68,1.13,15.7,11.47,421.27,3491.66,1.509,80.7,7,0
2025-11-20 07:00:00,0.4554,5.02,15.82,11.5,19.47,132.577,32.814,49.58,200.31,32.2,22.71,1.13,16.31,11.66,418.39,3445.18,1.36,25.6,7,0
2025-11-20 08:00:00,0.5099,4.61,17.54,12.37,21.3,132.532,33.574,55.54,219.22,30.52,20.98,0.6,17.76,14.88,417.33,3554.18,1.171,0.5,7,0
2025-11-20 09:00:00,0.5538,3.15,17.92,12.01,23.47,132.897,32.713,60.15,244.35,27.79,19.79,1.09,15.49,11.48,404.89,3606.35,1.603,160.7,7,0
2025-11-20 10:00:00,0.5795,3.89,19.76,13.41,25.88,131.718,33.03,63.5,253.23,27.9,19.32,1.17,15.01,11.3,401.82,3464.6,1.67,5.5,7,0
2025-11-20 11:00:00,0.6623,6.02,25.67,17.81,32.03,131.8,32.924,72.53,290.34,29.44,21.14,0.82,13.03,13.73,400.15,3450.18,1.574,34.0,7,0
2025-11-20 12:00:00,0.6473,9.02,27.97,20.39,35.23,133.129,32.914,70.18,283.87,30.93,19.73,0.79,16.49,9.91,412.82,3537.73,1.498,65.3,7,0
2025-11-20 13:00:00,0.5887,8.82,25.1,18.59,30.9,132.418,32.88,64.17,258.43,29.92,21.11,1.13,13.32,11.89,388.23,3406.81,1.359,24.2,7,0
2025-11-20 14:00:00,0.6246,7.81,25.71,18.55,32.78,130.535,32.796,69.06,274.89,29.65,21.26,0.23,13.26,12.13,396.13,3398.34,1.387,0.7,7,0
2025-11-20 15:00:00,0.592,7.72,24.15,17.58,30.77,132.3,33.314,64.58,256.48,30.16,19.56,1.0,15.4,10.95,425.07,3448.56,1.657,63.6,7,0
2025-11-20 16:00:00,0.5797,12.77,28.66,22.3,34.75,131.616,32.682,63.58,256.04,29.91,22.21,1.49,18.09,9.66,409.42,3525.22,1.378,28.5,7,0
2025-11-20 17:00:00,0.5731,12.98,28.57,22.34,33.92,132.593,33.26,62.39,248.72,27.68,19.56,0.22,16.46,12.11,414.38,3430.03,1.788,22.9,7,0
2025-11-20 18:00:00,0.562,15.01,30.13,24.08,36.24,132.269,33.171,61.33,244.55,33.34,20.06,1.25,14.94,13.04,381.75,3498.97,1.623,5.7,7,0
2025-11-20 19:00:00,0.5074,13.49,26.32,21.19,30.0,130.851,32.899,55.97,222.6,28.58,18.06,1.16,13.05,10.99,393.59,3339.72,1.505,1.6,7,0
2025-11-20 20:00:00,0.5236,14.89,28.39,22.99,31.99,132.177,33.141,57.18,228.04,30.41,19.48,0.57,18.06,10.24,405.08,3549.81,1.869,39.1,7,0
2025-11-20 21:00:00,0.4333,15.22,25.18,21.2,25.82,132.139,32.958,47.33,189.76,23.84,24.33,1.16,14.9,13.89,399.45,3615.71,1.608,1.7,7,0
2025-11-20 22:00:00,0.447,13.42,23.9,19.71,27.24,132.24,32.709,48.79,197.27,29.38,18.22,1.3,14.43,12.8,381.69,3427.68,1.359,29.6,7,0
2025-11-20 23:00:00,0.5089,12.65,25.54,20.39,29.29,132.38,32.712,55.49,224.54,26.72,20.89,0.65,16.12,11.47,411.47,3536.0,1.301,97.2,7,0
2025-11-21 00:00:00,0.4283,11.97,21.75,17.84,25.19,132.987,33.173,46.49,186.37,27.09,19.11,0.79,14.12,13.39,416.23,3483.83,1.351,37.4,7,0
2025-11-21 01:00:00,0.4612,11.28,22.29,17.89,24.33,132.273,33.159,50.33,200.76,37.29,15.59,1.01,13.51,12.37,395.79,3508.97,1.415,121.5,7,0
2025-11-21 02:00:00,0.4244,9.43,19.07,15.21,21.61,132.015,33.064,46.4,185.26,30.77,21.14,1.29,13.7,14.69,412.01,3480.8,1.298,13.0,7,0
2025-11-21 03:00:00,0.449,9.12,19.67,15.45,23.48,132.758,32.897,48.82,197.03,33.7,18.91,0.84,13.69,13.01,430.51,3476.2,1.256,2.7,7,0
2025-11-21 04:00:00,0.4458,6.48,16.91,12.74,19.47,133.48,32.95,48.21,195.29,32.59,20.66,0.99,12.76,9.92,422.95,3433.83,1.458,3.2,7,0
2025-11-21 05:00:00,0.4631,4.58,15.66,11.23,19.64,132.604,32.914,50.41,203.09,32.97,22.0,0.8,12.53,11.02,396.46,3413.05,1.565,17.2,7,0
2025-11-21 06:00:00,0.469,7.09,18.4,13.87,21.69,132.136,32.539,51.23,208.02,29.43,20.49,1.01,16.96,11.09,383.52,3588.43,1.713,23.3,7,0
2025-11-21 07:00:00,0.5311,4.01,17.81,12.29,22.58,132.285,33.016,57.95,232.2,34.84,20.67,1.32,16.35,12.47,403.52,3366.15,1.477,47.6,7,0
2025-11-21 08:00:00,0.5186,3.87,17.16,11.84,22.21,132.169,33.138,56.63,225.87,32.56,18.28,1.03,13.37,11.55,435.28,3498.99,1.55,89.7,7,0
2025-11-21 09:00:00,0.5882,4.54,20.8,14.3,27.44,132.012,33.018,64.31,257.13,30.15,21.43,0.89,16.79,10.32,420.14,3495.35,1.216,19.4,7,0
2025-11-21 10:00:00,0.6215,5.18,22.93,15.83,29.57,133.429,33.467,67.23,268.04,30.81,19.64,0.99,15.63,12.89,399.98,3496.73,1.64,47.6,7,0
2025-11-21 11:00:00,0.6158,5.52,23.01,16.01,28.81,131.506,32.735,67.59,271.54,29.61,16.02,0.76,14.36,13.51,423.51,3553.67,1.357,73.6,7,0
2025-11-21 12:00:00,0.6062,6.92,23.98,17.16,29.86,132.762,32.825,65.91,266.57,30.18,21.67,0.7,12.56,11.85,417.6,3470.83,1.549,72.4,7,0
2025-11-21 13:00:00,0.6318,8.11,26.34,19.04,33.63,131.917,33.035,69.13,276.07,29.89,22.28,1.36,15.7,12.32,371.58,3552.73,1.509,23.8,7,0
2025-11-21 14:00:00,0.6056,9.61,26.65,19.83,32.06,131.023,33.064,66.71,264.35,31.17,22.98,1.49,18.74,10.56,416.0,3659.36,1.467,31.9,7,0
2025-11-21 15:00:00,0.6329,8.38,26.65,19.34,33.32,131.876,32.498,69.27,281.1,35.24,24.36,0.46,15.04,11.23,401.85,3488.31,1.294,27.2,7,0
2025-11-21 16:00:00,0.534,13.82,27.75,22.18,32.29,131.639,33.159,58.55,232.44,26.41,21.57,1.18,17.01,11.29,387.07,3337.93,1.353,21.3,7,0
2025-11-21 17:00:00,0.5582,12.83,27.78,21.8,32.99,132.381,33.066,60.86,243.65,33.45,21.05,1.26,14.59,12.85,401.44,3489.09,1.336,125.7,7,0
2025-11-21 18:00:00,0.4844,14.35,26.27,21.5,29.45,132.06,32.44,52.94,215.52,28.92,22.2,0.64,16.86,12.39,406.29,3481.23,1.353,99.3,7,0
2025-11-21 19:00:00,0.4734,12.89,24.38,19.78,26.7,131.325,32.969,52.03,207.24,33.83,18.24,0.86,14.71,11.51,388.16,3532.65,1.614,26.2,7,0
2025-11-21 20:00:00,0.5333,13.97,27.86,22.31,33.12,132.971,32.787,57.88,234.76,29.02,16.67,0.83,10.2,11.46,398.28,3340.97,1.414,94.6,7,0
2025-11-21 21:00:00,0.4951,13.6,25.94,21.0,30.87,132.719,32.88,53.84,217.33,31.26,19.06,1.57,13.57,9.06,395.11,3526.45,1.347,14.9,7,0
2025-11-21 22:00:00,0.4259,15.24,24.94,21.06,26.59,133.047,32.647,46.21,188.31,29.55,22.57,1.5,15.28,14.42,412.0,3466.78,1.51,13.8,7,0
2025-11-21 23:00:00,0.3866,12.39,20.69,17.37,23.53,132.156,33.11,42.22,168.51,24.83,18.7,0.72,17.18,8.88,395.55,3564.72,1.442,45.1,7,0
2025-11-22 00:00:00,0.27,12.6,17.28,15.41,19.39,131.976,33.465,29.53,116.46,35.24,20.95,0.56,14.71,12.64,374.58,3459.02,1.64,47.7,7,0
2025-11-22 01:00:00,0.3398,9.99,16.74,14.04,19.18,132.464,33.07,37.02,148.29,27.2,21.17,1.23,15.07,12.07,393.36,3569.94,1.522,110.1,7,0
2025-11-22 02:00:00,0.4316,8.89,18.8,14.83,21.63,131.619,32.43,47.33,192.08,30.28,20.51,1.16,13.84,11.61,385.88,3379.64,1.117,15.5,7,0
2025-11-22 03:00:00,0.3805,7.8,15.9,12.66,17.61,132.086,33.075,41.58,166.05,26.87,17.46,1.37,18.13,12.0,380.66,3501.92,1.511,2.0,7,0
2025-11-22 04:00:00,0.3642,8.13,15.68,12.66,18.0,131.884,32.949,39.86,159.53,26.01,20.7,0.68,18.01,11.01,417.78,3422.75,1.485,15.5,7,0
2025-11-22 05:00:00,0.4125,3.92,13.13,9.45,16.22,131.036,32.709,45.44,182.03,29.41,19.18,1.22,13.66,12.99,412.13,3461.45,1.655,11.2,7,0
2025-11-22 06:00:00,0.3722,3.7,11.52,8.39,13.95,132.084,33.093,40.68,162.35,28.24,23.42,0.78,11.98,10.04,385.57,3718.11,1.356,156.1,7,0
2025-11-22 07:00:00,0.4321,2.57,12.49,8.52,15.52,131.709,33.232,47.36,187.69,26.52,22.29,1.19,11.4,12.5,381.03,3424.54,1.581,8.8,7,0
2025-11-22 08:00:00,0.466,3.26,14.46,9.98,17.28,131.84,32.824,51.02,204.94,29.92,19.25,0.99,16.22,10.99,398.54,3470.69,1.38,112.4,7,0
2025-11-22 09:00:00,0.481,3.7,15.48,10.77,19.75,132.24,32.566,52.5,213.18,25.58,23.55,1.57,15.28,11.37,380.22,3409.0,1.484,33.4,7,0
2025-11-22 10:00:00,0.5249,3.4,16.95,11.53,22.01,132.84,32.469,57.03,233.34,30.4,20.71,1.14,13.45,11.41,396.44,3475.94,1.304,27.4,7,0
2025-11-22 11:00:00,0.525,5.07,18.63,13.21,23.47,131.44,32.824,57.65,230.86,29.64,16.68,0.91,15.56,11.76,401.13,3488.51,1.256,38.5,7,0
2025-11-22 12:00:00,0.5432,4.83,19.14,13.42,24.25,131.778,32.959,59.5,237.89,22.58,19.86,1.04,12.55,12.76,404.64,3441.74,1.602,73.5,7,0
2025-11-22 13:00:00,0.5054,7.03,19.78,14.68,25.47,131.495,32.864,55.48,221.98,28.46,23.29,0.97,16.6,11.96,405.18,3626.62,1.453,31.5,7,0
2025-11-22 14:00:00,0.5501,10.54,25.15,19.31,29.79,131.452,32.82,60.4,241.93,31.43,18.38,0.65,14.25,13.41,388.37,3592.92,1.283,16.2,7,0
2025-11-22 15:00:00,0.5635,11.04,26.22,20.15,32.64,131.608,33.15,61.81,245.37,26.83,19.88,1.58,12.85,13.58,401.13,3424.76,1.604,13.9,7,0
2025-11-22 16:00:00,0.4721,12.03,23.46,18.89,26.67,131.87,33.122,51.67,205.71,31.56,17.3,1.48,14.28,12.47,419.28,3565.85,1.026,22.1,7,0
2025-11-22 17:00:00,0.4569,11.88,22.73,18.39,27.17,132.387,33.053,49.82,199.54,31.32,17.62,0.95,14.21,13.03,368.62,3462.1,1.307,44.8,7,0
2025-11-22 18:00:00,0.5031,12.14,24.8,19.73,30.09,132.211,33.216,54.93,218.64,26.97,18.35,1.21,15.74,15.05,404.96,3402.17,1.202,32.5,7,0
2025-11-22 19:00:00,0.4353,13.03,23.08,19.06,26.06,131.302,32.827,47.85,191.41,29.99,17.56,1.62,17.34,9.89,382.4,3443.08,1.598,17.6,7,0
2025-11-22 20:00:00,0.4612,14.3,25.31,20.91,30.26,132.854,32.711,50.1,203.49,32.5,18.78,1.37,17.24,13.62,421.14,3400.04,1.366,34.7,7,0
2025-11-22 21:00:00,0.3853,15.04,23.3,20.0,26.2,132.623,32.862,41.93,169.23,27.4,23.5,0.91,15.33,14.33,412.33,3575.81,1.404,35.0,7,0
2025-11-22 22:00:00,0.4246,14.58,24.23,20.37,26.59,131.405,32.844,46.64,186.6,29.41,19.95,0.97,14.64,12.66,411.85,3430.4,1.458,109.1,7,0
2025-11-22 23:00:00,0.3714,13.51,21.3,18.18,23.34,132.808,32.458,40.36,165.15,33.48,21.59,0.49,13.88,14.87,387.28,3603.57,1.507,43.1,7,0
2025-11-23 00:00:00,0.3673,11.01,18.66,15.6,21.86,132.216,32.856,40.1,161.35,27.45,22.2,1.23,11.48,14.67,404.04,3511.79,1.488,41.4,7,0
2025-11-23 01:00:00,0.4036,10.57,19.47,15.91,22.97,131.897,33.292,44.16,174.97,31.4,17.8,1.37,14.97,11.5,405.71,3468.23,1.522,46.8,7,0
2025-11-23 02:00:00,0.3487,8.93,15.97,13.15,17.19,132.236,33.211,38.06,151.54,26.79,18.36,1.38,13.31,11.62,364.51,3460.35,1.335,18.5,7,0
2025-11-23 03:00:00,0.3398,7.75,14.51,11.81,16.36,131.983,33.139,37.16,148.0,29.54,21.55,1.21,17.45,12.81,402.28,3640.73,1.498,35.2,7,0
2025-11-23 04:00:00,0.3681,8.79,16.47,13.39,18.93,132.36,33.035,40.14,160.82,31.37,18.75,1.11,14.61,11.07,409.28,3501.34,1.286,69.9,7,0
2025-11-23 05:00:00,0.4127,3.95,13.17,9.49,15.66,132.124,33.383,45.09,178.45,22.81,21.42,0.7,16.51,16.08,378.87,3460.17,1.346,13.6,7,0
2025-11-23 06:00:00,0.3727,4.69,12.52,9.38,16.76,131.777,32.72,40.82,164.39,28.42,23.37,1.1,14.05,13.19,409.11,3568.8,1.156,70.1,7,0
2025-11-23 07:00:00,0.4608,5.63,16.63,12.23,20.43,130.663,32.745,50.9,203.1,31.31,17.11,0.81,13.66,12.08,401.57,3547.37,1.682,33.5,7,0
2025-11-23 08:00:00,0.4475,2.78,13.28,9.08,16.63,132.348,33.297,48.8,193.98,30.7,19.31,1.16,16.22,9.89,420.8,3421.48,1.275,28.8,7,0
2025-11-23 09:00:00,0.5186,3.78,17.07,11.75,22.59,131.753,33.007,56.81,226.77,28.46,19.62,0.77,15.57,12.39,393.88,3500.94,1.671,0.1,7,0
2025-11-23 10:00:00,0.4299,4.39,14.24,10.3,17.09,132.513,32.823,46.83,189.05,26.71,18.97,1.16,15.66,10.23,402.74,3355.83,1.496,7.5,7,0
2025-11-23 11:00:00,0.4917,5.49,17.69,12.81,22.61,132.318,33.146,53.63,214.1,31.91,18.8,1.4,14.83,13.15,405.2,3497.85,1.476,3.7,7,0
2025-11-23 12:00:00,0.4731,5.15,16.63,12.04,19.1,131.771,32.884,51.83,207.68,29.06,19.04,1.11,16.59,8.26,357.97,3525.66,1.492,112.5,7,0
2025-11-23 13:00:00,0.5019,8.55,21.16,16.12,25.08,132.675,32.779,54.6,220.98,31.66,19.99,1.1,16.3,14.09,394.76,3536.36,1.291,15.3,7,0
2025-11-23 14:00:00,0.5312,9.92,23.73,18.2,29.36,132.135,32.772,58.02,233.95,31.17,20.35,1.28,10.66,11.37,401.37,3420.57,1.706,90.9,7,0
2025-11-23 15:00:00,0.5099,11.05,23.99,18.81,29.66,132.108,33.085,55.71,222.44,28.68,21.93,1.53,14.5,9.47,364.73,3441.44,1.401,42.7,7,0
2025-11-23 16:00:00,0.4941,10.88,23.18,18.26,26.71,131.909,33.054,54.07,215.78,33.24,19.97,0.97,17.04,11.99,410.19,3520.32,1.599,4.6,7,0
2025-11-23 17:00:00,0.4794,12.87,24.59,19.9,27.78,133.111,33.4,51.98,207.15,28.24,22.26,1.16,12.97,12.04,401.37,3600.57,1.358,21.5,7,0
2025-11-23 18:00:00,0.4697,12.68,24.02,19.49,28.23,131.529,32.923,51.55,205.94,33.6,18.84,1.45,11.63,11.91,401.28,3507.9,1.22,31.4,7,0
2025-11-23 19:00:00,0.4114,13.75,22.92,19.25,25.3,131.787,32.919,45.06,180.38,33.99,17.62,1.2,14.74,14.08,410.9,3455.88,1.703,72.1,7,0
2025-11-23 20:00:00,0.4408,16.4,26.65,22.55,29.74,131.183,33.38,48.51,190.62,33.18,19.41,0.4,16.05,12.58,393.92,3578.15,1.33,3.3,7,0
2025-11-23 21:00:00,0.419,14.18,23.62,19.84,27.31,132.48,33.26,45.65,181.84,29.49,20.95,0.79,14.09,13.2,400.73,3510.86,1.479,10.4,7,0
2025-11-23 22:00:00,0.3931,12.39,20.92,17.51,23.11,131.616,33.038,43.11,171.73,37.67,21.74,1.23,17.6,11.64,413.06,3514.83,0.942,16.1,7,0
2025-11-23 23:00:00,0.3847,12.97,21.21,17.91,22.15,131.69,32.588,42.17,170.4,30.48,22.94,0.88,18.7,12.65,400.91,3564.35,1.382,45.4,7,0
2025-11-24 00:00:00,0.4326,10.31,20.25,16.27,22.39,131.659,32.786,47.42,190.43,30.75,20.6,1.43,11.16,10.05,372.42,3492.83,1.507,6.7,7,0
2025-11-24 01:00:00,0.4813,9.25,21.05,16.33,25.0,132.041,32.722,52.61,212.31,29.96,21.53,1.56,14.25,12.4,400.85,3425.86,1.462,3.6,7,0
2025-11-24 02:00:00,0.4211,8.12,17.64,13.83,19.16,131.174,33.01,46.33,184.11,26.64,22.76,0.82,10.45,10.87,401.04,3488.17,1.396,47.4,7,0
2025-11-24 03:00:00,0.4244,7.42,17.07,13.21,19.89,130.519,32.866,46.94,186.41,33.91,18.46,0.69,16.34,13.99,413.59,3589.51,1.381,62.3,7,0
2025-11-24 04:00:00,0.4269,7.6,17.33,13.44,19.32,132.302,33.423,46.58,184.38,28.31,19.6,0.89,13.65,12.12,394.93,3651.95,1.544,27.2,7,0
2025-11-24 05:00:00,0.4393,6.2,16.39,12.32,20.99,130.605,32.585,48.55,194.59,32.79,25.56,0.88,14.06,13.0,385.41,3403.04,1.226,24.3,7,0
2025-11-24 06:00:00,0.457,5.35,16.21,11.87,21.49,132.564,32.693,49.76,201.78,33.51,21.73,1.46,17.31,12.4,385.46,3631.52,1.393,79.0,7,0
2025-11-24 07:00:00,0.4936,3.23,15.51,10.6,18.81,133.029,33.065,53.56,215.47,31.84,21.04,0.69,12.36,14.72,421.72,3471.19,1.662,20.4,7,0
2025-11-24 08:00:00,0.544,3.62,17.97,12.23,23.2,131.892,33.138,59.54,236.96,27.95,21.81,1.22,11.85,9.67,404.42,3502.18,1.25,26.1,7,0
2025-11-24 09:00:00,0.5803,4.6,20.51,14.15,25.47,132.858,32.317,63.04,259.18,29.0,17.35,1.42,10.46,11.84,420.95,3636.53,1.474,17.3,7,0
2025-11-24 10:00:00,0.5925,4.2,20.65,14.07,26.37,131.984,32.542,64.8,262.8,22.0,18.73,1.25,17.55,10.57,423.13,3467.77,1.331,4.4,7,0
2025-11-24 11:00:00,0.5839,5.35,21.41,14.99,28.65,133.055,32.93,63.34,255.93,29.68,18.0,1.13,17.09,8.94,388.93,3478.59,1.537,100.7,7,0
2025-11-24 12:00:00,0.6439,7.1,25.89,18.37,32.56,131.699,33.358,70.57,278.59,32.44,20.86,0.95,14.43,10.47,387.78,3449.12,1.527,98.6,7,0
2025-11-24 13:00:00,0.6424,7.52,26.24,18.75,33.03,130.439,33.498,71.09,276.82,29.31,19.28,1.56,12.46,13.77,398.17,3503.58,1.38,72.3,7,0
2025-11-24 14:00:00,0.6121,9.39,26.71,19.78,32.32,131.947,32.891,66.95,268.6,28.26,20.21,0.93,16.68,11.97,409.3,3525.49,1.51,11.6,7,0
2025-11-24 15:00:00,0.5873,12.05,28.26,21.78,35.04,133.127,32.955,63.67,257.22,29.13,19.4,1.29,20.52,11.68,379.06,3445.58,1.504,9.9,7,0
2025-11-24 16:00:00,0.6074,11.49,28.6,21.76,32.26,132.353,32.779,66.24,267.47,33.67,16.77,0.95,14.54,13.17,406.91,3616.58,1.412,59.6,7,0
2025-11-24 17:00:00,0.5759,13.87,29.59,23.3,34.87,131.66,33.167,63.14,250.62,29.86,21.79,0.45,12.61,12.18,406.15,3440.77,1.425,9.7,7,0
2025-11-24 18:00:00,0.5027,14.05,26.69,21.64,30.95,132.217,33.404,54.88,217.22,35.6,16.5,0.92,17.5,12.93,383.2,3540.43,1.354,3.9,7,0
2025-11-24 19:00:00,0.5182,12.52,25.8,20.49,29.83,132.641,33.332,56.39,224.41,28.32,18.57,0.95,12.75,12.49,383.73,3502.68,1.117,71.7,7,0
2025-11-24 20:00:00,0.5022,13.06,25.68,20.63,30.66,131.943,32.992,54.94,219.73,30.68,17.39,0.96,14.28,12.82,406.75,3600.05,1.59,4.8,7,0
2025-11-24 21:00:00,0.4433,13.16,23.49,19.36,27.8,133.733,32.779,47.84,195.19,28.73,18.26,0.8,9.74,11.34,431.18,3436.24,1.601,58.4,7,0
2025-11-24 22:00:00,0.4552,12.64,23.42,19.11,25.82,131.659,33.002,49.91,199.11,36.25,20.42,1.19,14.41,13.58,395.66,3546.36,1.165,43.4,7,0
2025-11-24 23:00:00,0.39,12.6,21.03,17.66,25.29,132.662,33.365,42.43,168.72,30.57,22.49,1.22,12.46,10.19,405.03,3694.25,1.576,5.0,7,0
2025-11-25 00:00:00,0.4645,12.19,23.33,18.87,25.86,132.503,32.894,50.59,203.8,36.41,16.9,0.91,17.53,11.88,391.01,3385.23,1.492,27.3,7,0
2025-11-25 01:00:00,0.4584,11.62,22.53,18.17,27.13,131.538,32.521,50.3,203.45,28.77,18.91,0.91,13.06,13.66,403.63,3428.51,1.264,78.5,7,0
2025-11-25 02:00:00,0.4168,9.38,18.75,15.0,21.82,131.72,32.905,45.67,182.83,34.61,16.52,0.69,16.57,11.78,390.7,3667.28,1.377,9.2,7,0
2025-11-25 03:00:00,0.4453,7.33,17.75,13.58,20.71,132.672,32.926,48.44,195.19,30.38,18.81,1.08,14.8,11.36,396.2,3489.83,1.317,27.1,7,0
2025-11-25 04:00:00,0.378,4.49,12.5,9.3,14.6,132.096,32.519,41.3,167.76,32.54,20.16,1.41,15.26,15.44,436.82,3509.65,1.527,7.4,7,0
2025-11-25 05:00:00,0.4363,5.61,15.69,11.65,18.9,132.223,33.061,47.62,190.46,26.37,21.56,1.41,16.06,14.14,401.69,3473.98,1.28,125.6,7,0
2025-11-25 06:00:00,0.4863,4.77,16.76,11.96,20.94,130.92,33.134,53.61,211.83,31.07,15.78,0.82,14.91,12.22,376.62,3632.9,1.762,36.1,7,0
2025-11-25 07:00:00,0.4888,4.43,16.51,11.68,19.84,132.433,33.491,53.27,210.66,26.82,21.12,1.6,13.72,10.55,409.73,3371.48,1.618,28.1,7,0
2025-11-25 08:00:00,0.5683,6.18,21.56,15.41,26.87,132.19,32.648,62.05,251.23,30.8,18.08,0.89,13.39,8.96,417.02,3599.53,1.3,99.6,7,0
2025-11-25 09:00:00,0.6309,5.48,23.67,16.39,29.82,131.958,33.193,69.01,274.33,25.47,17.59,0.7,16.03,13.07,410.22,3382.37,1.761,35.7,7,0
2025-11-25 10:00:00,0.5564,5.53,20.4,14.45,24.69,132.238,33.255,60.73,241.48,29.75,20.16,0.59,11.21,13.91,397.43,3375.21,1.588,34.0,7,0
2025-11-25 11:00:00,0.5824,4.58,20.58,14.18,25.69,131.73,33.137,63.82,253.7,33.32,21.28,0.68,18.37,12.6,386.33,3413.61,1.469,76.1,7,0
2025-11-25 12:00:00,0.6246,6.06,23.96,16.8,29.67,131.609,32.734,68.5,275.42,31.67,19.82,1.1,15.28,9.44,386.69,3490.34,1.614,19.1,7,0
2025-11-25 13:00:00,0.6693,7.68,27.67,19.68,34.95,131.84,32.719,73.27,295.26,26.33,17.84,0.92,14.34,12.25,397.24,3443.43,1.673,46.6,7,0
2025-11-25 14:00:00,0.5809,8.3,24.23,17.86,30.31,131.694,33.026,63.67,253.87,24.33,19.82,0.81,15.55,11.28,394.58,3438.68,1.377,33.2,7,0
2025-11-25 15:00:00,0.615,10.87,28.33,21.34,34.85,133.439,33.024,66.53,268.81,31.52,18.57,0.75,13.83,12.25,391.71,3426.37,1.633,20.9,7,0
2025-11-25 16:00:00,0.6463,11.93,30.83,23.27,39.51,132.602,32.852,70.35,283.96,34.77,21.23,0.68,14.66,14.93,418.32,3427.75,1.458,20.7,7,0
2025-11-25 17:00:00,0.5214,11.52,24.92,19.56,27.78,131.361,33.341,57.29,225.72,27.14,22.17,0.73,12.75,13.19,413.9,3425.95,1.583,6.5,7,0
2025-11-25 18:00:00,0.5084,14.6,27.47,22.32,32.24,133.344,32.894,55.03,223.09,36.32,22.04,1.31,15.76,12.87,419.09,3519.37,1.434,19.6,7,0
2025-11-25 19:00:00,0.5083,14.0,26.87,21.73,31.27,131.714,32.5,55.7,225.72,30.01,19.98,1.54,14.86,11.94,388.26,3449.71,1.303,3.8,7,0
2025-11-25 20:00:00,0.4795,12.34,24.07,19.38,28.63,132.019,32.941,52.42,210.09,24.15,22.27,1.56,15.39,12.63,386.28,3287.36,1.534,38.3,7,0
2025-11-25 21:00:00,0.4953,13.85,26.2,21.26,30.94,132.592,33.127,53.92,215.82,25.35,17.98,1.21,17.98,10.93,401.25,3497.6,1.391,7.2,7,0
2025-11-25 22:00:00,0.4575,13.68,24.56,20.21,27.98,130.7,33.09,50.52,199.56,32.34,23.59,0.85,13.41,12.84,406.31,3560.54,1.452,3.2,7,0
2025-11-25 23:00:00,0.3811,13.58,21.7,18.45,24.31,131.844,33.088,41.72,166.25,30.42,17.97,0.8,14.76,11.72,401.16,3478.28,1.452,140.9,7,0
2025-11-26 00:00:00,0.4405,11.15,21.39,17.29,24.09,131.622,33.394,48.31,190.41,34.48,15.96,1.23,11.71,10.78,405.29,3399.72,1.641,51.6,7,0
2025-11-26 01:00:00,0.4043,11.11,20.04,16.47,23.31,132.135,32.706,44.17,178.44,26.43,22.75,0.93,16.11,13.23,423.86,3560.19,1.337,86.4,7,0
2025-11-26 02:00:00,0.4633,9.18,20.27,15.83,22.42,132.244,32.888,50.57,203.33,30.38,18.6,1.13,14.98,8.66,396.81,3390.78,1.304,19.5,7,0
2025-11-26 03:00:00,0.4162,6.38,15.73,11.99,19.29,131.949,33.408,45.53,179.83,30.05,20.26,1.58,15.05,11.19,412.2,3474.89,1.655,32.9,7,0
2025-11-26 04:00:00,0.4319,5.07,14.99,11.02,18.14,131.918,32.481,47.25,191.91,29.6,17.96,1.07,14.7,12.93,407.86,3498.84,1.416,3.4,7,0
2025-11-26 05:00:00,0.4879,6.58,18.63,13.81,22.29,132.703,32.986,53.07,213.49,28.88,24.75,1.68,13.86,13.85,401.52,3586.92,1.362,13.2,7,0
2025-11-26 06:00:00,0.5187,5.85,19.15,13.83,23.53,132.199,33.324,56.63,224.65,28.94,23.67,0.66,20.01,12.72,411.5,3546.81,1.514,17.8,7,0
2025-11-26 07:00:00,0.5351,4.48,18.46,12.87,23.2,132.027,33.321,58.5,231.8,30.55,23.12,1.14,15.09,11.0,388.57,3519.66,1.416,83.8,7,0
2025-11-26 08:00:00,0.497,5.48,17.9,12.93,23.14,132.098,33.174,54.3,216.23,30.94,20.2,1.1,15.61,11.93,385.55,3575.04,1.408,21.8,7,0
2025-11-26 09:00:00,0.5878,5.22,21.45,14.96,29.92,133.212,33.181,63.69,255.7,30.79,21.98,0.71,12.74,12.45,406.58,3407.95,1.88,45.4,7,0
2025-11-26 10:00:00,0.5613,5.34,20.43,14.39,26.76,132.114,32.725,61.33,247.59,33.65,19.92,1.24,16.79,14.35,375.52,3626.99,1.332,53.6,7,0
2025-11-26 11:00:00,0.6153,4.54,22.01,15.03,28.0,131.66,33.363,67.46,266.21,26.43,22.27,1.46,14.77,13.39,407.76,3255.39,1.292,1.0,7,0
2025-11-26 12:00:00,0.5755,8.22,23.92,17.64,30.06,130.74,32.683,63.54,254.18,24.59,19.2,1.66,15.91,13.4,383.17,3614.82,1.672,2.2,7,0
2025-11-26 13:00:00,0.6351,8.23,26.61,19.26,34.0,131.054,32.699,69.94,280.32,33.08,23.19,1.12,16.82,12.11,422.86,3433.3,1.461,156.9,7,0
2025-11-26 14:00:00,0.5941,8.6,25.12,18.51,30.38,131.692,33.102,65.11,259.03,27.2,19.1,0.43,14.81,10.4,394.15,3531.01,1.545,23.5,7,0
2025-11-26 15:00:00,0.5698,9.61,25.06,18.88,29.58,131.928,32.87,62.34,250.2,28.89,19.33,1.14,13.66,9.9,421.89,3616.47,1.581,65.8,7,0
2025-11-26 16:00:00,0.6138,11.75,29.15,22.19,35.5,131.633,33.055,67.3,268.02,28.19,19.09,1.22,10.36,11.56,396.93,3545.47,1.244,138.3,7,0
2025-11-26 17:00:00,0.5789,10.85,26.7,20.36,33.04,132.232,33.114,63.19,252.34,28.13,20.41,0.93,14.24,13.06,396.29,3530.39,1.661,22.0,7,0
2025-11-26 18:00:00,0.5291,14.02,27.74,22.25,31.21,131.625,33.469,58.02,228.19,25.66,19.25,1.07,13.65,11.26,413.08,3569.91,1.38,5.9,7,0
2025-11-26 19:00:00,0.5652,12.87,28.12,22.02,32.97,131.396,33.115,62.09,246.36,28.32,21.0,0.86,12.73,12.87,404.48,3382.21,1.767,34.8,7,0
2025-11-26 20:00:00,0.4826,14.36,26.2,21.47,30.62,132.404,32.837,52.61,212.12,31.98,19.06,0.96,17.92,10.82,399.09,3394.21,1.322,35.4,7,0
2025-11-26 21:00:00,0.4726,13.3,24.75,20.17,28.58,132.904,33.179,51.33,205.61,30.02,21.6,1.31,16.98,11.05,394.03,3522.31,1.671,68.5,7,0
2025-11-26 22:00:00,0.459,13.05,23.99,19.61,28.7,131.269,32.78,50.47,202.11,31.54,23.06,1.42,11.36,14.12,394.17,3484.8,1.692,36.4,7,0
2025-11-26 23:00:00,0.4165,11.77,21.12,17.38,22.94,132.161,33.241,45.48,180.84,28.54,20.18,0.62,15.32,13.16,435.45,3475.58,1.335,33.7,7,0
2025-11-27 00:00:00,0.4399,11.25,21.46,17.38,26.63,130.743,33.017,48.57,192.32,32.74,24.46,0.85,13.38,11.55,374.96,3599.66,1.391,31.9,7,0
2025-11-27 01:00:00,0.4064,12.09,21.09,17.49,22.67,131.027,33.106,44.77,177.18,28.51,22.28,0.52,15.75,10.77,382.05,3592.73,1.356,31.3,7,0
2025-11-27 02:00:00,0.4134,10.29,19.54,15.84,20.82,131.611,32.53,45.34,183.44,23.7,24.3,1.55,13.42,13.43,417.74,3426.95,1.635,77.6,7,0
2025-11-27 03:00:00,0.4767,7.97,19.58,14.94,23.4,132.749,32.406,51.83,212.31,30.98,19.9,1.26,13.94,13.33,416.62,3536.0,1.465,18.1,7,0
2025-11-27 04:00:00,0.4204,6.38,15.88,12.08,17.98,131.486,32.604,46.15,186.13,32.33,16.7,0.4,16.94,12.97,386.25,3375.47,1.49,101.5,7,0
2025-11-27 05:00:00,0.4,6.22,14.99,11.48,17.68,131.461,33.461,43.92,172.54,28.35,18.61,0.98,16.65,11.74,373.81,3373.54,1.378,37.1,7,0
2025-11-27 06:00:00,0.5448,5.71,20.09,14.34,25.08,132.024,32.697,59.56,240.51,33.63,18.81,0.92,18.03,10.37,419.18,3429.18,1.543,3.9,7,0
2025-11-27 07:00:00,0.5989,3.25,19.98,13.29,25.92,132.024,33.193,65.47,260.41,27.48,18.12,0.77,14.58,11.99,384.39,3496.38,1.58,78.6,7,0
2025-11-27 08:00:00,0.5361,3.83,17.85,12.24,22.06,131.482,32.831,58.85,235.69,32.04,15.63,1.31,12.1,14.12,392.73,3448.37,1.379,72.0,7,0
2025-11-27 09:00:00,0.5143,2.26,15.37,10.12,20.21,133.311,32.937,55.68,225.37,35.27,22.07,1.31,16.86,10.65,401.53,3536.71,1.723,19.3,7,0
2025-11-27 10:00:00,0.5838,5.7,21.76,15.34,27.3,131.825,32.988,63.92,255.43,30.14,16.3,1.08,16.87,12.08,384.0,3499.39,1.461,68.2,7,0
2025-11-27 11:00:00,0.6004,7.44,24.24,17.52,31.25,132.075,33.434,65.61,259.2,29.35,21.88,0.81,16.27,14.47,413.96,3589.74,1.655,62.4,7,0
2025-11-27 12:00:00,0.6133,6.49,23.87,16.92,30.12,131.735,33.154,67.19,266.99,29.71,24.39,0.81,13.53,11.56,400.41,3544.27,1.317,14.8,7,0
2025-11-27 13:00:00,0.589,5.49,21.78,15.26,26.91,132.29,33.102,64.26,256.82,34.92,18.47,1.01,12.87,11.82,386.86,3417.54,1.597,24.7,7,0
2025-11-27 14:00:00,0.6364,9.52,27.96,20.58,33.49,132.815,33.342,69.16,275.48,31.24,20.8,0.86,16.09,9.99,388.18,3572.67,1.678,60.0,7,0
2025-11-27 15:00:00,0.6247,9.3,27.2,20.04,33.7,133.098,32.833,67.75,274.63,36.46,19.23,1.0,13.24,12.95,419.55,3431.67,1.552,160.7,7,0
2025-11-27 16:00:00,0.5483,10.75,25.27,19.46,29.37,131.497,33.282,60.18,237.77,30.87,21.68,1.17,14.4,10.9,395.91,3533.54,1.636,83.4,7,0
2025-11-27 17:00:00,0.5934,13.07,29.56,22.96,34.46,132.727,33.238,64.53,257.67,28.07,17.63,0.54,20.83,9.68,409.31,3461.24,1.391,32.2,7,0
2025-11-27 18:00:00,0.6098,13.49,30.72,23.83,37.46,132.363,33.235,66.5,264.85,28.28,19.76,0.77,19.27,10.58,399.94,3606.55,1.576,14.2,7,0
2025-11-27 19:00:00,0.5275,13.25,26.91,21.44,30.22,132.643,32.959,57.4,231.02,30.22,22.27,0.99,16.6,12.32,373.78,3559.12,1.236,40.3,7,0
2025-11-27 20:00:00,0.4864,13.26,25.25,20.45,30.4,131.939,32.885,53.21,213.48,23.91,19.93,1.47,13.69,9.64,411.3,3445.22,1.465,87.6,7,0
2025-11-27 21:00:00,0.4681,13.86,25.15,20.63,29.0,131.877,32.77,51.24,206.18,28.61,16.77,1.26,13.57,9.93,416.2,3469.75,1.315,80.7,7,0
2025-11-27 22:00:00,0.4701,12.83,24.19,19.64,27.91,132.618,32.787,51.17,206.96,28.67,22.51,1.0,16.45,12.85,427.73,3762.17,1.425,148.3,7,0
2025-11-27 23:00:00,0.3839,11.33,19.55,16.26,21.22,132.63,32.758,41.77,169.13,30.75,17.43,1.12,18.01,11.9,371.59,3399.75,1.599,3.2,7,0
2025-11-28 00:00:00,0.4314,11.0,20.9,16.94,24.68,133.033,33.097,46.81,188.15,35.86,20.18,0.97,13.99,10.64,352.72,3443.04,1.676,3.7,7,0
2025-11-28 01:00:00,0.4114,10.47,19.64,15.97,22.51,132.131,32.94,44.94,180.26,30.2,21.19,1.32,14.1,11.53,409.68,3446.95,1.213,16.2,7,0
2025-11-28 02:00:00,0.4819,8.65,20.47,15.74,23.87,131.929,33.114,52.73,210.07,24.26,20.26,1.13,15.19,14.62,391.11,3407.92,1.628,75.2,7,0
2025-11-28 03:00:00,0.4313,6.12,16.02,12.06,19.34,130.376,33.129,47.75,187.9,27.29,25.1,1.39,12.24,13.93,378.64,3416.33,1.626,39.9,7,0
2025-11-28 04:00:00,0.5024,7.32,19.95,14.9,22.9,130.937,32.72,55.38,221.63,30.82,21.49,0.59,12.3,11.85,401.71,3491.94,1.5,30.9,7,0
2025-11-28 05:00:00,0.44,2.56,12.77,8.69,14.76,131.74,32.712,48.21,194.14,30.31,19.62,0.76,12.66,13.24,393.36,3538.76,1.624,15.5,7,0
2025-11-28 06:00:00,0.5148,4.05,17.19,11.94,20.8,131.273,32.94,56.61,225.59,34.91,21.23,1.08,16.11,12.19,380.95,3373.18,1.395,71.1,7,0
2025-11-28 07:00:00,0.5327,3.38,17.25,11.7,22.36,132.537,32.795,58.01,234.44,32.91,20.44,1.15,15.56,9.35,398.85,3460.52,1.389,1.3,7,0
2025-11-28 08:00:00,0.5229,3.98,17.45,12.06,22.09,131.135,32.768,57.56,230.34,32.82,20.11,1.72,17.29,9.08,408.59,3436.32,1.385,55.7,7,0
2025-11-28 09:00:00,0.5784,4.56,20.39,14.06,26.92,131.669,33.448,63.41,249.61,29.38,20.51,0.46,11.54,10.65,402.72,3407.0,1.596,67.7,7,0
2025-11-28 10:00:00,0.6302,5.63,23.78,16.52,29.8,131.695,32.595,69.07,279.06,33.33,19.16,0.99,11.98,9.65,402.83,3580.3,1.501,19.2,7,0
2025-11-28 11:00:00,0.6,4.58,21.36,14.65,27.94,132.795,33.534,65.21,258.25,27.34,20.45,0.98,15.93,12.42,406.75,3439.44,1.393,23.1,7,0
2025-11-28 12:00:00,0.5689,6.92,22.33,16.17,27.74,131.599,33.076,62.4,248.27,32.94,19.01,1.07,13.27,11.19,374.73,3391.05,1.384,207.4,7,0
2025-11-28 13:00:00,0.6226,7.73,25.54,18.41,31.37,132.299,33.26,67.92,270.17,29.18,16.23,1.52,13.42,12.65,399.33,3571.05,1.511,12.2,7,0
2025-11-28 14:00:00,0.5926,7.12,23.57,16.99,29.85,132.129,33.229,64.74,257.42,25.69,22.3,1.26,17.04,12.67,403.7,3600.74,1.369,6.4,7,0
2025-11-28 15:00:00,0.5994,12.03,28.78,22.08,34.84,132.596,33.163,65.25,260.9,31.81,18.89,0.52,13.91,13.05,394.43,3519.66,1.6,40.1,7,0
2025-11-28 16:00:00,0.5914,9.89,26.29,19.73,31.73,132.561,33.439,64.39,255.26,34.22,20.31,1.46,14.14,10.62,387.66,3425.38,1.675,9.4,7,0
2025-11-28 17:00:00,0.5219,12.79,26.21,20.84,30.88,131.978,32.714,57.08,230.28,28.81,18.5,1.45,14.52,12.79,388.9,3478.43,1.607,10.8,7,0
2025-11-28 18:00:00,0.5005,13.55,26.11,21.08,30.26,130.88,32.959,55.2,219.19,34.72,18.56,1.08,14.64,10.58,395.7,3448.25,1.887,26.5,7,0
2025-11-28 19:00:00,0.5376,13.94,28.01,22.38,32.8,131.847,32.775,58.85,236.74,25.06,17.95,0.52,16.39,13.08,413.81,3496.7,1.53,72.2,7,0
2025-11-28 20:00:00,0.4815,13.34,25.14,20.42,28.75,131.987,32.552,52.66,213.51,26.44,21.92,0.96,12.6,13.85,423.01,3557.92,1.695,30.2,7,0
2025-11-28 21:00:00,0.3962,14.49,23.13,19.67,24.75,132.189,32.825,43.26,174.2,29.59,22.4,1.14,14.64,13.1,419.95,3498.63,1.426,37.3,7,0
2025-11-28 22:00:00,0.4759,11.6,23.19,18.55,27.1,131.513,33.494,52.23,205.09,28.92,20.08,1.3,17.34,11.75,376.69,3500.37,1.396,16.1,7,0
2025-11-28 23:00:00,0.4447,12.3,22.69,18.54,25.41,132.753,32.954,48.35,194.76,28.03,18.95,0.47,19.28,12.86,386.01,3459.61,1.44,89.5,7,0
2025-11-29 00:00:00,0.3417,10.69,17.51,14.78,18.68,132.009,33.524,37.37,147.14,30.43,16.64,0.77,12.3,9.71,409.96,3553.84,1.396,40.0,7,0
2025-11-29 01:00:00,0.3207,9.37,15.54,13.07,17.09,131.392,33.551,35.24,137.99,28.45,21.62,1.33,15.68,9.37,419.61,3530.12,1.342,70.6,7,0
2025-11-29 02:00:00,0.3882,9.19,17.55,14.2,20.7,131.698,33.791,42.55,165.83,28.96,18.67,1.45,14.64,12.71,385.6,3353.6,1.232,20.8,7,0
2025-11-29 03:00:00,0.3821,8.54,16.69,13.43,19.32,133.273,33.503,41.38,164.63,30.87,17.79,1.13,14.82,13.97,402.85,3358.14,1.244,23.5,7,0
2025-11-29 04:00:00,0.4566,5.91,16.76,12.42,19.88,132.438,33.623,49.77,196.03,28.03,20.08,1.35,13.44,10.17,383.12,3474.12,1.598,26.6,7,0
2025-11-29 05:00:00,0.4154,6.0,15.32,11.59,17.8,132.692,33.086,45.18,181.2,29.71,19.36,1.14,16.53,12.04,404.25,3578.31,1.533,16.0,7,0
2025-11-29 06:00:00,0.4349,4.48,14.5,10.49,18.23,131.313,33.06,47.8,189.87,28.1,16.99,1.29,16.43,12.67,390.45,3593.99,1.684,24.0,7,0
2025-11-29 07:00:00,0.4402,3.04,13.26,9.17,14.64,131.545,33.078,48.31,192.11,26.42,17.26,1.05,20.06,11.09,402.84,3561.69,1.361,45.9,7,0
2025-11-29 08:00:00,0.4918,3.5,15.71,10.82,20.45,131.55,33.0,53.96,215.09,32.32,20.7,1.15,12.37,11.5,381.92,3488.61,1.373,180.8,7,0
2025-11-29 09:00:00,0.5065,3.63,16.43,11.31,19.29,132.122,33.04,55.33,221.27,35.16,18.71,0.64,11.52,12.93,375.59,3617.85,1.281,19.8,7,0
2025-11-29 10:00:00,0.5429,3.73,18.03,12.31,21.91,131.885,33.199,59.42,236.04,33.23,21.05,1.22,19.13,12.17,446.57,3442.86,1.63,35.4,7,0
2025-11-29 11:00:00,0.5032,5.65,18.32,13.25,22.21,131.677,32.877,55.16,220.93,31.03,20.32,0.63,14.91,12.18,401.14,3473.38,1.318,148.9,7,0
2025-11-29 12:00:00,0.5143,6.49,19.61,14.36,25.84,131.76,32.636,56.34,227.45,28.11,22.12,1.22,14.1,10.54,432.12,3386.99,1.453,77.1,7,0
2025-11-29 13:00:00,0.5159,5.87,19.05,13.78,24.92,131.476,33.096,56.63,224.99,29.17,18.36,0.87,15.39,11.97,422.74,3473.04,1.505,107.8,7,0
2025-11-29 14:00:00,0.5511,7.11,21.75,15.89,27.48,131.881,32.817,60.31,242.38,33.2,20.49,1.11,12.23,11.42,375.57,3431.73,1.241,6.5,7,0
2025-11-29 15:00:00,0.5638,10.48,25.67,19.59,31.36,132.735,32.844,61.31,247.77,23.19,21.3,0.72,15.77,11.5,405.53,3623.7,1.598,209.3,7,0
2025-11-29 16:00:00,0.4916,10.44,22.64,17.76,25.26,131.001,32.962,54.16,215.26,28.94,18.77,0.85,14.86,11.2,380.68,3607.95,1.597,329.7,7,0
2025-11-29 17:00:00,0.475,12.59,24.14,19.52,28.1,132.229,32.902,51.85,208.38,32.24,22.28,1.11,17.16,11.97,395.66,3505.73,1.479,4.3,7,0
2025-11-29 18:00:00,0.4767,13.87,25.48,20.84,28.9,132.911,33.293,51.77,206.66,26.62,16.69,1.23,16.73,10.71,371.83,3538.02,1.425,10.4,7,0
2025-11-29 19:00:00,0.4379,12.32,22.45,18.4,25.06,131.879,32.956,47.92,191.78,31.3,18.36,1.33,16.9,12.03,376.49,3452.33,1.414,20.0,7,0
2025-11-29 20:00:00,0.4518,12.35,23.01,18.74,26.6,131.651,33.306,49.54,195.8,31.16,16.62,0.66,15.4,11.47,387.28,3297.74,1.636,16.1,7,0
2025-11-29 21:00:00,0.3352,15.26,21.87,19.23,23.41,132.61,33.054,36.48,146.37,25.67,18.55,0.55,18.23,10.61,391.91,3439.67,1.376,42.7,7,0
2025-11-29 22:00:00,0.3603,13.44,20.86,17.89,23.76,131.35,32.977,39.6,157.72,30.29,19.72,0.71,16.17,9.09,400.68,3560.51,1.377,104.5,7,0
2025-11-29 23:00:00,0.3482,11.87,18.9,16.09,19.41,131.985,33.042,38.08,152.09,28.18,21.69,0.68,13.95,13.43,384.56,3535.73,1.271,14.1,7,0
2025-11-30 00:00:00,0.2942,10.25,15.62,13.47,17.15,131.314,32.659,32.33,130.01,31.28,19.71,1.47,13.4,13.13,402.34,3469.31,0.927,36.9,7,0
2025-11-30 01:00:00,0.332,9.47,15.98,13.38,17.15,130.766,33.089,36.64,144.81,32.04,18.83,1.4,13.62,10.81,417.14,3559.83,1.53,5.1,7,0
2025-11-30 02:00:00,0.3363,7.5,14.14,11.48,15.74,131.9,33.224,36.8,146.11,31.23,16.93,0.7,16.19,13.04,404.21,3463.01,1.368,6.1,7,0
2025-11-30 03:00:00,0.3662,8.28,15.89,12.85,18.42,131.166,33.262,40.3,158.93,30.25,17.6,1.51,12.35,10.48,399.09,3409.35,1.252,4.3,7,0
2025-11-30 04:00:00,0.4192,5.41,14.86,11.08,16.96,131.992,32.643,45.84,185.34,30.9,20.65,1.39,15.33,11.55,405.23,3559.84,1.726,0.5,7,0
2025-11-30 05:00:00,0.396,6.24,14.88,11.42,17.68,132.736,32.599,43.06,175.35,26.51,21.79,0.51,13.35,11.22,378.58,3451.73,1.464,47.4,7,0
2025-11-30 06:00:00,0.393,3.96,12.48,9.07,14.94,133.224,32.858,42.57,172.62,29.94,19.19,0.69,12.51,11.6,414.38,3582.81,1.366,128.6,7,0
2025-11-30 07:00:00,0.4442,2.81,13.19,9.04,16.01,132.062,33.366,48.55,192.15,27.64,22.45,0.5,12.83,12.98,382.14,3340.86,1.575,44.7,7,0
2025-11-30 08:00:00,0.4994,3.26,15.77,10.77,19.63,132.673,33.058,54.33,218.03,33.13,18.13,0.98,14.97,11.41,423.38,3455.11,1.505,32.5,7,0
2025-11-30 09:00:00,0.4591,1.23,12.17,7.79,15.63,132.263,32.795,50.1,202.06,32.08,19.24,1.01,16.54,11.5,411.66,3548.45,1.482,24.0,7,0
2025-11-30 10:00:00,0.4787,4.24,15.93,11.25,19.21,131.747,32.616,52.44,211.83,32.08,19.41,1.01,13.67,13.13,408.45,3540.19,1.348,85.8,7,0
2025-11-30 11:00:00,0.5363,4.98,19.0,13.39,23.9,130.73,32.819,59.21,235.84,35.17,23.08,0.39,10.87,12.11,409.1,3482.99,1.573,15.5,7,0
2025-11-30 12:00:00,0.5213,7.01,20.41,15.05,24.81,133.073,32.802,56.55,229.41,29.04,20.29,0.57,21.33,11.13,400.07,3523.67,1.602,11.5,7,0
2025-11-30 13:00:00,0.5503,5.51,20.12,14.27,24.78,131.308,33.247,60.49,238.91,28.39,16.43,1.08,17.25,12.37,388.31,3511.9,1.385,48.7,7,0
2025-11-30 14:00:00,0.5276,9.85,23.51,18.04,29.51,132.913,33.267,57.29,228.9,28.97,21.93,1.19,16.88,13.5,385.98,3381.56,1.18,99.0,7,0
2025-11-30 15:00:00,0.5405,10.8,25.0,19.32,30.3,132.354,32.723,58.95,238.43,25.23,23.72,0.4,18.27,13.6,426.37,3471.59,1.613,0.2,7,0
2025-11-30 16:00:00,0.4749,12.44,23.98,19.37,27.51,131.356,33.199,52.19,206.49,25.46,19.53,0.62,15.2,10.03,401.65,3518.88,1.532,21.0,7,0
2025-11-30 17:00:00,0.488,12.17,24.23,19.4,28.39,132.206,33.172,53.28,212.35,31.9,18.23,1.31,14.75,10.1,383.38,3541.18,1.57,39.0,7,0
2025-11-30 18:00:00,0.4616,14.03,25.06,20.65,27.86,133.408,32.689,49.94,203.8,25.85,21.75,0.63,17.73,13.51,407.85,3495.48,1.438,51.6,7,0
2025-11-30 19:00:00,0.4094,12.05,21.15,17.51,23.65,133.014,32.978,44.43,179.19,26.81,23.95,1.0,17.72,11.58,405.25,3456.53,1.549,0.6,7,0
2025-11-30 20:00:00,0.377,14.4,22.38,19.19,24.54,131.662,33.09,41.33,164.44,29.73,21.72,0.61,16.25,8.71,395.16,3393.93,1.291,2.2,7,0
2025-11-30 21:00:00,0.424,12.75,22.37,18.52,24.43,131.53,33.043,46.52,185.19,28.8,16.78,1.25,16.78,10.92,386.63,3560.91,1.384,200.9,7,0
2025-11-30 22:00:00,0.3752,11.37,19.29,16.12,21.99,132.066,32.548,41.01,166.41,32.69,21.54,0.4,12.54,11.35,411.14,3552.12,1.231,151.1,7,0
2025-11-30 23:00:00,0.3416,11.1,17.91,15.19,19.49,131.891,33.035,37.38,149.26,30.22,20.83,0.91,14.5,11.54,414.29,3579.67,1.544,120.6,7,0
2025-12-01 00:00:00,0.4258,11.13,20.82,16.94,23.62,132.792,33.168,46.29,185.31,27.64,18.12,1.28,18.42,13.16,404.94,3414.42,1.406,21.4,7,0
2025-12-01 01:00:00,0.4592,9.09,20.03,15.65,23.16,132.488,33.417,50.02,198.32,32.95,22.6,1.18,16.63,10.62,401.18,3510.45,1.464,23.2,7,0
2025-12-01 02:00:00,0.3603,9.0,16.42,13.45,20.99,130.883,32.823,39.73,158.44,32.22,20.9,0.86,12.09,13.42,388.37,3445.31,1.445,3.1,7,0
2025-12-01 03:00:00,0.3938,5.52,14.07,10.65,16.18,132.303,32.856,42.96,173.0,25.8,22.66,0.79,13.96,12.44,407.3,3504.41,1.361,9.5,7,0
2025-12-01 04:00:00,0.4269,3.99,13.73,9.83,15.17,131.882,32.945,46.72,187.04,30.79,17.9,0.93,18.1,10.08,390.58,3733.23,1.537,9.2,7,0
2025-12-01 05:00:00,0.5191,6.46,19.77,14.44,23.07,132.024,33.077,56.76,226.54,27.89,20.82,0.61,15.93,11.53,381.02,3572.99,1.708,189.4,7,0
2025-12-01 06:00:00,0.5079,5.19,18.05,12.91,23.04,132.164,33.026,55.47,221.98,27.81,18.24,0.97,15.38,12.76,416.99,3440.25,1.601,76.3,7,0
2025-12-01 07:00:00,0.5483,2.74,17.27,11.46,23.45,132.791,33.16,59.6,238.68,35.64,20.52,0.98,15.44,12.07,384.66,3480.49,1.216,24.4,7,0
2025-12-01 08:00:00,0.517,3.62,16.84,11.55,20.84,132.645,32.703,56.26,228.18,30.41,22.98,0.88,14.85,12.58,371.65,3471.73,1.475,72.0,7,0
2025-12-01 09:00:00,0.5417,4.81,19.06,13.36,25.07,131.505,33.105,59.46,236.19,29.38,17.17,1.3,13.97,11.13,419.74,3510.61,1.494,16.0,7,0
2025-12-01 10:00:00,0.6095,4.71,21.92,15.03,28.82,131.961,32.804,66.66,268.16,30.29,17.29,0.68,13.35,12.85,373.94,3378.78,1.691,7.6,7,0
2025-12-01 11:00:00,0.6137,5.23,22.63,15.67,28.88,131.704,32.962,67.25,268.72,32.66,21.94,0.49,17.04,11.42,394.26,3526.6,1.424,138.9,7,0
2025-12-01 12:00:00,0.6384,7.21,25.75,18.33,32.46,130.89,33.451,70.4,275.45,27.93,20.0,0.84,15.49,15.83,383.67,3331.29,1.363,38.4,7,0
2025-12-01 13:00:00,0.6197,6.59,24.27,17.2,30.94,131.928,32.631,67.8,274.11,28.44,22.37,1.04,16.43,10.03,389.25,3366.89,1.635,38.8,7,0
2025-12-01 14:00:00,0.6302,8.65,26.81,19.54,34.26,133.218,32.926,68.29,276.28,32.01,18.41,0.97,16.11,16.06,433.47,3660.84,1.512,136.6,7,0
2025-12-01 15:00:00,0.6167,9.9,27.43,20.42,34.21,130.87,32.663,68.01,272.5,25.49,20.13,0.96,17.84,10.59,398.58,3471.85,1.415,82.8,7,0
2025-12-01 16:00:00,0.6194,10.85,28.5,21.44,34.48,131.984,33.04,67.73,270.57,33.01,21.4,0.66,15.93,13.92,405.5,3614.81,1.471,60.1,7,0
2025-12-01 17:00:00,0.5995,11.77,28.53,21.82,34.5,131.963,33.277,65.57,260.04,25.22,20.45,0.71,16.66,13.25,411.96,3435.9,1.288,22.9,7,0
2025-12-01 18:00:00,0.5026,13.02,25.66,20.61,31.54,132.19,33.045,54.88,219.53,29.3,16.45,0.86,15.35,10.65,390.4,3332.59,1.477,76.7,7,0
2025-12-01 19:00:00,0.4579,13.48,24.37,20.02,28.14,131.365,32.969,50.31,200.46,25.24,25.67,0.83,13.12,12.91,416.23,3416.66,1.383,73.9,7,0
2025-12-01 20:00:00,0.5295,12.57,26.31,20.81,31.77,131.059,33.351,58.31,229.15,26.87,20.45,1.33,14.57,11.27,405.75,3715.75,1.545,29.7,7,0
2025-12-01 21:00:00,0.5109,14.25,27.23,22.04,32.1,131.09,33.087,56.26,222.89,33.93,17.35,1.08,16.2,12.43,411.41,3387.86,1.425,32.4,7,0
2025-12-01 22:00:00,0.424,11.97,21.6,17.75,24.88,132.878,33.216,46.05,184.24,33.17,20.66,0.84,16.37,12.24,389.24,3642.83,1.417,27.5,7,0
2025-12-01 23:00:00,0.3829,11.94,20.12,16.84,22.7,131.351,33.189,42.08,166.53,33.49,20.89,1.33,17.92,11.49,406.77,3528.33,1.323,15.6,7,0
2025-12-02 00:00:00,0.4324,10.76,20.7,16.72,24.59,131.67,32.241,47.4,193.6,25.69,22.01,1.14,14.1,11.36,399.97,3510.3,1.378,14.7,7,0
2025-12-02 01:00:00,0.454,10.21,20.95,16.65,25.03,133.389,32.98,49.13,198.69,26.88,21.88,0.59,15.47,12.52,417.05,3440.83,1.258,0.5,7,0
2025-12-02 02:00:00,0.4834,6.44,18.31,13.56,22.5,131.515,32.715,53.05,213.27,31.06,19.6,0.03,14.76,10.66,392.0,3428.62,1.597,19.9,7,0
2025-12-02 03:00:00,0.4549,8.15,18.93,14.62,21.89,132.226,32.781,49.66,200.32,32.18,16.58,0.6,18.27,10.71,430.59,3545.85,1.421,47.4,7,0
2025-12-02 04:00:00,0.4442,5.38,15.75,11.6,19.41,132.702,33.389,48.31,192.02,27.64,20.95,1.18,15.77,13.45,405.19,3606.26,1.124,32.5,7,0
2025-12-02 05:00:00,0.4493,6.24,16.8,12.58,20.18,132.67,32.901,48.88,197.1,28.3,16.74,1.27,15.81,12.66,398.23,3516.42,1.187,17.7,7,0
2025-12-02 06:00:00,0.5005,3.75,16.3,11.28,20.32,131.121,33.5,55.1,215.66,26.64,22.46,0.5,14.95,10.05,396.48,3559.89,1.606,21.8,7,0
2025-12-02 07:00:00,0.5171,3.68,16.91,11.61,23.59,131.529,32.628,56.74,228.74,35.01,18.56,1.2,14.57,10.51,400.01,3466.67,1.452,61.4,7,0
2025-12-02 08:00:00,0.5215,5.47,18.88,13.51,22.27,132.2,32.714,56.94,230.09,28.61,21.3,1.19,12.12,8.81,390.68,3674.57,1.458,107.4,7,0
2025-12-02 09:00:00,0.6375,3.45,21.94,14.54,29.62,133.273,33.201,69.05,277.15,30.13,18.71,1.42,12.5,13.38,410.11,3519.81,1.518,59.8,7,0
2025-12-02 10:00:00,0.6503,5.46,24.55,16.92,31.05,131.497,32.91,71.38,285.22,30.29,19.04,1.29,15.38,13.05,399.93,3663.38,1.598,31.9,7,0
2025-12-02 11:00:00,0.6467,5.06,23.98,16.41,31.2,131.674,33.081,70.89,282.18,33.35,18.43,1.41,15.13,10.38,429.26,3423.51,1.753,19.2,7,0
2025-12-02 12:00:00,0.595,6.47,23.03,16.41,31.1,132.277,32.97,64.93,260.49,27.18,21.46,1.15,15.39,12.99,393.61,3497.13,1.564,14.9,7,0
2025-12-02 13:00:00,0.6517,7.33,26.49,18.82,32.94,132.409,32.962,71.04,285.38,33.54,18.78,1.14,16.9,14.99,398.3,3586.45,1.572,65.9,7,0
2025-12-02 14:00:00,0.6418,9.4,28.1,20.62,34.52,132.449,32.92,69.95,281.42,26.2,21.56,0.9,15.2,9.7,393.59,3512.09,1.435,51.5,7,0
2025-12-02 15:00:00,0.6259,9.16,27.12,19.94,33.77,131.441,33.047,68.74,273.39,33.53,18.84,1.25,14.32,11.09,428.15,3542.15,1.282,39.9,7,0
2025-12-02 16:00:00,0.6343,10.07,28.41,21.08,34.57,131.649,33.169,69.54,276.0,24.89,19.56,0.6,14.6,9.67,378.42,3422.51,1.588,87.0,7,0
2025-12-02 17:00:00,0.5951,11.45,28.02,21.39,34.74,132.142,33.426,65.0,256.98,29.72,20.1,0.96,15.51,13.44,401.51,3468.29,1.581,10.1,7,0
2025-12-02 18:00:00,0.5741,12.99,28.63,22.37,33.8,132.833,32.947,62.39,251.53,34.91,20.34,1.16,14.26,11.87,404.8,3430.71,1.652,31.2,7,0
2025-12-02 19:00:00,0.5452,13.16,27.56,21.8,33.14,131.843,32.896,59.68,239.2,32.13,18.18,1.42,17.15,11.42,383.19,3493.89,1.729,10.9,7,0
2025-12-02 20:00:00,0.5104,14.27,27.22,22.04,30.59,131.985,32.862,55.82,224.18,31.3,21.44,0.86,15.0,12.35,439.76,3485.66,1.281,18.0,7,0
2025-12-02 21:00:00,0.4226,14.69,24.27,20.44,25.86,131.323,33.388,46.44,182.67,26.89,19.48,1.29,15.52,11.18,386.15,3458.41,1.319,82.5,7,0
2025-12-02 22:00:00,0.4579,11.91,22.8,18.44,26.18,133.23,33.182,49.6,199.16,27.83,21.12,0.94,13.39,11.41,400.61,3551.33,1.529,28.8,7,0
2025-12-02 23:00:00,0.4228,11.36,20.94,17.11,22.73,132.102,32.499,46.19,187.77,34.07,20.0,1.3,17.15,12.43,425.37,3415.53,1.412,96.5,7,0
2025-12-03 00:00:00,0.3918,9.56,18.05,14.65,21.87,132.711,32.487,42.62,174.09,31.45,21.2,0.76,17.9,11.1,394.49,3328.8,1.612,106.5,7,0
2025-12-03 01:00:00,0.4773,11.82,23.46,18.8,26.1,132.02,32.781,52.18,210.15,32.71,19.21,1.22,12.29,11.31,402.27,3455.02,1.41,58.6,7,0
2025-12-03 02:00:00,0.4821,8.8,20.63,15.9,23.75,132.056,33.061,52.69,210.48,30.26,18.45,0.97,15.82,11.78,394.94,3672.93,1.741,108.9,7,0
2025-12-03 03:00:00,0.481,7.68,19.46,14.75,23.73,131.01,32.991,52.99,210.44,29.19,20.88,0.65,14.8,12.15,399.31,3541.53,1.449,11.2,7,0
2025-12-03 04:00:00,0.4638,4.66,15.77,11.32,18.96,130.58,33.136,51.26,202.01,32.34,19.04,0.96,15.59,12.92,416.33,3433.04,1.676,5.8,7,0
2025-12-03 05:00:00,0.5173,4.96,18.2,12.9,21.53,132.826,32.954,56.22,226.6,30.82,22.95,1.4,15.92,12.89,393.79,3536.35,1.098,120.8,7,0
2025-12-03 06:00:00,0.5013,4.67,17.26,12.23,23.17,132.052,33.369,54.79,216.84,29.53,20.16,0.7,10.55,9.76,360.29,3490.01,1.524,40.9,7,0
2025-12-03 07:00:00,0.5329,3.41,17.29,11.74,21.32,132.136,33.204,58.21,231.66,25.8,17.28,0.56,16.54,14.13,399.62,3531.76,1.47,30.7,7,0
2025-12-03 08:00:00,0.5199,4.57,17.91,12.58,22.35,131.176,33.02,57.21,227.26,32.9,18.86,1.12,17.24,12.1,401.06,3571.21,1.146,152.9,7,0
2025-12-03 09:00:00,0.5887,5.98,22.26,15.75,27.98,131.404,33.302,64.67,255.17,31.36,18.03,0.5,17.47,11.52,403.04,3516.23,1.492,16.2,7,0
2025-12-03 10:00:00,0.5993,3.22,19.97,13.27,26.65,132.701,32.565,65.19,265.65,28.22,22.17,1.47,13.13,10.66,397.36,3510.39,1.314,12.0,7,0
2025-12-03 11:00:00,0.5743,3.94,19.59,13.33,25.56,133.148,32.978,62.26,251.38,33.58,21.58,1.46,14.96,15.0,387.17,3619.67,1.409,0.5,7,0
2025-12-03 12:00:00,0.6219,5.12,22.89,15.78,28.8,131.59,33.036,68.21,271.7,30.77,19.91,1.31,13.94,15.55,396.44,3543.92,1.557,21.8,7,0
2025-12-03 13:00:00,0.6244,8.81,26.7,19.54,33.06,132.443,33.159,68.05,271.81,30.83,20.61,1.0,11.19,14.81,426.59,3516.34,1.494,10.0,7,0
2025-12-03 14:00:00,0.6773,9.54,29.91,21.76,37.53,132.125,32.547,73.99,300.38,32.69,19.85,1.5,13.78,12.2,399.48,3504.13,1.592,6.6,7,0
2025-12-03 15:00:00,0.6403,9.65,28.27,20.83,35.84,131.92,32.931,70.05,280.62,32.04,21.75,1.41,12.85,12.53,409.91,3455.48,1.544,9.6,7,0
2025-12-03 16:00:00,0.5979,11.03,27.72,21.04,32.86,133.222,33.106,64.78,260.67,30.92,21.07,0.84,15.69,14.25,384.61,3401.11,1.852,67.8,7,0
2025-12-03 17:00:00,0.5843,11.21,27.3,20.86,34.72,131.701,33.126,64.03,254.59,29.47,21.43,1.43,11.76,11.65,395.74,3554.39,1.531,29.5,7,0
2025-12-03 18:00:00,0.554,13.72,28.49,22.58,33.1,132.819,33.313,60.21,240.05,35.99,19.64,0.73,13.06,12.83,385.1,3602.89,1.494,37.9,7,0
2025-12-03 19:00:00,0.5207,12.95,26.32,20.97,30.93,132.252,33.201,56.83,226.38,27.84,18.77,0.94,13.98,12.36,419.52,3534.99,1.524,50.4,7,0
2025-12-03 20:00:00,0.4685,13.24,24.53,20.01,27.33,131.989,32.984,51.23,205.0,32.28,21.36,0.46,16.56,14.89,376.78,3546.04,1.43,52.2,7,0
2025-12-03 21:00:00,0.4723,13.93,25.38,20.8,28.13,132.906,33.178,51.29,205.46,29.79,23.13,1.05,20.57,14.17,405.7,3429.79,1.199,101.5,7,0
2025-12-03 22:00:00,0.4337,12.64,22.62,18.63,25.12,132.191,32.947,47.36,190.01,31.4,22.24,0.91,15.63,11.81,405.23,3453.07,1.521,30.6,7,0
2025-12-03 23:00:00,0.4027,11.8,20.66,17.12,22.64,131.936,33.039,44.06,175.93,33.74,23.19,0.87,12.95,14.3,404.25,3398.22,1.595,160.4,7,0
2025-12-04 00:00:00,0.4463,10.95,21.4,17.22,24.46,132.91,33.21,48.47,193.99,29.1,20.35,0.95,13.66,12.01,364.94,3480.8,1.656,92.2,7,0
2025-12-04 01:00:00,0.4393,10.53,20.72,16.64,23.22,132.825,32.988,47.74,192.23,31.84,18.09,0.83,16.34,11.2,369.77,3579.42,1.523,8.4,7,0
2025-12-04 02:00:00,0.3774,10.08,18.08,14.88,21.05,132.793,33.096,41.02,164.59,30.83,18.27,1.01,12.33,11.59,401.87,3444.97,1.348,48.9,7,0
2025-12-04 03:00:00,0.4373,7.73,17.85,13.8,20.47,129.434,33.254,48.77,189.81,28.11,22.79,1.39,17.21,12.24,386.27,3494.79,1.458,33.5,7,0
2025-12-04 04:00:00,0.4867,6.74,18.75,13.95,22.06,132.291,33.188,53.11,211.69,33.81,16.3,0.68,15.57,10.84,390.47,3556.96,1.711,22.0,7,0
2025-12-04 05:00:00,0.5094,4.7,17.62,12.45,21.71,132.14,33.326,55.64,220.61,32.17,23.04,1.26,14.77,11.24,393.75,3597.42,1.421,116.3,7,0
2025-12-04 06:00:00,0.5325,3.4,17.26,11.72,22.88,131.977,33.615,58.24,228.64,28.73,18.45,1.07,11.65,9.85,384.32,3369.01,1.287,15.3,7,0
2025-12-04 07:00:00,0.5288,4.26,17.97,12.49,22.9,132.402,33.186,57.64,229.98,33.35,23.88,1.11,16.86,10.78,381.74,3462.63,1.796,224.1,7,0
2025-12-04 08:00:00,0.5281,3.61,17.29,11.82,21.95,132.172,32.878,57.67,231.85,27.54,19.89,0.99,13.5,12.37,400.11,3441.71,1.311,87.4,7,0
2025-12-04 09:00:00,0.5451,2.19,16.58,10.82,20.48,132.447,33.135,59.4,237.44,29.95,21.47,0.79,15.33,13.58,371.52,3430.63,1.237,145.9,7,0
2025-12-04 10:00:00,0.6086,3.78,20.95,14.08,26.33,131.823,33.124,66.64,265.22,28.75,24.8,1.14,14.7,13.39,392.53,3470.14,1.552,6.9,7,0
2025-12-04 11:00:00,0.6256,4.82,22.76,15.58,28.39,132.989,33.162,67.9,272.28,32.29,19.37,1.16,11.85,12.66,390.1,3344.97,1.574,151.9,7,0
2025-12-04 12:00:00,0.6628,5.43,25.11,17.24,33.62,132.514,33.395,72.19,286.47,28.6,19.34,0.76,14.56,9.72,399.76,3471.37,1.6,81.7,7,0
2025-12-04 13:00:00,0.6606,8.63,28.2,20.37,36.04,132.358,32.555,72.04,292.88,32.31,18.64,0.6,12.6,10.72,435.92,3503.58,1.662,56.0,7,0
2025-12-04 14:00:00,0.6202,8.92,26.61,19.54,32.46,132.326,33.4,67.65,268.03,31.82,18.03,1.03,13.72,11.72,385.39,3417.33,1.486,57.3,8,0
2025-12-04 15:00:00,0.5769,11.11,26.86,20.56,32.07,132.764,33.489,62.72,248.63,28.91,19.37,1.23,15.89,13.46,406.21,3462.24,1.466,17.8,8,0
2025-12-04 16:00:00,0.5887,11.2,27.48,20.97,32.71,132.674,33.15,64.05,256.34,35.53,18.92,1.3,16.42,11.18,403.43,3502.34,1.408,47.5,8,0
2025-12-04 17:00:00,0.5841,12.06,28.13,21.7,33.22,131.926,33.156,63.91,254.28,27.8,17.53,1.36,14.98,10.18,408.52,3510.37,1.513,1.0,8,0
2025-12-04 18:00:00,0.5474,11.83,26.32,20.53,31.78,132.654,32.936,59.56,239.89,25.81,19.61,1.11,13.25,14.19,396.92,3370.03,1.555,19.3,8,0
2025-12-04 19:00:00,0.5103,13.28,26.23,21.05,30.43,132.115,33.002,55.75,223.17,32.61,20.93,0.92,13.72,10.91,421.74,3556.8,1.591,25.5,8,0
2025-12-04 20:00:00,0.5093,13.45,26.36,21.2,32.44,133.265,33.184,55.16,221.52,23.59,18.24,1.0,13.69,10.32,410.4,3558.73,1.32,47.9,8,0
2025-12-04 21:00:00,0.4625,11.9,22.96,18.54,27.6,132.725,33.167,50.29,201.26,34.51,19.7,0.63,10.75,12.36,410.64,3441.39,1.244,12.5,8,0
2025-12-04 22:00:00,0.438,12.23,22.37,18.32,26.68,131.587,33.19,48.05,190.49,30.34,22.84,0.8,15.17,11.94,378.9,3635.02,1.552,116.5,8,0
2025-12-04 23:00:00,0.4503,11.65,22.25,18.01,26.24,133.538,33.165,48.67,195.99,25.76,17.19,0.99,11.69,11.26,401.56,3537.25,1.346,273.5,8,0
2025-12-05 00:00:00,0.4197,11.3,20.77,16.98,23.43,130.613,33.237,46.38,182.27,27.19,23.89,0.92,15.17,12.02,392.47,3525.69,1.262,21.6,8,0
2025-12-05 01:00:00,0.4357,10.14,20.2,16.17,23.9,132.421,33.208,47.49,189.37,25.14,18.68,1.03,12.1,10.63,387.19,3555.43,1.14,257.1,8,0
2025-12-05 02:00:00,0.44,7.8,18.02,13.93,21.03,131.54,32.73,48.28,194.02,31.19,20.43,0.59,12.61,11.25,390.72,3418.15,1.631,3.4,8,0
2025-12-05 03:00:00,0.4076,7.56,16.6,12.98,20.73,133.242,33.22,44.15,177.09,26.06,22.59,0.66,16.36,11.96,399.28,3472.51,1.445,33.0,8,0
2025-12-05 04:00:00,0.4432,5.7,16.04,11.9,19.7,132.167,33.491,48.4,191.02,31.55,23.2,1.23,15.07,8.96,406.97,3550.2,1.503,41.7,8,0
2025-12-05 05:00:00,0.5215,1.98,15.39,10.02,20.22,131.476,32.993,57.25,228.14,29.13,20.97,0.75,11.25,13.45,414.84,3436.97,1.526,55.4,8,0
2025-12-05 06:00:00,0.4676,3.57,14.83,10.33,18.65,131.824,33.396,51.2,202.1,28.61,18.64,0.8,13.9,9.96,414.14,3472.6,1.466,4.7,8,0
2025-12-05 07:00:00,0.4649,4.63,15.79,11.33,20.86,131.529,32.758,51.01,204.83,31.57,18.46,1.03,15.54,10.61,404.51,3548.87,1.429,97.5,8,0
2025-12-05 08:00:00,0.4984,1.7,14.17,9.19,17.25,131.798,32.992,54.58,218.04,31.91,18.88,0.72,13.78,13.52,400.95,3525.58,1.439,27.9,8,0
2025-12-05 09:00:00,0.5792,3.67,19.53,13.18,26.7,131.783,32.831,63.44,254.66,33.48,23.81,1.33,14.33,12.87,395.25,3502.47,1.343,32.2,8,0
2025-12-05 10:00:00,0.6,5.64,22.42,15.71,28.39,131.504,33.364,65.86,259.57,28.14,19.26,0.62,15.51,12.15,396.41,3505.8,1.235,34.9,8,0
2025-12-05 11:00:00,0.6114,4.09,21.38,14.47,26.62,132.178,33.433,66.77,263.97,29.95,20.68,1.0,15.11,9.45,388.42,3486.81,1.843,18.2,8,0
2025-12-05 12:00:00,0.6614,5.89,25.5,17.65,32.33,132.258,32.974,72.18,289.51,28.13,17.94,0.78,13.04,11.11,393.69,3569.02,1.536,22.3,8,0
2025-12-05 13:00:00,0.5482,5.79,20.31,14.5,24.1,131.342,33.309,60.24,237.54,30.53,17.72,1.05,15.06,11.69,405.43,3668.0,1.408,49.3,8,0
2025-12-05 14:00:00,0.6368,10.01,28.47,21.09,35.89,130.906,33.436,70.22,274.91,27.71,20.08,0.85,14.45,11.8,423.23,3524.21,1.398,17.8,8,0
2025-12-05 15:00:00,0.6618,9.6,29.23,21.37,35.84,132.205,32.991,72.25,289.54,28.77,19.38,0.99,18.47,13.73,397.87,3603.36,1.688,15.8,8,0
2025-12-05 16:00:00,0.5652,10.93,26.18,20.08,31.75,132.351,33.034,61.64,246.97,28.78,19.53,1.37,14.81,15.01,388.01,3465.87,1.504,51.6,8,0
2025-12-05 17:00:00,0.567,13.27,28.6,22.47,34.97,132.482,33.194,61.77,246.54,30.92,17.07,0.8,15.29,12.94,414.66,3446.28,1.354,157.4,8,0
2025-12-05 18:00:00,0.5317,13.38,27.21,21.67,31.47,132.364,32.778,57.98,234.12,30.05,19.88,0.79,15.54,11.21,370.08,3437.75,1.42,118.0,8,0
2025-12-05 19:00:00,0.5015,12.34,24.94,19.9,29.0,133.038,33.029,54.41,219.17,31.56,23.13,0.91,14.38,13.84,415.77,3427.34,1.497,85.4,8,0
2025-12-05 20:00:00,0.4927,12.74,24.98,20.08,28.06,132.658,33.566,53.61,211.86,29.72,18.32,1.44,13.58,11.13,378.63,3477.32,1.388,12.3,8,0
2025-12-05 21:00:00,0.5212,13.71,27.11,21.75,31.41,133.769,32.868,56.24,228.88,28.3,21.83,0.98,15.94,8.08,409.98,3571.7,1.583,56.8,8,0
2025-12-05 22:00:00,0.5128,12.09,25.14,19.92,31.67,134.046,33.225,55.21,222.76,30.61,13.1,1.37,15.96,10.14,392.98,3581.04,1.775,13.4,8,0
2025-12-05 23:00:00,0.4317,9.8,19.71,15.75,23.5,130.84,33.138,47.62,188.02,27.29,18.43,0.95,19.19,8.46,404.94,3460.04,1.353,21.7,8,0
2025-12-06 00:00:00,0.4248,10.78,20.44,16.58,23.3,130.55,32.957,46.97,186.05,31.75,16.21,1.36,16.51,11.44,431.37,3474.9,1.37,7.9,8,0
2025-12-06 01:00:00,0.3658,8.15,15.75,12.71,17.54,131.995,33.059,40.0,159.73,29.18,22.5,1.12,16.54,11.75,387.56,3500.65,1.258,82.0,8,0
2025-12-06 02:00:00,0.4203,9.95,19.44,15.65,22.41,132.333,33.463,45.84,181.28,30.65,21.79,1.17,16.46,9.63,385.11,3519.54,1.387,124.0,8,0
2025-12-06 03:00:00,0.3734,7.22,15.07,11.93,17.55,131.95,33.146,40.84,162.58,30.7,17.96,0.57,13.64,10.73,401.3,3547.75,1.093,44.9,8,0
2025-12-06 04:00:00,0.3936,4.93,13.48,10.06,15.78,132.464,33.187,42.89,171.18,34.85,20.61,0.53,12.5,9.88,423.0,3468.88,1.562,31.0,8,0
2025-12-06 05:00:00,0.4182,4.1,13.52,9.75,16.92,131.822,33.423,45.79,180.62,31.19,22.43,1.32,13.01,11.82,402.81,3484.78,1.209,46.2,8,0
2025-12-06 06:00:00,0.5231,2.12,15.59,10.2,19.48,131.542,32.924,57.4,229.34,30.26,22.74,1.32,16.4,10.74,400.79,3609.19,1.341,14.2,8,0
2025-12-06 07:00:00,0.4753,2.41,13.97,9.34,17.04,131.642,32.724,52.11,209.65,27.96,19.22,1.73,17.86,13.53,402.66,3478.53,1.45,11.0,8,0
2025-12-06 08:00:00,0.4506,4.35,14.96,10.72,18.71,131.868,33.467,49.32,194.32,32.45,15.61,0.56,16.49,12.27,385.05,3454.85,1.632,4.1,8,0
2025-12-06 09:00:00,0.5213,5.74,19.14,13.78,22.82,132.557,33.036,56.77,227.78,29.23,18.23,1.15,14.69,14.42,402.81,3493.97,1.333,124.0,8,0
2025-12-06 10:00:00,0.499,4.73,17.23,12.23,22.04,131.679,33.236,54.7,216.71,25.46,21.56,0.69,18.37,11.33,394.23,3507.07,1.422,9.0,8,0
2025-12-06 11:00:00,0.5087,4.71,17.59,12.44,21.98,131.809,32.799,55.7,223.86,29.46,24.23,0.78,14.13,15.23,419.96,3377.55,1.498,108.4,8,0
2025-12-06 12:00:00,0.5591,5.4,20.39,14.4,24.25,132.376,33.103,60.97,243.8,30.62,19.92,0.85,12.72,12.02,412.09,3465.32,1.379,10.1,8,0
2025-12-06 13:00:00,0.5357,6.08,20.08,14.48,25.05,131.869,32.71,58.64,236.38,27.59,18.82,1.12,15.53,11.22,380.27,3534.42,1.45,17.5,8,0
2025-12-06 14:00:00,0.5402,10.39,24.58,18.91,28.2,132.737,33.017,58.74,236.17,29.69,24.83,0.8,17.6,15.63,395.88,3661.18,1.232,87.3,8,0
2025-12-06 15:00:00,0.5238,9.44,22.94,17.54,28.16,131.393,32.829,57.54,230.3,29.83,20.84,1.01,13.33,9.27,408.04,3458.51,1.383,10.6,8,0
2025-12-06 16:00:00,0.52,12.95,26.3,20.96,30.69,131.25,32.768,57.18,229.04,29.87,17.58,1.25,11.61,11.19,385.4,3562.01,1.645,7.9,8,0
2025-12-06 17:00:00,0.505,13.26,26.0,20.91,39.72,132.201,32.92,55.14,221.43,33.75,19.79,1.34,15.1,9.52,383.93,3515.16,1.575,18.5,8,0
2025-12-06 18:00:00,0.4137,10.92,20.18,16.48,23.95,132.267,32.395,45.14,184.31,26.11,22.03,1.21,16.56,9.26,393.19,3593.63,1.34,126.1,8,0
2025-12-06 19:00:00,0.4698,12.5,23.84,19.31,26.75,131.429,32.694,51.59,207.39,36.14,19.89,1.14,9.09,8.91,405.29,3451.32,1.283,30.8,8,0
2025-12-06 20:00:00,0.3983,12.67,21.38,17.89,22.46,132.887,33.207,43.26,173.13,29.94,21.62,0.96,16.98,12.94,415.68,3589.08,1.367,6.3,8,0
2025-12-06 21:00:00,0.364,13.08,20.63,17.61,22.28,133.27,33.092,39.42,158.77,31.78,16.82,0.83,12.29,10.02,403.61,3612.99,1.162,31.6,8,0
2025-12-06 22:00:00,0.3879,12.6,20.96,17.62,22.54,131.586,32.716,42.55,171.14,30.42,17.16,1.16,16.47,11.63,437.06,3616.4,1.364,100.5,8,0
2025-12-06 23:00:00,0.3787,14.87,22.9,19.69,26.8,132.982,33.145,41.1,164.91,24.86,18.56,0.69,11.03,13.35,389.97,3615.02,1.328,118.6,8,0
2025-12-07 00:00:00,0.3475,9.71,16.71,13.91,18.76,130.428,32.768,38.46,153.08,26.87,19.47,1.04,12.07,12.71,411.23,3516.1,1.307,82.0,8,0
2025-12-07 01:00:00,0.3904,9.81,18.25,14.87,21.58,132.71,33.191,42.46,169.76,28.47,20.7,0.68,16.26,12.64,383.49,3547.63,1.374,59.1,8,0
2025-12-07 02:00:00,0.3281,8.9,15.29,12.74,16.89,131.434,32.969,36.03,143.63,33.02,21.3,0.99,17.45,13.84,424.29,3467.27,1.445,68.9,7,0
2025-12-07 03:00:00,0.3646,6.99,14.56,11.53,16.67,132.644,32.914,39.68,159.89,25.89,24.96,0.69,15.0,14.43,420.52,3323.0,1.227,16.7,7,0
2025-12-07 04:00:00,0.3728,5.9,13.73,10.6,16.07,131.366,32.976,40.96,163.17,27.47,18.55,0.88,19.81,10.14,410.8,3521.3,1.53,89.0,7,0
2025-12-07 05:00:00,0.4065,3.71,12.71,9.11,16.4,131.955,33.676,44.47,174.25,30.54,19.4,0.8,12.98,12.74,374.08,3487.95,1.572,4.5,7,0
2025-12-07 06:00:00,0.4368,4.06,14.16,10.12,17.66,131.465,32.8,47.96,192.22,31.46,18.61,0.76,12.95,11.61,410.66,3577.88,1.748,42.3,7,0
2025-12-07 07:00:00,0.4202,3.97,13.46,9.66,15.62,131.859,33.06,46.0,183.46,31.37,22.19,0.98,14.42,11.8,387.84,3569.79,1.455,2.9,7,0
2025-12-07 08:00:00,0.4942,3.62,15.92,11.0,21.37,133.208,33.206,53.55,214.8,27.09,22.3,0.27,14.32,9.75,406.93,3415.86,1.668,76.8,7,0
2025-12-07 09:00:00,0.4948,4.03,16.36,11.43,20.29,131.929,32.746,54.14,218.11,25.25,19.14,0.46,15.59,11.22,378.31,3687.97,1.594,65.2,7,0
2025-12-07 10:00:00,0.4538,5.37,16.1,11.81,19.24,133.393,32.579,49.1,201.04,31.66,24.16,1.24,13.54,11.38,404.18,3531.89,1.455,8.4,7,0
2025-12-07 11:00:00,0.4653,5.69,16.86,12.39,18.28,131.745,32.841,50.98,204.5,34.34,18.61,1.05,16.16,14.16,394.82,3398.1,1.25,82.6,7,0
2025-12-07 12:00:00,0.5322,5.86,19.71,14.17,25.03,132.985,33.2,57.76,231.36,29.01,22.09,0.79,16.11,10.28,388.45,3409.31,1.6,224.6,7,0
2025-12-07 13:00:00,0.5288,5.82,19.53,14.05,24.37,130.927,32.91,58.3,231.93,26.61,22.94,1.29,18.25,8.44,409.01,3326.62,1.5,62.6,7,0
2025-12-07 14:00:00,0.5294,7.69,21.42,15.93,26.27,131.811,32.939,57.98,232.0,28.75,17.31,0.81,14.04,12.01,399.36,3561.93,1.733,44.4,7,0
2025-12-07 15:00:00,0.5232,9.36,22.84,17.45,27.17,131.646,33.24,57.36,227.19,31.22,21.19,0.83,15.69,10.13,397.05,3458.69,1.573,18.8,7,0
2025-12-07 16:00:00,0.5173,11.04,24.28,18.98,28.37,133.015,32.787,56.13,227.73,29.34,14.58,0.77,16.23,11.81,411.18,3433.61,1.617,116.0,7,0
2025-12-07 17:00:00,0.5214,11.35,24.75,19.39,29.07,132.122,32.977,56.96,228.2,34.26,21.68,1.57,15.01,13.01,428.69,3449.33,1.374,58.5,7,0
2025-12-07 18:00:00,0.4391,11.68,21.87,17.79,25.51,130.622,32.6,48.52,194.41,32.82,17.83,1.07,14.6,11.87,404.26,3476.8,1.456,28.7,7,0
2025-12-07 19:00:00,0.4153,11.93,21.24,17.52,24.69,131.135,33.085,45.71,181.17,30.6,21.17,1.06,10.89,11.37,373.04,3546.9,1.119,82.9,7,0
2025-12-07 20:00:00,0.3956,11.64,20.26,16.81,22.73,131.332,33.061,43.48,172.73,24.18,21.54,1.14,15.19,11.78,376.75,3369.29,1.481,43.8,7,0
2025-12-07 21:00:00,0.4166,12.88,22.24,18.5,25.95,132.616,33.21,45.34,181.06,27.97,22.27,0.45,16.21,13.29,401.16,3415.26,1.591,19.4,7,0
2025-12-07 22:00:00,0.4277,11.15,20.91,17.01,23.96,132.531,32.698,46.58,188.79,28.4,21.81,0.82,14.91,10.28,415.52,3538.05,1.623,5.3,7,0
2025-12-07 23:00:00,0.3639,10.82,18.36,15.35,20.21,131.802,32.949,39.85,159.4,27.8,20.14,1.14,13.46,13.11,402.15,3453.32,1.329,22.9,7,0
2025-12-08 00:00:00,0.3591,10.35,17.73,14.78,20.08,131.638,32.662,39.37,158.68,30.61,19.27,1.0,11.66,10.51,407.8,3547.43,1.107,133.3,7,0
2025-12-08 01:00:00,0.3796,8.2,16.27,13.04,17.63,132.473,32.935,41.36,166.36,30.68,19.88,1.66,15.93,12.92,399.25,3461.05,1.309,30.9,7,0
2025-12-08 02:00:00,0.4091,8.62,17.72,14.08,20.75,131.255,33.391,44.99,176.85,25.02,17.8,0.84,15.09,9.7,414.56,3626.84,1.393,26.4,7,0
2025-12-08 03:00:00,0.4274,7.69,17.44,13.54,19.31,132.302,32.915,46.63,187.41,32.46,19.61,1.29,17.8,12.83,409.38,3517.55,1.475,48.0,7,0
2025-12-08 04:00:00,0.4478,5.2,15.7,11.5,18.29,132.246,32.639,48.87,198.01,30.09,19.45,1.24,12.12,11.86,384.83,3598.95,1.119,25.0,7,0
2025-12-08 05:00:00,0.4819,4.27,16.09,11.36,18.42,131.819,32.821,52.76,211.92,31.12,18.46,1.04,14.08,12.16,406.84,3542.27,1.425,18.3,7,0
2025-12-08 06:00:00,0.4955,4.45,16.81,11.86,20.84,132.262,32.575,54.07,219.55,32.28,16.55,1.1,12.38,13.45,376.99,3547.12,1.292,1.5,7,0
2025-12-08 07:00:00,0.5622,2.7,17.82,11.77,24.48,132.067,32.658,61.44,248.47,27.74,17.48,0.92,17.07,10.78,406.85,3440.66,1.698,43.9,7,0
2025-12-08 08:00:00,0.5363,2.46,16.49,10.88,21.28,132.328,33.177,58.5,233.33,33.82,13.73,0.41,17.5,11.98,395.89,3594.25,1.118,12.3,7,0
2025-12-08 09:00:00,0.5548,4.61,19.42,13.5,25.17,131.119,32.618,61.08,245.52,29.62,19.42,1.11,18.87,12.47,402.54,3518.12,1.629,0.9,7,0
2025-12-08 10:00:00,0.6158,4.8,22.29,15.29,30.62,132.406,33.082,67.13,268.67,34.58,20.75,1.13,16.06,11.57,404.99,3424.55,1.484,29.9,7,0
2025-12-08 11:00:00,0.5713,5.31,20.82,14.62,26.69,132.678,33.007,62.15,249.81,27.36,14.67,1.18,16.6,13.09,404.35,3332.06,1.179,19.1,7,0
2025-12-08 12:00:00,0.639,6.67,25.23,17.81,31.56,132.212,32.86,69.76,280.68,34.36,20.51,1.02,15.89,12.51,421.39,3512.05,1.771,16.2,7,0
2025-12-08 13:00:00,0.6338,4.97,23.29,15.96,29.62,132.397,33.06,69.1,276.71,27.33,19.79,1.29,16.17,11.15,400.64,3621.49,1.719,11.5,7,0
2025-12-08 14:00:00,0.6229,9.6,27.42,20.29,34.01,131.927,32.752,68.15,274.5,37.69,17.68,0.74,15.12,13.91,402.96,3428.29,1.699,21.3,7,0
2025-12-08 15:00:00,0.665,9.93,29.71,21.8,36.72,132.588,33.222,72.39,288.9,27.19,19.17,1.44,16.26,12.86,420.08,3425.6,1.546,8.7,7,0
2025-12-08 16:00:00,0.5828,11.76,27.77,21.37,33.1,132.043,32.816,63.7,256.32,33.21,22.13,0.71,19.3,10.75,428.58,3475.56,1.391,32.1,7,0
2025-12-08 17:00:00,0.6425,12.17,30.89,23.4,38.7,131.242,32.898,70.66,281.9,28.96,18.08,0.97,15.46,10.74,399.86,3588.96,1.531,41.5,7,0
2025-12-08 18:00:00,0.5498,12.62,27.22,21.38,33.18,132.541,32.867,59.88,241.47,32.19,20.19,1.21,15.07,11.69,392.45,3353.92,1.557,26.9,7,0
2025-12-08 19:00:00,0.4924,12.8,25.03,20.14,27.84,130.921,33.182,54.29,214.19,29.92,20.73,0.85,15.42,12.69,393.19,3448.85,1.365,93.3,7,0
2025-12-08 20:00:00,0.5069,13.61,26.43,21.3,30.14,132.187,33.144,55.35,220.76,26.77,18.39,1.23,14.72,8.7,406.89,3420.41,1.325,11.7,7,0
2025-12-08 21:00:00,0.4484,12.76,23.29,19.08,26.34,131.746,32.308,49.13,200.34,21.65,22.05,0.9,15.51,10.82,397.08,3545.84,1.498,10.5,7,0
2025-12-08 22:00:00,0.4375,13.44,23.56,19.52,27.3,131.704,33.067,47.94,190.95,37.57,20.84,1.04,14.66,11.15,373.89,3489.45,1.448,5.4,7,0
2025-12-08 23:00:00,0.456,10.19,21.01,16.68,25.46,132.114,32.539,49.82,202.28,30.26,19.53,0.95,17.31,9.86,416.98,3473.15,1.567,75.8,7,0
2025-12-09 00:00:00,0.4516,10.16,20.81,16.55,26.44,131.532,32.91,49.56,198.06,21.21,24.76,0.83,17.11,10.48,412.36,3486.47,1.654,38.1,7,0
2025-12-09 01:00:00,0.4128,11.54,20.77,17.08,23.3,132.338,32.971,45.03,180.73,30.95,22.06,1.68,19.35,12.22,417.33,3563.66,1.535,0.1,7,0
2025-12-09 02:00:00,0.4645,7.58,18.72,14.26,22.06,132.037,32.907,50.78,203.76,32.11,16.66,0.75,14.97,11.28,420.29,3590.6,1.259,41.6,7,0
2025-12-09 03:00:00,0.4796,6.67,18.4,13.71,22.78,131.593,33.132,52.61,208.95,27.9,19.25,0.32,15.6,11.4,402.99,3582.85,1.438,117.6,7,0
2025-12-09 04:00:00,0.5039,4.82,17.51,12.44,21.28,132.883,33.19,54.73,219.13,27.92,24.97,0.76,15.52,9.95,404.04,3546.91,1.51,75.3,7,0
2025-12-09 05:00:00,0.4974,5.01,17.44,12.46,21.53,132.135,32.796,54.33,218.91,29.98,18.07,1.04,15.42,11.7,415.23,3611.59,1.57,52.5,7,0
2025-12-09 06:00:00,0.5465,3.14,17.59,11.81,22.34,132.416,32.786,59.57,240.61,33.65,20.17,0.89,17.28,9.76,381.91,3426.35,1.602,39.6,7,0
2025-12-09 07:00:00,0.4751,3.19,14.74,10.12,16.48,132.935,32.991,51.58,207.86,30.34,22.49,1.31,11.77,14.21,394.84,3531.89,1.429,49.5,7,0
2025-12-09 08:00:00,0.5479,4.05,18.56,12.76,23.76,132.924,32.592,59.49,242.62,34.43,21.34,1.3,15.94,14.63,399.24,3688.77,1.4,64.5,7,0
2025-12-09 09:00:00,0.5555,2.68,17.51,11.58,22.61,132.383,32.874,60.57,243.9,33.44,21.63,0.91,19.01,11.31,413.96,3353.94,1.629,4.4,7,0
2025-12-09 10:00:00,0.6058,4.66,21.71,14.89,28.96,131.8,33.356,66.34,262.14,29.36,21.51,0.5,17.75,10.33,392.05,3458.14,1.56,6.1,7,0
2025-12-09 11:00:00,0.601,5.49,22.32,15.59,28.46,131.056,32.602,66.19,266.06,25.33,20.08,0.62,17.52,13.3,389.45,3418.01,1.543,94.5,7,0
2025-12-09 12:00:00,0.6231,6.76,24.59,17.46,30.18,132.136,32.91,68.07,273.29,29.36,18.45,0.99,16.71,12.91,393.67,3523.98,1.406,58.8,7,0
2025-12-09 13:00:00,0.688,7.05,27.94,19.58,35.78,132.722,32.844,74.82,302.35,31.62,20.9,0.53,13.83,14.83,407.18,3615.91,1.859,12.5,7,0
2025-12-09 14:00:00,0.623,11.45,29.27,22.14,34.19,132.234,33.529,68.0,268.2,30.22,19.23,0.89,13.52,15.23,399.11,3543.89,1.549,32.9,7,0
2025-12-09 15:00:00,0.6305,10.55,28.72,21.45,34.51,129.727,32.858,70.15,276.98,31.95,19.07,1.43,13.54,8.98,378.37,3483.5,1.502,86.3,7,0
2025-12-09 16:00:00,0.5953,11.03,27.6,20.97,34.13,132.574,32.873,64.81,261.36,32.63,23.0,1.11,12.75,13.75,381.33,3544.54,1.535,111.1,7,0
2025-12-09 17:00:00,0.5838,10.86,26.93,20.5,32.52,132.615,32.728,63.54,257.46,31.64,19.27,1.02,16.92,11.68,402.18,3477.71,1.472,1.7,7,0
2025-12-09 18:00:00,0.5576,12.44,27.36,21.39,33.38,131.801,33.002,61.06,243.86,29.22,23.45,0.69,17.96,12.84,402.68,3516.44,1.285,88.5,7,0
2025-12-09 19:00:00,0.545,14.46,28.85,23.09,32.32,132.652,33.071,59.3,237.85,31.6,20.55,1.06,15.89,13.18,400.55,3550.38,1.517,33.0,7,0
2025-12-09 20:00:00,0.5406,14.91,29.12,23.44,33.89,132.414,32.766,58.93,238.13,36.75,19.72,0.92,16.63,13.12,393.07,3641.12,1.253,41.4,7,0
2025-12-09 21:00:00,0.5309,14.51,28.31,22.79,32.72,131.548,33.261,58.26,230.4,25.58,16.4,1.07,15.61,13.52,411.95,3536.85,1.481,50.9,7,0
2025-12-09 22:00:00,0.4701,13.32,24.68,20.13,29.2,132.839,33.072,51.08,205.17,31.51,24.27,1.22,16.16,11.18,405.67,3518.31,1.196,29.8,7,0
2025-12-09 23:00:00,0.4626,10.48,21.55,17.13,25.73,131.163,33.225,50.91,200.96,35.54,20.02,1.27,10.79,10.59,405.16,3663.73,1.108,85.8,7,0
2025-12-10 00:00:00,0.4012,11.16,19.97,16.44,23.22,131.962,32.913,43.88,175.94,26.52,15.49,1.04,15.65,13.8,405.69,3344.42,1.493,33.2,7,0
2025-12-10 01:00:00,0.4297,8.22,18.06,14.12,22.43,131.896,33.064,47.02,187.57,33.05,22.01,1.16,14.17,10.71,424.1,3493.54,1.249,68.9,7,0
2025-12-10 02:00:00,0.4639,6.68,17.8,13.35,21.17,131.455,32.944,50.94,203.26,33.45,19.93,0.85,14.94,14.81,384.77,3441.6,1.497,39.3,7,0
2025-12-10 03:00:00,0.4717,7.11,18.53,13.97,23.38,132.201,33.385,51.5,203.93,25.61,18.17,1.34,15.47,10.87,393.82,3481.83,1.461,22.3,7,0
2025-12-10 04:00:00,0.468,6.19,17.47,12.96,20.35,132.865,33.031,50.84,204.49,32.18,21.9,0.74,13.59,11.45,395.09,3549.22,1.456,4.6,7,0
2025-12-10 05:00:00,0.5089,5.54,18.43,13.27,21.97,132.824,33.002,55.3,222.57,29.23,14.94,0.94,12.87,11.73,419.0,3579.35,1.36,0.1,7,0
2025-12-10 06:00:00,0.5212,4.34,17.73,12.37,22.95,132.478,32.879,56.78,228.79,29.86,18.61,1.37,13.53,9.71,394.53,3459.27,1.441,12.6,7,0
2025-12-10 07:00:00,0.5683,3.87,19.26,13.1,23.54,130.881,32.864,62.68,249.61,29.07,19.44,0.86,12.13,9.71,388.25,3554.43,1.386,24.3,7,0
2025-12-10 08:00:00,0.5669,2.18,17.51,11.38,23.43,131.118,33.063,62.4,247.47,33.98,21.74,0.6,12.71,13.38,398.55,3429.09,1.625,25.2,7,0
2025-12-10 09:00:00,0.5716,3.23,18.76,12.55,24.4,132.11,33.216,62.46,248.4,29.71,24.51,0.88,12.99,9.44,401.7,3398.47,1.413,69.3,7,0
2025-12-10 10:00:00,0.6131,2.33,19.7,12.75,26.95,131.977,32.819,67.05,269.64,28.66,19.54,1.42,12.15,15.8,418.08,3506.57,1.469,176.9,7,0
2025-12-10 11:00:00,0.531,2.63,16.43,10.91,21.18,131.671,33.033,58.21,232.02,28.71,20.95,0.32,16.08,11.88,394.44,3483.42,1.577,20.8,7,0
2025-12-10 12:00:00,0.6404,6.41,25.03,17.58,32.05,133.258,33.049,69.36,279.69,29.02,25.53,1.03,13.22,10.47,389.82,3620.15,1.427,27.3,7,0
2025-12-10 13:00:00,0.5229,6.12,19.59,14.2,24.64,132.07,33.095,57.14,228.04,26.81,20.04,0.81,11.3,12.65,386.49,3671.18,1.193,71.0,7,0
2025-12-10 14:00:00,0.5772,9.04,24.81,18.5,29.95,132.358,32.549,62.94,255.96,28.63,20.97,0.95,14.22,8.32,394.97,3452.23,1.329,64.2,7,0
2025-12-10 15:00:00,0.6325,10.57,28.83,21.53,35.06,132.652,32.756,68.82,278.7,30.4,17.56,0.9,12.8,11.52,438.59,3355.99,1.675,72.8,7,0
2025-12-10 16:00:00,0.6174,10.05,27.61,20.59,34.47,132.036,32.639,67.49,273.0,31.26,23.95,1.29,17.94,11.71,405.87,3391.54,1.521,8.7,7,0
2025-12-10 17:00:00,0.5474,12.29,26.79,20.99,31.86,133.71,33.009,59.1,239.38,33.66,18.61,1.02,15.29,10.12,409.11,3434.06,1.518,31.2,7,0
2025-12-10 18:00:00,0.5368,11.84,25.88,20.26,30.46,131.379,32.762,58.98,236.51,30.77,20.57,1.31,12.08,11.07,400.13,3517.5,1.513,3.6,7,0
2025-12-10 19:00:00,0.5734,11.15,26.76,20.52,32.28,131.6,32.869,62.89,251.81,28.62,20.51,1.39,16.16,14.31,402.2,3480.02,1.755,39.7,7,0
2025-12-10 20:00:00,0.4919,13.29,25.5,20.62,30.89,131.378,32.685,54.04,217.23,27.01,20.21,1.01,15.19,12.29,411.94,3400.24,1.135,1.0,7,0
2025-12-10 21:00:00,0.5496,12.53,27.11,21.28,31.89,133.031,32.894,59.63,241.17,30.93,19.17,0.89,14.55,12.62,408.58,3643.81,1.456,39.9,7,0
2025-12-10 22:00:00,0.4615,12.06,23.09,18.68,26.33,132.529,32.703,50.27,203.71,29.69,20.52,1.12,18.17,10.84,405.38,3553.95,1.435,34.2,7,0
2025-12-10 23:00:00,0.458,13.68,24.57,20.21,26.77,131.641,33.2,50.21,199.1,29.79,23.55,1.17,13.07,10.03,400.38,3641.64,1.426,14.1,7,0
2025-12-11 00:00:00,0.485,9.11,21.05,16.27,25.02,131.43,33.127,53.27,211.34,30.83,24.6,0.66,17.09,11.66,394.85,3356.83,1.562,0.4,7,0
2025-12-11 01:00:00,0.4371,9.81,19.92,15.88,23.69,132.914,33.04,47.46,190.93,31.6,19.68,1.07,14.2,8.33,406.5,3602.74,1.542,129.4,7,0
2025-12-11 02:00:00,0.4065,7.14,16.14,12.54,19.62,132.239,32.92,44.36,178.21,30.86,19.14,0.93,14.99,10.37,401.39,3489.0,1.371,21.0,7,0
2025-12-11 03:00:00,0.4432,7.75,18.09,13.95,21.51,132.931,32.462,48.13,197.08,29.53,18.42,0.88,13.52,10.14,432.13,3469.58,1.168,58.3,7,0
2025-12-11 04:00:00,0.4613,5.93,16.96,12.55,21.34,131.96,32.879,50.46,202.53,27.64,25.41,0.8,13.65,8.96,415.9,3502.87,1.807,43.1,7,0
2025-12-11 05:00:00,0.4422,4.98,15.28,11.16,19.19,132.338,32.799,48.23,194.59,28.21,20.29,0.81,14.15,12.99,390.02,3444.96,1.42,15.7,7,0
2025-12-11 06:00:00,0.4996,2.86,15.38,10.37,20.51,132.198,33.065,54.54,218.07,32.59,22.26,1.38,11.22,11.82,382.6,3489.49,1.463,63.9,7,0
2025-12-11 07:00:00,0.5109,2.54,15.51,10.32,20.74,131.588,33.164,56.04,222.34,28.78,21.43,0.89,15.72,11.09,394.17,3576.64,1.645,37.1,7,0
2025-12-11 08:00:00,0.5867,4.06,20.25,13.78,27.36,131.905,33.086,64.2,255.97,26.01,24.45,1.35,15.25,13.02,383.89,3343.89,1.434,4.7,7,0
2025-12-11 09:00:00,0.5842,5.08,21.16,14.72,26.82,131.218,33.333,64.26,252.95,33.53,19.54,1.04,12.03,9.55,393.26,3620.71,1.686,22.6,7,0
2025-12-11 10:00:00,0.5954,4.29,20.86,14.23,25.82,132.326,32.85,64.94,261.59,27.22,17.82,0.66,16.34,10.0,385.6,3532.32,1.452,18.6,7,0
2025-12-11 11:00:00,0.6165,3.7,21.23,14.22,28.22,132.502,32.839,67.16,270.99,30.15,23.75,1.06,17.94,13.69,395.23,3492.11,1.783,12.1,7,0
2025-12-11 12:00:00,0.6364,5.97,24.41,17.04,31.92,132.654,33.274,69.25,276.07,31.52,21.84,0.65,13.69,15.44,395.41,3575.78,1.587,161.9,7,0
2025-12-11 13:00:00,0.6516,9.27,28.42,20.76,36.89,132.44,33.044,71.02,284.63,30.06,20.95,1.18,13.45,13.04,402.35,3530.04,1.424,7.1,7,0
2025-12-11 14:00:00,0.5997,8.24,25.01,18.3,32.15,131.915,32.935,65.62,262.83,22.61,23.11,0.94,17.25,12.72,397.04,3462.54,1.827,5.6,7,0
2025-12-11 15:00:00,0.5885,10.89,27.16,20.65,34.6,133.024,33.487,63.85,253.65,31.22,21.06,1.26,15.83,11.14,386.61,3439.11,1.585,65.1,7,0
2025-12-11 16:00:00,0.637,9.9,28.36,20.98,35.76,132.589,33.153,69.34,277.32,34.03,23.17,1.43,14.75,11.18,418.36,3620.9,1.427,143.5,7,0
2025-12-11 17:00:00,0.5708,11.63,27.12,20.92,32.84,132.916,32.95,61.98,250.02,32.41,20.53,0.48,16.65,12.36,406.19,3382.62,1.274,2.6,7,0
2025-12-11 18:00:00,0.5165,13.09,26.29,21.01,29.72,132.958,32.819,56.07,227.16,23.67,21.84,0.86,15.57,14.08,391.97,3485.19,1.563,3.2,7,0
2025-12-11 19:00:00,0.5464,13.36,27.81,22.03,33.13,131.917,33.35,59.79,236.5,36.43,21.09,0.64,17.88,12.66,386.85,3388.11,1.681,74.0,7,0
2025-12-11 20:00:00,0.5211,12.37,25.76,20.41,29.94,132.256,33.055,56.87,227.56,26.07,19.38,1.65,14.99,13.45,378.13,3539.96,1.519,90.4,7,0
2025-12-11 21:00:00,0.4372,12.16,22.27,18.22,25.69,132.511,33.006,47.62,191.19,26.81,19.62,0.87,15.88,10.64,377.03,3493.18,1.468,19.5,7,0
2025-12-11 22:00:00,0.4693,13.45,24.78,20.25,28.57,131.242,33.179,51.61,204.16,32.39,19.25,0.61,17.22,12.94,415.85,3400.98,1.668,19.8,7,0
2025-12-11 23:00:00,0.4686,12.86,24.16,19.64,28.27,131.256,33.232,51.53,203.52,31.41,20.57,1.67,10.13,11.01,414.26,3431.42,1.524,22.2,7,0
2025-12-12 00:00:00,0.4486,12.12,22.66,18.44,26.0,131.142,33.145,49.37,195.34,30.29,19.12,0.78,17.29,12.23,391.38,3504.5,1.326,48.9,7,0
2025-12-12 01:00:00,0.4529,11.2,21.9,17.62,26.14,131.929,33.233,49.55,196.7,28.34,20.91,0.52,14.01,12.94,420.63,3523.75,1.334,60.2,7,0
2025-12-12 02:00:00,0.3952,8.24,16.85,13.4,17.32,131.78,33.119,43.29,172.24,34.04,20.84,0.65,16.02,11.22,409.39,3345.97,1.481,17.5,7,0
2025-12-12 03:00:00,0.4573,6.5,17.37,13.02,21.07,131.052,33.146,50.36,199.12,29.93,20.45,1.05,18.35,10.49,403.19,3444.51,1.504,4.2,7,0
2025-12-12 04:00:00,0.4541,6.96,17.7,13.41,22.17,132.099,32.807,49.62,199.81,25.35,20.48,1.02,14.41,12.56,413.07,3513.78,1.59,80.8,7,0
2025-12-12 05:00:00,0.4695,5.28,16.62,12.08,21.86,131.937,33.478,51.36,202.4,33.74,18.9,0.75,14.11,11.82,409.42,3597.73,1.49,54.5,7,0
2025-12-12 06:00:00,0.5342,2.79,16.73,11.15,22.16,132.78,32.674,58.07,235.97,30.71,19.47,0.86,14.91,12.22,402.45,3568.09,1.569,67.8,7,0
2025-12-12 07:00:00,0.5783,2.24,18.06,11.74,25.1,133.329,33.082,62.61,252.32,33.39,16.69,1.02,12.12,13.0,396.54,3464.55,1.541,39.4,7,0
2025-12-12 08:00:00,0.6136,3.6,20.99,14.04,27.53,132.301,32.647,66.95,271.3,31.77,19.8,1.4,19.42,13.98,398.53,3580.88,1.651,38.5,7,0
2025-12-12 09:00:00,0.6234,3.1,20.94,13.8,27.55,131.54,32.974,68.4,272.87,37.22,18.06,1.1,14.94,13.01,376.02,3475.75,1.624,23.6,7,0
2025-12-12 10:00:00,0.6014,3.75,20.59,13.86,27.16,132.427,32.849,65.54,264.23,29.12,20.24,0.83,18.32,12.82,388.13,3251.16,1.462,31.7,7,0
2025-12-12 11:00:00,0.6311,5.64,23.84,16.56,30.61,132.006,33.036,69.01,275.74,30.1,18.61,0.93,14.36,11.27,427.15,3616.22,1.487,89.3,7,0
2025-12-12 12:00:00,0.6535,6.37,25.61,17.91,32.24,131.842,33.09,71.55,285.07,32.21,15.93,1.23,15.09,11.5,387.73,3537.57,1.575,31.2,7,0
2025-12-12 13:00:00,0.6376,8.14,26.64,19.24,33.13,131.431,32.748,70.02,281.02,29.14,24.54,1.51,16.91,12.7,372.38,3516.0,1.536,4.8,7,0
2025-12-12 14:00:00,0.6345,6.18,24.52,17.18,30.48,131.694,32.992,69.54,277.57,32.46,19.57,0.67,12.82,11.47,413.7,3501.62,1.714,7.6,7,0
2025-12-12 15:00:00,0.6453,9.65,28.51,20.97,36.01,131.883,33.368,70.62,279.11,21.21,22.93,1.34,14.82,12.69,403.87,3525.18,1.554,20.5,7,0
2025-12-12 16:00:00,0.6029,11.3,28.21,21.45,34.4,132.531,32.654,65.66,266.48,29.83,18.98,0.91,16.84,10.79,404.72,3501.54,1.288,48.1,7,0
2025-12-12 17:00:00,0.5621,10.12,25.23,19.19,30.31,132.337,32.775,61.3,247.53,29.74,23.43,0.52,14.6,14.91,397.78,3477.83,1.304,62.2,7,0
2025-12-12 18:00:00,0.5474,11.78,26.27,20.48,30.91,133.205,33.227,59.31,237.78,29.63,17.73,0.46,14.06,12.31,413.81,3448.71,1.438,14.3,7,0
2025-12-12 19:00:00,0.553,12.1,26.82,20.93,32.42,132.445,33.02,60.26,241.7,27.42,20.39,1.4,17.25,12.21,423.09,3507.12,1.585,36.7,7,0
2025-12-12 20:00:00,0.5081,13.13,25.99,20.85,31.01,132.28,33.04,55.45,221.99,32.77,17.85,1.44,17.83,11.29,392.32,3430.46,1.345,12.0,7,0
2025-12-12 21:00:00,0.4941,14.56,26.87,21.94,30.11,131.798,33.27,54.12,214.38,28.53,25.24,0.83,18.14,14.89,409.64,3409.57,1.545,28.5,7,0
2025-12-12 22:00:00,0.4833,14.46,26.33,21.58,29.27,131.315,32.79,53.13,212.75,30.65,19.54,0.94,13.67,10.14,416.92,3522.55,1.327,33.5,7,0
2025-12-12 23:00:00,0.4361,10.83,20.9,16.87,24.9,131.624,32.863,47.82,191.54,29.94,21.69,0.47,13.87,10.96,391.48,3579.37,1.442,50.9,7,0
2025-12-13 00:00:00,0.3951,11.11,19.71,16.27,21.26,131.538,32.83,43.36,173.72,31.55,20.94,1.23,14.08,13.3,422.79,3437.27,1.46,73.9,7,0
2025-12-13 01:00:00,0.3809,9.93,18.05,14.8,20.95,130.31,32.908,42.19,167.07,34.34,19.99,0.99,16.46,12.38,416.87,3451.19,1.219,4.6,7,0
2025-12-13 02:00:00,0.3354,8.47,15.09,12.44,18.29,131.334,33.354,36.86,145.14,30.63,21.07,0.54,12.63,11.15,381.52,3365.3,1.427,10.3,7,0
2025-12-13 03:00:00,0.4242,7.19,16.82,12.97,21.18,133.057,32.551,46.02,188.1,32.57,22.75,1.06,12.74,11.2,424.07,3395.68,1.654,20.5,7,0
2025-12-13 04:00:00,0.3794,5.88,13.95,10.72,16.98,132.243,32.685,41.41,167.55,30.48,21.37,0.59,13.6,11.58,382.3,3398.7,1.36,39.4,7,0
2025-12-13 05:00:00,0.3624,6.23,13.72,10.73,16.52,131.751,32.639,39.7,160.25,28.53,20.36,1.17,13.15,12.17,389.83,3578.91,1.393,9.1,7,0
2025-12-13 06:00:00,0.4012,4.85,13.67,10.14,18.2,132.263,33.37,43.78,173.53,29.62,21.08,0.68,16.79,14.35,410.4,3362.06,1.439,109.0,7,0
2025-12-13 07:00:00,0.4239,2.19,11.82,7.97,13.0,130.711,32.838,46.81,186.33,29.2,23.87,1.1,16.66,12.93,415.77,3537.71,1.426,3.1,7,0
2025-12-13 08:00:00,0.4781,3.88,15.55,10.88,19.06,132.186,32.914,52.21,209.66,31.75,19.2,0.81,14.06,13.55,401.63,3479.76,1.443,20.2,7,0
2025-12-13 09:00:00,0.4888,4.14,16.23,11.4,20.97,132.843,32.574,53.11,216.6,30.37,16.33,0.29,14.64,11.37,390.7,3549.4,1.436,6.0,7,0
2025-12-13 10:00:00,0.5045,4.07,16.78,11.7,20.84,131.92,32.931,55.2,221.14,27.67,17.84,1.3,9.94,12.79,396.24,3594.27,1.217,29.3,7,0
2025-12-13 11:00:00,0.5467,5.68,20.14,14.35,26.21,130.83,33.229,60.32,237.49,29.38,17.99,1.32,14.11,9.69,394.47,3498.58,1.541,53.5,7,0
2025-12-13 12:00:00,0.5468,5.77,20.24,14.45,25.29,131.727,33.067,59.92,238.7,25.47,18.27,0.85,17.51,12.29,412.76,3591.68,1.312,22.4,7,0
2025-12-13 13:00:00,0.549,6.99,21.55,15.72,26.78,132.844,32.972,59.65,240.34,29.5,18.34,1.08,14.0,12.2,394.06,3624.97,1.531,18.6,7,0
2025-12-13 14:00:00,0.5489,8.2,22.76,16.94,27.66,132.171,32.587,59.95,243.14,30.05,19.99,1.13,12.84,14.75,390.37,3608.69,1.58,44.3,7,0
2025-12-13 15:00:00,0.5466,7.36,21.81,16.03,26.48,131.064,32.913,60.2,239.72,35.47,20.53,1.14,17.78,14.35,377.99,3447.21,1.534,18.6,7,0
2025-12-13 16:00:00,0.4514,10.5,21.14,16.89,24.17,133.563,33.039,48.78,197.21,34.09,20.51,1.52,12.8,11.63,391.23,3343.43,1.293,16.9,7,0
2025-12-13 17:00:00,0.4861,10.95,22.93,18.14,27.16,131.172,32.738,53.49,214.32,26.95,18.58,1.13,18.12,10.79,398.37,3490.99,1.49,26.8,7,0
2025-12-13 18:00:00,0.4111,11.22,20.39,16.72,22.64,131.84,33.173,45.01,178.89,30.65,22.02,0.9,20.8,10.83,383.19,3515.25,1.374,63.9,7,0
2025-12-13 19:00:00,0.4556,14.34,25.15,20.83,29.44,131.315,33.234,50.08,197.88,30.71,21.11,1.13,14.81,11.58,373.98,3344.71,1.339,54.5,7,0
2025-12-13 20:00:00,0.4324,13.59,23.52,19.55,27.22,131.316,32.86,47.53,189.93,29.36,23.2,0.87,17.51,13.97,414.85,3505.87,1.726,62.8,7,0
2025-12-13 21:00:00,0.4434,12.88,23.22,19.09,27.45,131.702,33.192,48.59,192.82,29.55,21.73,0.68,11.69,12.64,385.14,3295.17,1.287,69.6,7,0
2025-12-13 22:00:00,0.4301,11.85,21.7,17.76,23.94,132.42,32.971,46.88,188.27,28.99,19.34,1.37,11.6,12.8,380.51,3624.65,1.489,30.0,7,0
2025-12-13 23:00:00,0.387,11.91,20.23,16.9,21.42,132.852,33.303,42.05,167.73,35.67,22.65,1.16,13.43,13.24,423.69,3539.18,1.622,136.6,7,0
2025-12-14 00:00:00,0.3581,11.55,18.9,15.96,21.08,131.745,33.537,39.24,154.13,28.8,20.58,0.44,16.67,10.53,412.88,3435.55,1.436,49.1,7,0
2025-12-14 01:00:00,0.3848,8.53,16.77,13.47,21.61,131.333,32.711,42.29,169.79,31.07,21.63,0.8,15.03,10.95,415.53,3511.12,1.3,93.0,7,0
2025-12-14 02:00:00,0.3573,8.05,15.38,12.45,18.56,132.316,33.203,38.98,155.32,22.46,21.48,1.23,14.65,12.8,407.73,3521.0,1.296,5.8,7,0
2025-12-14 03:00:00,0.3816,7.63,15.77,12.51,17.8,132.335,33.345,41.62,165.18,32.52,19.79,0.53,12.44,10.85,419.82,3539.62,1.181,8.4,7,0
2025-12-14 04:00:00,0.4247,3.62,13.28,9.42,16.68,132.159,32.744,46.39,187.22,33.6,20.24,0.78,14.77,9.73,413.4,3506.54,1.426,107.4,7,0
2025-12-14 05:00:00,0.396,4.47,13.1,9.64,16.35,132.182,32.848,43.24,174.01,26.89,19.77,1.8,13.74,10.39,394.98,3576.59,1.418,3.2,7,0
2025-12-14 06:00:00,0.4574,3.3,14.17,9.82,16.63,131.926,32.845,50.04,201.01,28.51,18.33,0.9,13.18,13.6,384.17,3399.56,1.391,236.4,7,0
2025-12-14 07:00:00,0.4756,3.1,14.66,10.04,19.61,132.065,32.965,51.98,208.23,31.4,15.75,1.33,13.01,11.46,380.9,3490.66,1.651,0.5,7,0
2025-12-14 08:00:00,0.4486,2.56,13.09,8.88,16.38,131.88,32.906,49.1,196.77,30.11,18.65,1.45,15.41,12.36,398.05,3643.93,1.419,14.9,7,0
2025-12-14 09:00:00,0.527,3.37,17.0,11.55,21.65,132.706,32.948,57.31,230.85,31.45,20.44,0.73,13.58,10.47,383.65,3472.86,1.231,22.5,7,0
2025-12-14 10:00:00,0.5363,5.65,19.68,14.07,24.58,133.471,33.221,58.0,233.01,29.19,22.21,1.08,15.01,12.59,388.18,3520.31,1.696,49.3,7,0
2025-12-14 11:00:00,0.5319,4.2,18.04,12.5,23.76,132.119,32.5,58.11,236.23,35.64,21.63,1.62,11.49,11.61,397.87,3421.38,1.294,82.9,7,0
2025-12-14 12:00:00,0.5145,5.85,18.97,13.72,22.87,131.996,32.743,56.26,226.79,28.04,19.48,1.14,16.03,12.69,421.12,3673.55,1.539,176.1,7,0
2025-12-14 13:00:00,0.5145,8.76,21.88,16.63,25.01,132.169,33.177,56.18,223.82,38.12,18.68,1.71,15.51,11.3,377.49,3523.82,1.559,2.2,7,0
2025-12-14 14:00:00,0.5212,7.51,20.91,15.55,25.78,131.566,33.146,57.18,226.97,33.78,19.68,0.81,14.56,12.78,400.6,3400.3,1.455,9.1,7,0
2025-12-14 15:00:00,0.5451,11.17,25.56,19.8,28.98,132.505,32.721,59.38,240.47,32.55,18.09,1.54,15.35,11.23,381.38,3588.23,1.619,58.6,7,0
2025-12-14 16:00:00,0.4867,10.56,22.57,17.77,26.35,132.291,33.148,53.1,211.92,26.93,15.81,1.01,16.89,11.9,391.8,3415.14,1.461,3.9,7,0
2025-12-14 17:00:00,0.5109,13.38,26.35,21.16,31.74,131.722,33.35,55.98,221.1,32.78,16.95,0.9,12.13,11.61,414.1,3555.71,1.408,10.9,7,0
2025-12-14 18:00:00,0.44,13.14,23.36,19.27,27.11,132.595,32.987,47.9,192.52,31.86,22.79,1.19,15.16,12.06,387.43,3583.4,1.114,30.1,7,0
2025-12-14 19:00:00,0.4491,13.2,23.75,19.53,28.02,132.013,32.734,49.1,198.03,23.69,23.75,0.97,12.41,12.44,396.2,3663.14,1.171,24.3,7,0
2025-12-14 20:00:00,0.4365,12.99,23.08,19.05,26.82,131.36,33.231,47.97,189.6,25.84,21.55,0.98,15.2,11.28,402.27,3518.91,1.838,6.1,7,0
2025-12-14 21:00:00,0.4861,12.26,24.25,19.45,30.19,132.232,33.455,53.06,209.72,31.12,19.92,1.15,14.51,11.84,410.67,3504.91,1.56,12.0,7,0
2025-12-14 22:00:00,0.3538,12.46,19.67,16.79,21.33,132.156,32.766,38.64,155.86,29.65,17.25,0.46,14.98,12.3,391.93,3338.85,1.572,81.6,7,0
2025-12-14 23:00:00,0.4258,12.49,22.19,18.31,25.59,132.634,33.01,46.34,186.18,28.5,19.72,0.76,16.72,12.78,419.06,3464.47,1.797,113.6,7,0
2025-12-15 00:00:00,0.4443,10.53,20.9,16.75,23.91,132.549,33.288,48.38,192.65,33.29,21.26,1.22,16.66,11.9,393.47,3443.87,1.375,5.7,7,0
2025-12-15 01:00:00,0.4487,9.02,19.56,15.34,23.75,131.928,33.03,49.09,196.09,27.4,21.7,1.3,17.2,10.69,407.42,3486.55,1.41,17.8,7,0
2025-12-15 02:00:00,0.4434,7.79,18.13,13.99,21.42,131.688,32.539,48.59,196.67,28.68,21.42,1.11,14.23,12.15,397.3,3459.4,1.181,2.4,7,0
2025-12-15 03:00:00,0.4631,7.74,18.83,14.39,23.85,132.001,33.117,50.64,201.86,28.11,22.46,1.09,16.43,13.02,411.27,3563.91,1.395,39.0,7,0
2025-12-15 04:00:00,0.4611,6.77,17.78,13.37,20.97,132.24,32.742,50.33,203.26,31.58,23.92,1.12,16.04,10.02,430.56,3456.25,1.39,39.5,7,0
2025-12-15 05:00:00,0.53,3.84,17.6,12.09,23.5,132.319,32.665,57.82,234.21,24.89,19.23,1.29,14.28,10.04,395.99,3539.05,1.414,49.2,7,0
2025-12-15 06:00:00,0.4968,3.04,15.45,10.49,20.12,132.199,32.544,54.24,220.35,28.56,25.65,0.57,15.26,11.03,399.91,3491.77,1.613,24.2,7,0
2025-12-15 07:00:00,0.5704,3.59,19.06,12.87,24.57,131.94,33.314,62.4,247.12,24.88,16.0,0.85,14.76,11.73,393.67,3451.19,1.6,76.9,7,0
2025-12-15 08:00:00,0.543,4.57,18.87,13.15,24.32,132.658,32.78,59.08,239.08,29.11,18.48,0.98,17.82,8.72,391.36,3443.93,1.617,37.1,7,0
2025-12-15 09:00:00,0.5846,4.36,20.45,14.01,26.47,131.555,33.088,64.14,255.01,32.22,20.44,1.06,16.65,12.88,389.66,3519.65,1.317,53.8,7,0
2025-12-15 10:00:00,0.575,2.46,18.13,11.86,24.04,133.636,33.153,62.1,250.32,32.27,21.14,0.37,14.35,11.75,399.87,3610.68,1.499,31.8,7,0
2025-12-15 11:00:00,0.6367,4.24,22.69,15.31,29.42,132.504,33.043,69.35,278.1,27.87,19.67,0.63,14.21,8.49,388.5,3442.55,1.577,37.0,7,0
2025-12-15 12:00:00,0.6763,4.61,24.94,16.81,32.15,131.256,33.078,74.38,295.13,31.65,19.05,1.0,16.94,10.35,388.95,3504.82,1.826,36.6,7,0
2025-12-15 13:00:00,0.6341,6.48,24.81,17.48,31.38,132.122,33.101,69.27,276.5,29.5,24.44,1.31,17.71,11.57,352.67,3539.73,1.542,19.3,7,0
2025-12-15 14:00:00,0.6271,9.64,27.65,20.45,32.99,132.51,33.036,68.31,273.98,34.13,18.95,0.88,15.66,9.36,420.93,3499.44,1.496,7.9,7,0
2025-12-15 15:00:00,0.5896,7.91,24.23,17.7,30.81,131.769,32.799,64.58,259.45,29.66,18.0,0.8,16.34,13.47,424.81,3360.21,1.665,333.9,7,0
2025-12-15 16:00:00,0.6002,8.92,25.71,19.0,30.85,131.013,32.776,66.13,264.33,21.13,23.42,1.16,17.63,12.3,409.88,3539.35,1.469,6.4,7,0
2025-12-15 17:00:00,0.5386,10.75,24.87,19.22,29.62,131.314,32.972,59.2,235.78,32.74,21.74,0.9,14.68,13.04,387.05,3380.51,1.547,109.3,7,0
2025-12-15 18:00:00,0.5349,12.66,26.62,21.04,32.0,132.358,32.967,58.33,234.19,28.67,22.23,1.27,15.19,10.48,381.2,3381.62,1.541,60.3,7,0
2025-12-15 19:00:00,0.5432,13.49,27.8,22.08,33.49,130.842,33.113,59.92,236.78,29.23,20.43,0.94,16.0,12.64,376.69,3396.65,1.401,14.8,7,0
2025-12-15 20:00:00,0.5501,13.48,28.08,22.24,31.81,131.043,33.291,60.59,238.5,31.06,17.29,0.67,14.17,11.03,409.74,3488.08,1.379,26.3,7,0
2025-12-15 21:00:00,0.5707,14.05,29.53,23.34,35.0,132.354,33.091,62.23,248.92,25.78,20.21,1.43,18.42,11.73,419.13,3423.94,1.481,46.1,7,0
2025-12-15 22:00:00,0.4481,10.61,21.13,16.92,24.91,131.853,32.786,49.05,197.27,30.28,17.01,1.37,14.15,12.55,402.65,3386.2,1.359,22.5,7,0
2025-12-15 23:00:00,0.4929,12.76,25.01,20.11,29.19,131.541,32.424,54.08,219.4,31.66,20.52,0.72,15.15,11.91,413.02,3531.43,1.222,37.9,7,0
2025-12-16 00:00:00,0.448,10.21,20.73,16.52,25.21,131.673,32.797,49.1,197.14,31.14,21.35,1.12,18.86,13.23,406.83,3498.88,1.532,18.9,7,0
2025-12-16 01:00:00,0.4327,10.05,20.0,16.02,22.52,131.029,32.645,47.66,191.31,28.25,22.19,0.9,11.3,12.23,388.59,3561.65,1.502,37.9,7,0
2025-12-16 02:00:00,0.4536,6.7,17.43,13.14,19.29,132.32,32.807,49.48,199.57,33.03,19.85,1.19,15.46,11.32,415.3,3442.67,1.315,21.6,7,0
2025-12-16 03:00:00,0.4525,6.74,17.42,13.15,21.55,131.468,33.064,49.68,197.53,27.06,21.53,0.74,13.7,13.28,414.34,3495.95,1.3,21.9,7,0
2025-12-16 04:00:00,0.4698,5.76,17.11,12.57,20.43,131.646,33.022,51.51,205.36,28.18,18.23,1.26,15.03,13.6,385.3,3565.06,1.508,37.3,7,0
2025-12-16 05:00:00,0.475,5.65,17.19,12.57,19.62,132.229,33.491,51.85,204.71,29.64,21.97,1.36,12.61,12.15,412.26,3395.97,1.7,108.1,7,0
2025-12-16 06:00:00,0.4694,2.11,13.44,8.91,17.06,131.831,33.128,51.39,204.52,30.94,21.39,0.72,14.28,14.02,397.94,3448.11,1.588,21.0,7,0
2025-12-16 07:00:00,0.4909,3.23,15.4,10.53,20.48,131.535,33.504,53.87,211.49,29.08,18.44,1.02,15.08,11.67,396.24,3580.46,1.626,6.5,7,0
2025-12-16 08:00:00,0.5827,1.94,17.95,11.55,22.72,130.687,33.189,64.36,253.42,33.74,21.1,1.37,15.5,11.83,406.01,3502.6,1.446,33.2,7,0
2025-12-16 09:00:00,0.5789,3.7,19.55,13.21,27.12,132.243,33.287,63.19,251.04,30.94,22.22,0.7,16.82,12.03,405.55,3488.99,1.552,2.3,7,0
2025-12-16 10:00:00,0.5901,4.47,20.81,14.28,26.06,132.052,32.905,64.5,258.83,30.28,20.2,0.8,10.38,11.82,413.49,3497.95,1.475,30.3,7,0
2025-12-16 11:00:00,0.6241,5.78,23.65,16.5,30.34,131.659,32.716,68.42,275.34,30.83,18.39,1.2,14.77,11.55,387.42,3598.88,1.403,11.0,7,0
2025-12-16 12:00:00,0.6577,4.99,24.43,16.65,30.8,131.315,32.881,72.29,288.69,32.25,20.39,0.95,14.68,10.95,408.64,3499.12,1.558,261.7,7,0
2025-12-16 13:00:00,0.6426,7.66,26.39,18.9,33.44,132.008,32.997,70.27,281.11,30.77,21.14,0.53,14.9,10.53,382.76,3504.69,1.391,264.4,7,0
2025-12-16 14:00:00,0.6141,9.39,26.8,19.84,33.11,132.317,32.834,66.99,269.97,24.62,18.38,0.91,15.09,12.19,397.48,3499.71,1.395,6.2,7,0
2025-12-16 15:00:00,0.6606,7.68,27.25,19.42,33.48,132.065,32.736,72.2,291.28,33.32,18.02,1.53,13.37,13.82,398.48,3371.77,1.464,15.4,7,0
2025-12-16 16:00:00,0.6553,11.14,30.46,22.73,40.02,133.081,33.11,71.07,285.67,30.41,21.08,1.62,11.93,13.24,414.71,3541.26,1.477,64.9,7,0
2025-12-16 17:00:00,0.6021,12.52,29.39,22.64,35.16,132.465,32.735,65.6,265.47,32.11,21.69,0.81,15.46,12.6,400.3,3435.36,1.497,157.2,7,0
2025-12-16 18:00:00,0.5923,12.1,28.54,21.96,34.1,131.929,32.595,64.8,262.29,28.83,24.34,0.73,13.04,13.89,396.23,3400.07,1.186,49.1,7,0
2025-12-16 19:00:00,0.5745,11.64,27.3,21.04,33.68,132.487,32.704,62.59,253.55,24.57,21.37,0.87,15.83,12.05,421.55,3361.34,1.347,51.5,7,0
2025-12-16 20:00:00,0.5453,13.97,28.37,22.61,34.87,132.032,32.938,59.61,238.93,23.22,17.62,1.54,13.15,10.54,393.72,3377.95,1.708,22.2,7,0
2025-12-16 21:00:00,0.5057,11.66,24.42,19.31,29.67,132.03,32.738,55.28,222.93,27.22,24.12,1.26,16.41,11.5,393.09,3319.51,1.452,23.5,7,0
2025-12-16 22:00:00,0.4845,12.18,24.1,19.33,27.12,132.856,32.94,52.63,212.29,31.6,22.15,1.44,14.92,11.93,372.01,3419.05,1.526,97.6,7,0
2025-12-16 23:00:00,0.4662,11.52,22.73,18.25,26.59,131.407,33.159,51.21,202.94,33.95,16.03,1.3,15.06,11.25,396.91,3466.28,1.496,7.6,7,0
2025-12-17 00:00:00,0.4086,11.23,20.3,16.67,21.64,132.015,33.152,44.67,177.88,30.96,17.98,0.61,14.53,12.93,386.06,3585.96,1.388,0.0,7,0
2025-12-17 01:00:00,0.4591,8.68,19.62,15.24,23.92,132.785,32.826,49.9,201.87,26.9,19.06,0.72,14.21,13.42,396.4,3505.92,1.297,94.3,7,0
2025-12-17 02:00:00,0.4008,7.33,16.13,12.61,17.55,132.204,32.656,43.76,177.15,27.7,21.72,0.79,14.56,9.42,403.76,3521.34,1.318,17.6,7,0
2025-12-17 03:00:00,0.4276,6.82,16.58,12.67,19.05,131.756,32.848,46.85,187.9,34.14,15.28,0.85,17.39,11.8,383.88,3603.41,1.708,139.5,7,0
2025-12-17 04:00:00,0.5065,6.52,19.32,14.2,23.67,130.874,33.173,55.86,220.36,26.12,19.8,0.8,11.96,7.67,387.81,3272.96,1.373,21.6,7,0
2025-12-17 05:00:00,0.5133,6.77,19.84,14.61,24.67,130.502,33.235,56.77,222.91,36.36,21.6,0.83,13.73,11.88,376.17,3532.39,1.715,96.3,7,0
2025-12-17 06:00:00,0.5568,2.18,17.07,11.11,22.13,133.37,33.093,60.26,242.85,35.68,14.37,1.19,17.14,11.87,392.51,3526.25,1.416,96.7,7,0
2025-12-17 07:00:00,0.5299,3.5,17.26,11.75,23.24,132.204,33.317,57.86,229.57,36.46,21.53,1.04,16.67,14.68,385.99,3566.95,1.417,53.1,7,0
2025-12-17 08:00:00,0.5294,1.93,15.66,10.17,21.0,131.615,33.457,58.06,228.38,31.2,21.77,1.37,17.71,14.23,432.32,3357.36,1.476,29.9,7,0
2025-12-17 09:00:00,0.5809,4.2,20.14,13.76,26.39,132.231,32.872,63.4,255.04,29.03,18.35,1.08,14.91,13.42,422.72,3455.14,1.464,13.3,7,0
2025-12-17 10:00:00,0.6118,2.74,20.06,13.13,25.44,131.375,33.392,67.22,264.46,31.12,17.73,0.8,12.39,10.58,420.29,3426.59,1.365,50.8,7,0
2025-12-17 11:00:00,0.627,3.8,21.81,14.61,29.85,131.781,32.931,68.68,274.83,32.78,18.32,1.06,12.81,10.49,380.74,3398.03,1.511,20.2,7,0
2025-12-17 12:00:00,0.6687,4.92,24.88,16.9,31.84,131.379,33.269,73.46,290.1,28.1,14.7,0.55,14.43,10.38,397.5,3686.08,1.314,12.6,7,0
2025-12-17 13:00:00,0.6272,6.64,24.66,17.45,32.74,131.067,33.187,69.07,272.79,26.75,19.39,0.31,16.55,14.31,382.11,3455.78,1.568,21.8,7,0
2025-12-17 14:00:00,0.6452,8.34,27.19,19.65,35.88,130.611,32.478,71.3,286.75,29.2,20.48,1.2,14.52,10.65,427.8,3575.25,1.556,37.3,7,0
2025-12-17 15:00:00,0.595,9.79,26.35,19.73,32.78,130.946,32.745,65.59,262.28,27.74,17.6,1.31,14.36,11.44,412.63,3557.53,1.607,34.6,7,0
2025-12-17 16:00:00,0.6223,10.51,28.3,21.18,35.71,132.674,32.678,67.7,274.87,33.78,21.98,1.02,15.82,10.67,384.37,3385.86,1.437,113.6,7,0
2025-12-17 17:00:00,0.5882,10.22,26.47,19.97,29.89,131.349,32.53,64.63,260.97,28.2,20.25,0.89,15.08,10.13,405.7,3459.06,1.605,67.4,7,0
2025-12-17 18:00:00,0.5415,13.07,27.31,21.61,32.14,132.353,33.232,59.05,235.17,30.34,20.56,0.6,14.15,12.52,377.92,3505.9,1.535,7.6,7,0
2025-12-17 19:00:00,0.531,12.79,26.59,21.07,32.27,132.631,33.546,57.79,228.47,33.0,19.24,1.35,13.02,12.25,398.11,3532.71,1.485,7.4,7,0
2025-12-17 20:00:00,0.5067,14.18,26.98,21.86,32.08,132.011,32.932,55.4,222.06,33.89,21.53,1.15,16.92,8.68,397.53,3527.53,1.75,13.1,7,0
2025-12-17 21:00:00,0.48,12.14,23.88,19.18,26.82,131.803,33.225,52.56,208.5,30.68,22.62,1.09,17.12,10.07,411.26,3641.33,1.511,25.0,7,0
2025-12-17 22:00:00,0.5205,10.74,24.11,18.76,28.48,132.088,33.392,56.88,224.99,31.21,19.23,1.0,12.91,12.4,414.98,3573.91,1.391,12.2,7,0
2025-12-17 23:00:00,0.4485,11.51,22.05,17.84,23.44,131.725,33.055,49.15,195.85,27.0,21.56,0.86,14.22,11.91,400.47,3553.63,1.655,62.8,7,0
2025-12-18 00:00:00,0.435,11.8,21.83,17.82,25.38,132.795,32.993,47.28,190.3,33.12,21.58,0.67,16.36,11.42,396.8,3578.54,1.494,67.7,7,0
2025-12-18 01:00:00,0.376,9.46,17.4,14.23,18.3,133.239,32.935,40.73,164.77,33.84,20.88,1.08,12.75,12.93,351.63,3609.3,1.655,2.4,7,0
2025-12-18 02:00:00,0.4155,7.81,17.13,13.4,20.97,132.957,33.142,45.1,180.95,24.44,23.39,0.84,15.76,9.86,423.59,3451.24,1.129,51.2,7,0
2025-12-18 03:00:00,0.4444,5.84,16.22,12.07,20.53,130.58,33.231,49.12,193.03,35.34,18.59,0.88,14.37,11.13,390.3,3374.72,1.377,9.6,7,0
2025-12-18 04:00:00,0.4476,7.26,17.76,13.56,20.79,131.712,33.122,49.05,195.06,27.95,19.2,1.52,12.59,12.8,401.69,3452.55,1.379,41.6,7,0
2025-12-18 05:00:00,0.5304,3.44,17.22,11.71,22.41,132.003,33.113,57.99,231.18,31.84,18.49,0.99,18.58,11.05,434.05,3391.19,1.182,14.8,7,0
2025-12-18 06:00:00,0.5081,2.95,15.81,10.67,20.03,132.306,32.986,55.43,222.32,30.29,21.49,0.27,14.34,12.49,382.25,3422.45,1.479,25.0,7,0
2025-12-18 07:00:00,0.5776,3.75,19.53,13.22,25.4,130.86,32.579,63.7,255.88,29.87,19.5,0.84,16.08,10.3,400.48,3509.07,1.433,67.5,7,0
2025-12-18 08:00:00,0.5666,1.15,16.46,10.34,21.0,130.849,33.237,62.5,246.07,29.43,18.65,0.7,12.78,10.78,407.62,3456.81,1.183,2.4,7,0
2025-12-18 09:00:00,0.59,4.45,20.79,14.25,27.2,132.862,32.661,64.1,260.75,27.08,23.37,0.96,18.13,9.35,416.55,3552.93,1.38,25.5,7,0
2025-12-18 10:00:00,0.607,4.3,21.39,14.56,26.34,131.631,33.164,66.55,264.16,31.63,23.66,0.58,18.92,8.93,400.18,3525.38,1.711,33.1,7,0
2025-12-18 11:00:00,0.6256,5.37,23.31,16.13,28.5,131.018,33.2,68.92,271.99,29.2,19.38,1.13,12.02,11.31,417.8,3530.27,1.649,183.2,7,0
2025-12-18 12:00:00,0.6871,6.06,26.91,18.57,34.83,131.272,32.699,75.54,303.28,26.13,17.31,0.91,14.7,12.7,393.93,3399.89,1.437,411.3,7,0
2025-12-18 13:00:00,0.5693,6.55,21.98,15.81,27.32,132.258,32.84,62.13,250.23,26.95,23.77,0.86,17.68,11.85,408.32,3430.88,1.374,82.2,7,0
2025-12-18 14:00:00,0.5755,6.94,22.64,16.36,28.49,131.457,33.56,63.18,247.49,26.18,20.98,1.05,14.09,13.76,406.37,3348.29,1.617,34.2,7,0
2025-12-18 15:00:00,0.6092,9.16,26.35,19.48,32.14,132.159,32.979,66.53,266.63,28.48,20.88,0.98,15.85,11.43,398.8,3546.54,1.21,97.0,7,0
2025-12-18 16:00:00,0.6101,9.53,26.76,19.87,34.6,131.354,32.678,67.04,269.46,31.51,20.25,0.96,11.67,8.84,405.02,3654.87,1.594,156.1,7,0
2025-12-18 17:00:00,0.6096,12.03,29.24,22.36,35.69,130.849,33.211,67.24,264.94,27.92,18.44,0.94,13.45,12.54,387.05,3515.4,1.23,13.1,7,0
2025-12-18 18:00:00,0.579,13.14,28.99,22.65,34.88,132.94,32.796,62.86,254.81,32.98,19.21,1.0,15.64,10.4,395.68,3522.51,1.736,23.3,7,0
2025-12-18 19:00:00,0.5274,14.31,27.96,22.5,32.85,132.263,32.493,57.55,234.27,29.7,21.4,1.11,13.85,12.21,380.86,3458.57,1.562,26.7,7,0
2025-12-18 20:00:00,0.5436,13.38,27.71,21.97,33.53,131.78,33.137,59.54,236.78,29.19,19.15,1.07,14.31,8.59,393.54,3483.78,1.195,78.5,7,0
2025-12-18 21:00:00,0.5198,13.76,27.1,21.76,32.15,131.656,32.758,56.99,229.04,30.11,20.91,1.34,12.0,11.61,417.24,3603.07,1.403,37.1,7,0
2025-12-18 22:00:00,0.4737,12.04,23.54,18.94,27.7,132.967,33.085,51.42,206.67,34.24,20.07,0.84,16.34,13.07,406.47,3508.36,1.484,42.6,7,0
2025-12-18 23:00:00,0.4812,11.06,22.85,18.14,27.38,132.39,32.785,52.46,211.84,25.94,17.93,1.07,12.35,12.89,404.78,3552.25,1.143,29.1,7,0
2025-12-19 00:00:00,0.4513,10.97,21.62,17.36,23.62,132.757,33.187,49.07,196.3,35.02,23.28,1.74,18.11,11.64,376.18,3605.17,1.419,7.0,7,0
2025-12-19 01:00:00,0.4229,8.91,18.5,14.66,20.11,131.615,33.048,46.38,184.7,32.94,21.23,0.99,13.66,11.94,404.97,3589.14,1.484,36.4,7,0
2025-12-19 02:00:00,0.4641,8.27,19.4,14.95,23.0,132.033,32.316,50.73,207.28,29.99,20.7,1.0,16.63,11.27,399.22,3503.69,1.122,70.6,7,0
2025-12-19 03:00:00,0.4565,5.65,16.48,12.15,19.86,132.265,33.101,49.81,199.04,33.6,21.15,0.62,16.43,11.57,408.23,3509.57,1.54,90.6,7,0
2025-12-19 04:00:00,0.4691,4.62,15.94,11.41,20.14,131.637,32.924,51.43,205.64,29.09,16.46,0.79,13.06,12.96,420.91,3470.2,1.416,9.6,7,0
2025-12-19 05:00:00,0.5339,5.1,19.02,13.46,23.89,131.937,33.374,58.41,230.92,30.91,19.06,0.97,13.88,10.9,394.03,3541.02,1.604,14.6,7,0
2025-12-19 06:00:00,0.4403,4.56,14.79,10.7,18.55,131.615,33.104,48.29,191.99,28.43,16.99,1.16,14.11,11.04,395.43,3468.04,1.385,25.1,7,0
2025-12-19 07:00:00,0.4972,2.19,14.61,9.64,17.82,132.263,33.2,54.26,216.17,32.95,20.29,1.2,14.25,9.65,413.94,3529.12,1.29,0.5,7,0
2025-12-19 08:00:00,0.53,3.67,17.43,11.93,22.2,131.128,32.812,58.34,233.15,27.93,20.69,1.1,12.43,12.99,391.12,3584.17,1.292,10.1,7,0
2025-12-19 09:00:00,0.5788,2.64,18.48,12.15,23.11,132.378,32.791,63.11,254.79,29.9,20.32,1.24,16.1,11.54,401.48,3366.22,1.443,99.1,7,0
2025-12-19 10:00:00,0.6028,3.69,20.59,13.83,27.08,132.205,32.993,65.81,263.72,32.09,22.4,0.7,13.65,10.13,370.22,3352.51,1.473,45.3,7,0
2025-12-19 11:00:00,0.5811,5.88,21.83,15.45,26.07,131.866,32.905,63.61,254.91,33.2,17.05,1.15,14.8,13.25,395.55,3497.54,1.65,43.6,7,0
2025-12-19 12:00:00,0.6068,6.31,23.39,16.56,29.93,132.297,33.353,66.2,262.59,27.59,18.44,1.01,17.04,11.87,419.74,3554.62,1.461,22.1,7,0
2025-12-19 13:00:00,0.6139,7.5,24.91,17.95,30.14,131.759,32.96,67.25,268.85,32.32,20.87,1.04,16.17,10.83,405.2,3524.07,1.273,3.0,7,0
2025-12-19 14:00:00,0.7101,9.91,31.88,23.09,40.15,131.558,32.677,77.9,313.64,27.11,20.57,0.89,13.79,13.28,413.66,3404.24,1.486,55.1,7,0
2025-12-19 15:00:00,0.6804,8.59,29.11,20.9,37.7,132.359,32.782,74.2,299.58,23.6,17.41,0.72,17.11,11.43,414.51,3573.1,1.312,21.5,7,0
2025-12-19 16:00:00,0.5981,9.52,26.21,19.53,32.47,132.387,33.255,65.21,259.6,27.81,22.44,0.64,16.36,9.59,420.41,3653.78,1.552,2.6,7,0
2025-12-19 17:00:00,0.5788,10.81,26.66,20.32,31.04,131.665,32.956,63.45,253.51,32.56,23.13,1.1,13.62,13.38,394.96,3431.63,1.576,40.2,7,0
2025-12-19 18:00:00,0.5312,12.08,25.88,20.36,30.14,131.609,32.942,58.25,232.73,30.02,20.89,1.15,14.0,10.68,414.3,3443.12,1.578,44.9,7,0
2025-12-19 19:00:00,0.4825,10.48,22.32,17.58,25.07,131.879,33.28,52.81,209.26,28.45,17.02,0.96,17.03,16.47,433.88,3503.17,1.396,103.2,7,0
2025-12-19 20:00:00,0.5104,12.79,25.75,20.57,28.82,131.636,32.759,55.96,224.87,30.22,20.36,1.0,16.59,11.27,399.77,3491.06,1.35,48.4,7,0
2025-12-19 21:00:00,0.4598,12.29,23.25,18.86,26.94,133.007,32.41,49.9,204.78,30.12,20.72,0.79,12.02,8.92,380.37,3597.37,1.353,69.5,7,0
2025-12-19 22:00:00,0.4665,13.11,24.33,19.85,28.48,132.209,32.775,50.93,205.44,31.92,19.5,1.15,13.02,14.57,391.24,3523.81,1.42,56.6,7,0
2025-12-19 23:00:00,0.4051,11.89,20.84,17.26,23.98,132.01,33.064,44.3,176.86,25.22,22.74,1.02,16.42,11.85,407.19,3477.8,1.326,43.6,7,0
2025-12-20 00:00:00,0.3545,9.9,17.13,14.24,19.75,131.384,32.934,38.95,155.38,29.75,19.81,0.89,12.68,12.32,375.24,3453.95,1.619,15.1,7,0
2025-12-20 01:00:00,0.379,9.88,17.93,14.71,20.36,132.488,32.588,41.29,167.85,30.43,24.25,1.26,16.64,12.51,388.74,3378.92,1.335,32.7,7,0
2025-12-20 02:00:00,0.3884,8.72,17.09,13.74,19.44,131.596,33.268,42.6,168.5,25.96,21.61,1.2,18.9,9.9,395.22,3610.69,1.379,37.2,7,0
2025-12-20 03:00:00,0.3984,5.94,14.65,11.17,16.49,131.569,33.043,43.71,174.03,25.92,20.59,0.54,15.77,8.69,401.82,3551.34,1.286,24.2,7,0
2025-12-20 04:00:00,0.3598,5.01,12.41,9.45,14.26,132.51,33.103,39.19,156.88,28.96,21.88,1.02,13.18,14.87,427.12,3493.89,1.271,26.4,7,0
2025-12-20 05:00:00,0.4426,2.24,12.55,8.43,14.83,132.256,33.111,48.31,192.96,30.08,23.1,0.72,15.38,9.59,410.49,3509.83,1.23,42.6,7,0
2025-12-20 06:00:00,0.4135,2.58,11.83,8.13,14.06,130.348,32.657,45.79,182.76,30.09,21.84,1.04,17.1,14.4,383.46,3492.52,1.252,50.8,7,0
2025-12-20 07:00:00,0.4785,2.43,14.11,9.44,18.07,131.896,33.08,52.36,208.78,28.39,19.89,0.06,15.23,12.73,458.18,3359.89,1.72,7.9,7,0
2025-12-20 08:00:00,0.4812,3.07,14.86,10.15,18.71,132.083,33.24,52.58,208.95,28.26,18.72,1.06,16.0,12.2,399.92,3387.43,1.522,10.4,7,0
2025-12-20 09:00:00,0.4607,2.23,13.22,8.82,19.28,131.776,33.301,50.46,199.69,28.87,17.8,1.22,13.43,11.24,374.96,3484.79,1.38,24.6,7,0
2025-12-20 10:00:00,0.5101,3.16,16.1,10.92,19.45,132.106,33.19,55.74,221.84,30.95,15.16,0.97,13.58,15.4,384.59,3483.44,1.357,83.0,7,0
2025-12-20 11:00:00,0.5441,3.24,17.59,11.85,22.52,130.806,33.135,60.04,237.0,33.79,20.39,0.65,16.84,10.9,384.68,3500.16,1.657,30.4,7,0
2025-12-20 12:00:00,0.56,5.67,20.7,14.69,24.89,130.132,32.541,62.11,248.39,23.4,19.27,1.59,13.6,10.94,379.95,3636.94,1.355,48.1,7,0
2025-12-20 13:00:00,0.5403,7.13,21.32,15.65,25.97,131.356,32.996,59.37,236.34,31.93,19.37,1.35,9.86,12.95,407.86,3478.23,1.215,11.5,7,0
2025-12-20 14:00:00,0.5876,8.4,24.63,18.14,30.22,132.186,32.747,64.16,258.97,29.72,22.1,0.84,14.42,10.93,360.17,3440.12,1.565,15.5,7,0
2025-12-20 15:00:00,0.5633,9.31,24.48,18.41,30.55,129.872,33.338,62.61,243.89,31.63,19.82,0.92,15.66,10.42,414.9,3505.38,1.343,130.7,7,0
2025-12-20 16:00:00,0.5119,8.96,21.98,16.77,26.07,131.443,33.298,56.21,221.89,33.61,23.83,0.41,17.15,11.85,412.39,3389.39,1.263,105.3,7,0
2025-12-20 17:00:00,0.5245,10.92,24.45,19.04,28.97,130.731,32.749,57.91,231.17,27.79,18.9,1.14,18.32,12.97,393.32,3513.59,1.298,30.2,7,0
2025-12-20 18:00:00,0.5395,11.92,26.08,20.42,30.68,131.84,32.988,59.07,236.06,32.89,18.1,0.59,15.2,14.76,413.91,3443.16,1.532,31.0,7,0
2025-12-20 19:00:00,0.5183,12.43,25.7,20.39,29.15,133.292,33.066,56.13,226.25,26.3,17.53,1.2,16.35,15.07,383.78,3519.15,1.444,7.8,7,0
2025-12-20 20:00:00,0.4007,13.08,21.87,18.35,24.08,131.857,33.238,43.86,173.99,30.44,21.49,1.31,15.27,9.26,387.54,3486.72,1.253,4.8,7,0
2025-12-20 21:00:00,0.3892,14.26,22.65,19.29,24.92,131.929,32.558,42.58,172.55,29.33,22.35,0.98,15.74,13.51,408.41,3489.82,1.465,150.7,7,0
2025-12-20 22:00:00,0.4439,13.14,23.51,19.36,26.92,132.554,32.417,48.34,197.67,30.2,18.85,0.68,14.65,10.47,397.03,3551.27,1.298,29.6,7,0
2025-12-20 23:00:00,0.3541,10.55,17.77,14.88,20.35,132.014,33.01,38.72,154.85,27.09,17.92,1.38,15.8,10.54,390.8,3559.9,1.132,83.9,7,0
2025-12-21 00:00:00,0.3384,11.18,17.89,15.21,19.65,131.858,32.332,37.05,151.09,31.37,23.1,1.0,13.57,11.13,398.47,3663.8,1.173,2.8,7,0
2025-12-21 01:00:00,0.3606,9.94,17.37,14.4,19.38,132.612,33.042,39.25,157.54,34.82,17.14,1.03,18.99,11.04,419.95,3556.69,1.384,24.0,7,0
2025-12-21 02:00:00,0.3907,7.2,15.65,12.27,16.86,132.311,33.156,42.62,170.09,27.14,22.06,0.72,10.25,10.34,419.37,3481.55,1.278,63.8,7,0
2025-12-21 03:00:00,0.3835,7.56,15.76,12.48,18.69,132.19,33.326,41.88,166.11,30.63,18.9,1.06,16.17,8.45,406.56,3450.54,1.408,60.9,7,0
2025-12-21 04:00:00,0.3806,5.34,13.44,10.2,15.35,131.908,32.836,41.65,167.3,32.63,20.84,0.94,15.67,14.11,394.84,3528.9,1.557,0.2,7,0
2025-12-21 05:00:00,0.3975,3.06,11.74,8.27,15.02,131.772,33.043,43.54,173.63,29.17,22.2,0.6,15.77,13.29,407.99,3618.07,1.304,160.6,7,0
2025-12-21 06:00:00,0.4169,4.13,13.5,9.75,17.51,132.605,33.172,45.37,181.38,34.14,21.0,1.4,12.66,11.92,387.24,3569.65,1.808,97.2,7,0
2025-12-21 07:00:00,0.4338,3.39,13.38,9.38,16.43,131.778,32.69,47.52,191.56,28.77,19.45,1.53,11.67,10.49,417.71,3444.17,1.458,16.1,7,0
2025-12-21 08:00:00,0.5507,2.78,17.4,11.55,21.74,132.813,33.242,59.85,239.1,29.71,22.84,1.31,16.24,13.8,414.43,3537.36,1.449,5.1,7,0
2025-12-21 09:00:00,0.5116,3.14,16.14,10.94,20.58,131.309,33.072,56.24,223.3,27.08,20.62,1.26,17.71,11.85,429.15,3518.91,1.256,6.8,7,0
2025-12-21 10:00:00,0.5469,2.95,17.42,11.64,22.79,132.946,32.84,59.38,240.38,30.44,27.41,1.53,15.47,11.08,388.14,3585.08,1.421,56.0,7,0
2025-12-21 11:00:00,0.5192,5.08,18.39,13.06,22.72,132.312,33.037,56.63,226.82,30.07,16.63,0.69,16.64,9.48,386.28,3525.27,1.422,21.1,7,0
2025-12-21 12:00:00,0.5367,5.46,19.5,13.88,23.95,131.361,32.963,58.98,235.03,31.97,16.6,0.69,14.11,12.75,408.44,3522.28,1.582,13.8,7,0
2025-12-21 13:00:00,0.5238,6.88,20.38,14.98,25.49,132.336,33.206,57.13,227.69,28.15,22.03,0.88,15.69,11.44,396.07,3406.66,1.373,22.6,7,0
2025-12-21 14:00:00,0.4628,8.36,19.44,15.01,23.47,131.571,32.905,50.77,203.0,28.01,19.98,1.09,17.48,12.34,415.16,3564.52,1.496,21.3,7,0
2025-12-21 15:00:00,0.4925,8.14,20.38,15.48,24.22,132.022,33.06,53.84,215.02,31.45,21.63,0.92,14.4,12.2,419.94,3389.91,1.453,128.2,7,0
2025-12-21 16:00:00,0.466,9.61,20.81,16.33,23.18,131.679,32.836,51.08,204.84,34.25,17.85,0.7,17.4,12.9,425.72,3508.33,1.579,45.4,7,0
2025-12-21 17:00:00,0.4352,9.33,19.37,15.35,22.95,131.912,32.752,47.62,191.8,31.95,20.15,1.0,11.76,12.27,401.05,3457.1,1.576,27.1,7,0
2025-12-21 18:00:00,0.4464,12.9,23.35,19.17,26.12,132.621,33.045,48.58,194.96,35.6,20.96,0.97,13.8,11.49,413.38,3452.38,1.473,48.9,7,0
2025-12-21 19:00:00,0.5,11.62,24.15,19.14,28.58,132.342,32.763,54.53,220.26,31.72,18.96,1.26,16.12,12.78,392.42,3547.77,1.565,76.6,7,0
2025-12-21 20:00:00,0.4369,13.14,23.24,19.2,26.6,131.257,33.211,48.04,189.87,31.62,20.51,1.02,18.83,13.37,403.43,3500.9,1.587,52.6,7,0
2025-12-21 21:00:00,0.4564,13.2,24.04,19.7,26.07,131.295,33.156,50.18,198.7,32.1,17.32,0.43,15.06,14.27,399.37,3309.69,1.509,6.9,7,0
2025-12-21 22:00:00,0.4124,12.94,22.15,18.46,25.1,132.179,32.798,45.04,181.51,34.52,20.83,1.12,12.96,10.27,398.57,3485.34,1.448,34.7,7,0
2025-12-21 23:00:00,0.4101,10.33,19.46,15.81,22.73,132.227,33.056,44.76,179.06,33.77,22.93,1.48,18.79,13.61,427.53,3470.1,1.466,46.2,7,0
2025-12-22 00:00:00,0.4187,10.44,19.88,16.11,23.37,131.555,32.797,45.93,184.25,26.8,17.57,1.01,14.78,9.56,380.04,3601.76,1.651,13.6,7,0
2025-12-22 01:00:00,0.458,10.97,21.87,17.51,25.53,133.05,32.576,49.69,202.93,32.46,17.45,1.3,16.36,13.47,400.1,3401.77,1.446,45.8,7,0
2025-12-22 02:00:00,0.4676,9.72,20.98,16.48,23.12,132.537,32.842,50.92,205.48,30.85,22.42,0.85,14.36,11.06,400.98,3654.52,1.543,98.3,7,0
2025-12-22 03:00:00,0.4384,7.7,17.86,13.8,22.15,131.587,32.987,48.09,191.82,29.48,17.41,1.17,15.31,13.21,409.82,3569.71,1.318,0.9,7,0
2025-12-22 04:00:00,0.4884,5.85,17.92,13.09,22.3,131.523,33.138,53.59,212.71,24.74,21.73,0.78,13.9,14.19,383.72,3478.93,1.669,14.9,7,0
2025-12-22 05:00:00,0.5093,3.47,16.38,11.21,19.82,131.85,33.039,55.75,222.48,25.44,20.15,0.93,19.54,12.29,395.69,3467.66,1.522,128.9,7,0
2025-12-22 06:00:00,0.4999,4.4,16.93,11.92,20.55,131.781,33.24,54.75,217.08,28.97,19.21,0.93,17.41,11.95,391.24,3450.11,1.398,17.6,7,0
2025-12-22 07:00:00,0.5086,3.02,15.9,10.75,20.49,132.829,32.741,55.27,224.22,25.66,22.98,1.15,18.57,11.87,366.4,3526.72,1.444,31.7,7,0
2025-12-22 08:00:00,0.5326,3.57,17.44,11.89,22.81,132.65,32.901,57.96,233.67,29.03,21.9,0.76,13.45,11.32,417.61,3438.14,1.434,9.5,7,0
2025-12-22 09:00:00,0.5949,2.55,19.1,12.48,24.72,132.023,33.434,65.04,256.81,32.2,20.6,0.56,11.38,13.71,378.13,3491.79,1.498,209.7,7,0
2025-12-22 10:00:00,0.6228,3.51,21.32,14.19,28.57,132.447,32.49,67.87,276.68,28.32,15.74,1.14,14.44,11.86,376.13,3414.25,1.543,100.2,7,0
2025-12-22 11:00:00,0.6051,4.64,21.65,14.84,26.44,132.543,32.881,65.9,265.63,30.31,21.47,1.13,20.06,8.76,414.39,3558.2,1.473,11.3,7,0
2025-12-22 12:00:00,0.6397,5.76,24.35,16.91,30.47,132.038,32.717,69.93,282.2,26.85,17.9,1.04,14.39,13.35,395.15,3514.73,1.282,34.1,7,0
2025-12-22 13:00:00,0.6594,7.21,26.73,18.92,32.47,132.266,32.948,71.96,288.86,30.96,19.6,1.28,17.13,13.27,395.67,3463.74,1.796,8.2,7,0
2025-12-22 14:00:00,0.6574,7.43,26.85,19.08,33.48,132.392,32.885,71.67,288.55,31.58,20.06,0.94,12.98,12.09,395.96,3481.84,1.569,35.9,7,0
2025-12-22 15:00:00,0.6754,7.96,28.24,20.13,37.2,132.322,33.159,73.68,294.01,25.79,23.84,1.09,13.37,10.84,416.29,3445.75,1.578,14.1,7,0
2025-12-22 16:00:00,0.6513,12.13,31.27,23.62,40.13,131.486,33.067,71.5,284.29,27.8,19.54,0.9,14.87,10.28,391.9,3526.25,1.518,26.4,7,0
2025-12-22 17:00:00,0.5622,14.03,29.16,23.11,34.72,131.553,32.655,61.69,248.51,26.26,17.2,0.93,19.25,10.84,409.1,3400.78,1.617,2.9,7,0
2025-12-22 18:00:00,0.6187,12.79,30.41,23.36,36.41,131.81,32.845,67.75,271.88,31.59,22.98,1.11,17.23,12.32,383.06,3573.34,1.517,11.8,7,0
2025-12-22 19:00:00,0.5264,11.51,25.12,19.68,29.66,131.534,33.0,57.76,230.22,30.55,21.5,1.68,10.92,9.26,405.13,3515.05,1.417,27.0,7,0
2025-12-22 20:00:00,0.5477,12.24,26.74,20.94,32.22,131.028,33.195,60.34,238.17,29.91,21.57,1.23,16.36,12.66,413.72,3465.29,1.437,5.4,7,0
2025-12-22 21:00:00,0.4943,13.35,25.66,20.73,28.56,132.446,33.642,53.87,212.08,29.67,23.02,1.17,12.73,12.13,421.25,3548.2,1.635,1.5,7,0
2025-12-22 22:00:00,0.4592,13.68,24.62,20.24,27.75,132.229,33.186,50.13,199.73,31.03,23.49,1.24,13.67,13.95,376.94,3532.28,1.46,5.9,7,0
2025-12-22 23:00:00,0.4015,10.33,19.15,15.63,23.04,131.116,32.733,44.19,177.02,31.09,18.26,0.3,16.05,13.07,395.73,3417.54,1.395,2.0,7,0
2025-12-23 00:00:00,0.4414,10.39,20.66,16.56,23.14,131.841,32.975,48.32,193.21,28.57,17.26,1.1,17.83,10.94,424.15,3605.78,1.355,1.1,7,0
2025-12-23 01:00:00,0.3964,9.51,18.15,14.7,20.22,131.878,33.048,43.38,173.11,28.15,21.73,1.28,17.73,9.49,414.01,3301.47,1.35,9.1,7,0
2025-12-23 02:00:00,0.4756,8.88,20.45,15.83,24.31,132.12,32.863,51.95,208.87,29.88,19.52,1.03,15.69,10.79,397.19,3588.36,1.6,14.9,7,0
2025-12-23 03:00:00,0.502,6.38,19.0,13.95,23.51,131.286,33.124,55.19,218.76,29.49,19.7,0.99,15.72,14.09,400.24,3488.14,1.314,42.6,7,0
2025-12-23 04:00:00,0.4485,3.95,14.49,10.28,17.41,131.106,32.4,49.38,199.81,36.24,17.8,0.72,17.72,12.46,404.63,3580.44,1.525,72.3,7,0
2025-12-23 05:00:00,0.5022,5.1,17.73,12.68,22.08,132.343,33.146,54.77,218.69,28.91,21.21,0.87,11.88,12.92,394.58,3616.43,1.557,54.3,7,0
2025-12-23 06:00:00,0.4955,4.81,17.17,12.23,21.83,130.988,32.874,54.6,217.55,30.93,20.85,0.75,18.68,11.08,408.39,3467.0,1.48,76.1,7,0
2025-12-23 07:00:00,0.5243,3.11,16.63,11.22,22.87,131.846,32.971,57.4,229.52,31.46,19.73,1.3,13.56,12.75,407.54,3470.76,1.434,144.6,7,0
2025-12-23 08:00:00,0.5923,3.42,19.86,13.29,25.72,131.785,33.387,64.87,256.04,34.26,17.27,1.45,15.55,9.74,383.46,3526.37,1.274,2.9,7,0
2025-12-23 09:00:00,0.592,2.71,19.14,12.57,25.06,131.919,32.667,64.77,261.56,27.63,22.46,1.58,14.04,13.43,392.83,3410.51,1.596,228.1,7,0
2025-12-23 10:00:00,0.666,2.84,22.68,14.74,31.44,132.167,33.072,72.74,290.68,34.08,20.56,0.75,12.72,10.29,393.37,3474.66,1.294,41.1,7,0
2025-12-23 11:00:00,0.6153,5.51,22.98,15.99,28.98,133.055,33.21,66.74,267.41,29.62,22.28,0.8,15.95,9.06,396.35,3467.87,1.533,123.2,7,0
2025-12-23 12:00:00,0.6697,5.91,25.91,17.91,32.48,130.944,33.045,73.82,292.52,37.56,15.84,0.78,15.5,15.42,404.23,3406.31,1.543,88.4,7,0
2025-12-23 13:00:00,0.6461,7.22,26.1,18.55,33.4,132.579,32.574,70.34,286.27,31.15,20.16,0.7,14.82,12.22,402.89,3463.67,1.638,28.3,7,0
2025-12-23 14:00:00,0.6636,9.52,29.24,21.35,37.58,130.342,33.357,73.49,287.15,26.37,18.61,0.7,14.72,12.18,389.38,3561.45,1.397,47.0,7,0
2025-12-23 15:00:00,0.6163,8.26,25.78,18.77,32.52,132.92,32.944,66.93,270.03,29.47,20.12,0.85,18.08,9.22,420.28,3555.67,1.366,24.6,7,0
2025-12-23 16:00:00,0.6124,9.97,27.3,20.37,33.6,130.652,32.861,67.65,268.97,34.07,21.93,1.27,19.42,12.96,400.26,3487.03,1.586,21.4,7,0
2025-12-23 17:00:00,0.5897,11.71,28.03,21.51,32.79,133.608,32.918,63.7,258.56,30.3,20.79,0.79,17.54,13.35,422.14,3506.2,1.469,30.9,7,0
2025-12-23 18:00:00,0.5439,11.78,26.13,20.39,31.11,131.743,32.899,59.59,238.64,29.88,20.08,1.32,15.59,11.72,421.78,3476.87,1.169,16.0,7,0
2025-12-23 19:00:00,0.563,13.63,28.79,22.73,35.16,132.852,32.686,61.17,248.62,32.22,20.07,1.41,11.76,13.36,384.29,3360.3,1.481,4.0,7,0
2025-12-23 20:00:00,0.5368,12.83,26.87,21.26,30.78,132.716,33.044,58.38,234.46,29.03,16.93,1.09,16.28,13.78,392.83,3419.88,1.74,19.7,7,0
2025-12-23 21:00:00,0.5109,11.86,24.83,19.64,29.08,131.712,32.842,55.99,224.55,29.43,18.23,1.37,16.37,12.81,393.92,3577.93,1.538,8.5,7,0
2025-12-23 22:00:00,0.5185,12.41,25.7,20.39,29.96,131.763,33.177,56.8,225.59,27.23,22.29,0.59,16.57,8.77,404.88,3596.99,1.281,43.8,7,0
2025-12-23 23:00:00,0.5,11.72,24.26,19.25,27.95,131.447,33.137,54.9,217.8,35.25,19.03,0.84,12.75,10.3,411.08,3432.55,1.52,12.2,7,0
2025-12-24 00:00:00,0.4361,11.47,21.54,17.51,24.97,132.52,33.429,47.5,188.32,26.39,22.33,1.06,16.73,14.55,402.39,3590.74,1.565,4.6,7,0
2025-12-24 01:00:00,0.4552,9.72,20.51,16.19,24.38,131.721,32.944,49.88,199.43,30.57,21.7,1.07,18.15,12.15,391.92,3405.16,1.169,22.4,7,0
2025-12-24 02:00:00,0.4287,8.49,18.29,14.37,21.76,131.459,32.788,47.07,188.72,31.5,21.8,1.43,13.07,12.15,424.96,3459.85,1.371,30.0,7,0
2025-12-24 03:00:00,0.4581,7.06,17.96,13.6,20.74,132.355,32.612,49.96,202.75,30.02,20.71,0.7,16.4,10.78,393.61,3491.71,1.624,11.0,7,0
2025-12-24 04:00:00,0.4553,5.34,16.13,11.82,18.34,131.408,33.579,50.01,195.7,26.3,19.17,0.84,13.41,11.07,411.31,3479.36,1.199,20.5,7,0
2025-12-24 05:00:00,0.5426,3.78,18.07,12.35,23.28,131.783,33.175,59.43,236.07,27.06,19.74,0.98,14.82,13.81,399.63,3445.85,1.429,12.3,7,0
2025-12-24 06:00:00,0.529,3.99,17.71,12.22,22.06,132.071,32.817,57.82,232.67,31.63,21.33,0.85,13.13,14.27,399.21,3511.36,1.432,66.5,7,0
2025-12-24 07:00:00,0.5374,2.87,16.94,11.31,23.32,131.576,33.447,58.96,231.93,27.72,15.79,0.69,14.33,13.22,410.29,3563.34,1.406,20.9,7,0
2025-12-24 08:00:00,0.6057,4.72,21.76,14.94,29.5,131.676,33.358,66.39,262.07,23.85,22.53,0.86,14.34,12.85,423.33,3384.92,1.709,27.6,7,0
2025-12-24 09:00:00,0.5289,4.54,18.26,12.77,24.61,133.013,32.643,57.39,233.85,31.22,19.05,0.93,15.86,12.96,404.76,3511.32,1.648,29.2,7,0
2025-12-24 10:00:00,0.5543,4.33,19.12,13.2,23.59,131.865,32.801,60.67,243.9,27.44,19.87,1.44,16.81,11.92,392.85,3578.42,1.432,76.8,7,0
2025-12-24 11:00:00,0.6545,4.88,24.16,16.45,31.9,131.763,32.965,71.69,286.56,31.95,19.89,0.7,17.46,10.22,422.38,3468.21,1.375,42.6,7,0
2025-12-24 12:00:00,0.6424,5.44,24.16,16.68,31.87,131.884,32.717,70.31,283.4,29.46,19.97,1.25,13.73,9.89,407.59,3457.48,1.712,2.7,7,0
2025-12-24 13:00:00,0.6515,5.48,24.62,16.96,32.44,132.3,32.975,71.08,285.18,29.31,17.42,1.38,15.75,14.0,402.74,3433.16,1.642,30.0,7,0
2025-12-24 14:00:00,0.6008,7.82,24.63,17.91,30.49,131.318,33.188,66.04,261.29,30.22,20.35,0.85,12.83,11.97,415.6,3661.26,1.498,13.7,7,0
2025-12-24 15:00:00,0.6299,9.43,27.57,20.31,35.33,132.282,32.637,68.73,278.57,26.65,21.23,1.08,14.81,12.74,405.02,3620.68,1.613,31.7,7,0
2025-12-24 16:00:00,0.6748,10.76,31.01,22.91,38.76,132.169,33.077,73.69,294.46,27.59,15.96,1.18,15.12,12.34,437.04,3477.64,1.635,56.3,7,0
2025-12-24 17:00:00,0.6187,12.04,29.66,22.61,36.27,130.819,33.308,68.26,268.11,29.28,17.44,1.13,13.19,12.42,400.21,3595.65,1.378,12.4,7,0
2025-12-24 18:00:00,0.575,13.28,28.96,22.69,33.35,133.184,33.106,62.31,250.68,26.63,21.84,1.03,16.15,12.54,417.43,3459.15,1.398,60.0,7,0
2025-12-24 19:00:00,0.5308,12.17,25.96,20.45,31.27,132.964,32.98,57.62,232.31,32.2,21.47,0.8,14.72,13.07,406.82,3488.79,1.466,42.5,7,0
2025-12-24 20:00:00,0.5063,12.35,25.14,20.02,29.29,131.472,32.824,55.58,222.63,29.14,20.64,1.2,15.34,10.87,406.77,3416.44,1.163,2.2,7,0
2025-12-24 21:00:00,0.4301,14.31,24.16,20.22,27.68,131.259,33.219,47.3,186.88,25.71,18.68,0.89,17.48,13.8,394.75,3353.79,1.364,71.4,7,0
2025-12-24 22:00:00,0.481,13.13,24.92,20.2,29.04,132.151,32.689,52.54,212.39,28.38,21.48,1.01,14.18,10.92,394.83,3454.82,1.322,113.6,7,0
2025-12-24 23:00:00,0.4828,11.18,23.03,18.29,27.13,131.059,33.064,53.17,210.74,30.37,17.64,1.06,16.73,12.38,407.64,3467.24,1.467,44.3,7,0
2025-12-25 00:00:00,0.401,10.44,19.25,15.73,21.94,132.9,33.007,43.55,175.35,28.72,19.77,1.26,17.92,10.25,387.16,3535.37,1.232,16.4,7,0
2025-12-25 01:00:00,0.425,9.24,18.91,15.04,22.61,131.691,33.297,46.58,184.23,31.26,17.43,1.58,17.79,11.77,391.55,3553.64,1.477,1.8,7,0
2025-12-25 02:00:00,0.4135,8.08,17.33,13.63,20.08,133.07,32.846,44.85,181.72,31.78,19.72,0.78,14.65,11.03,400.42,3491.43,1.44,43.6,7,0
2025-12-25 03:00:00,0.4293,7.23,17.05,13.12,19.02,131.456,32.869,47.13,188.51,37.27,17.99,1.02,13.09,12.06,418.79,3421.95,1.399,16.1,7,0
2025-12-25 04:00:00,0.4757,8.08,19.66,15.03,23.96,131.926,32.672,52.05,210.17,33.51,21.56,0.56,13.61,13.13,401.39,3448.61,1.508,13.9,7,0
2025-12-25 05:00:00,0.4323,4.7,14.64,10.66,17.17,132.836,33.115,46.97,188.43,25.15,20.91,1.45,11.86,12.14,401.16,3628.53,1.505,66.1,7,0
2025-12-25 06:00:00,0.5374,4.38,18.45,12.82,22.3,131.787,32.888,58.86,235.85,28.98,18.91,1.02,16.4,14.96,384.31,3551.58,1.433,58.1,7,0
2025-12-25 07:00:00,0.5675,1.53,16.88,10.74,21.54,132.18,32.772,61.97,249.92,29.26,22.23,0.91,16.53,13.22,425.62,3615.07,1.489,128.0,7,0
2025-12-25 08:00:00,0.5632,2.56,17.73,11.66,23.35,132.721,32.798,61.25,247.85,31.79,18.13,1.02,15.27,11.68,416.79,3643.4,1.38,14.6,7,0
2025-12-25 09:00:00,0.5204,4.45,17.81,12.47,22.34,131.633,33.142,57.07,226.65,27.26,19.98,1.03,12.28,11.89,418.48,3448.65,1.357,53.2,7,0
2025-12-25 10:00:00,0.5857,4.12,20.27,13.81,24.39,131.167,32.709,64.45,258.44,28.47,18.82,0.78,14.3,12.59,378.4,3566.86,1.73,27.9,7,0
2025-12-25 11:00:00,0.6684,0.12,20.07,12.09,27.36,131.037,32.732,73.63,294.76,26.33,21.53,1.36,17.79,13.08,405.46,3429.07,1.504,63.6,7,0
2025-12-25 12:00:00,0.5581,6.22,21.17,15.19,27.4,132.385,33.237,60.85,242.37,28.26,21.33,1.2,16.25,10.17,386.11,3583.91,1.477,16.7,7,0
2025-12-25 13:00:00,0.6344,8.67,27.02,19.68,33.5,132.257,32.956,69.24,277.86,28.37,22.65,1.24,16.6,12.98,411.76,3567.48,1.506,13.5,7,0
2025-12-25 14:00:00,0.606,6.05,23.11,16.28,29.22,132.701,33.252,65.92,263.06,29.12,20.21,0.8,21.65,10.21,405.01,3332.13,1.559,36.5,7,0
2025-12-25 15:00:00,0.6556,10.86,30.2,22.46,38.34,131.819,32.905,71.78,287.57,26.5,14.13,0.78,15.69,12.83,407.97,3533.47,1.446,27.5,7,0
2025-12-25 16:00:00,0.5953,7.78,24.35,17.72,31.01,131.056,33.0,65.56,260.38,33.01,19.19,0.97,10.71,13.67,389.44,3432.73,1.43,65.6,7,0
2025-12-25 17:00:00,0.607,12.52,29.62,22.78,36.7,130.447,33.041,67.16,265.15,31.48,23.18,1.24,12.83,12.47,384.59,3474.02,1.644,67.6,7,0
2025-12-25 18:00:00,0.5877,12.37,28.6,22.11,32.26,133.893,33.366,63.35,254.23,25.72,19.4,1.15,15.64,8.53,390.58,3448.48,1.271,26.2,7,0
2025-12-25 19:00:00,0.5999,10.53,27.31,20.6,34.81,132.348,33.345,65.43,259.69,30.14,16.21,0.77,15.07,9.35,404.81,3573.89,1.528,26.3,7,0
2025-12-25 20:00:00,0.5129,13.5,26.55,21.33,31.53,132.09,33.304,56.04,222.27,25.37,20.95,1.2,14.69,12.87,396.56,3446.58,1.333,60.6,7,0
2025-12-25 21:00:00,0.5061,14.03,26.81,21.7,33.14,132.184,32.834,55.27,222.49,34.09,21.1,0.71,14.72,8.34,403.99,3398.94,1.152,77.0,7,0
2025-12-25 22:00:00,0.4296,12.74,22.58,18.64,25.09,131.055,32.739,47.31,189.39,34.91,18.59,0.8,13.46,12.94,384.83,3436.66,1.403,2.3,7,0
2025-12-25 23:00:00,0.494,12.17,24.46,19.55,27.2,131.475,33.201,54.23,214.74,29.9,19.55,1.05,15.78,13.5,400.09,3484.1,1.274,3.6,7,0
2025-12-26 00:00:00,0.4263,10.16,19.87,15.99,22.97,133.151,33.363,46.21,184.42,27.51,18.35,0.65,17.82,13.73,421.12,3534.08,1.213,87.7,7,0
2025-12-26 01:00:00,0.4289,7.5,17.31,13.39,20.22,132.435,33.307,46.74,185.86,28.07,21.09,0.71,18.5,11.66,405.17,3596.93,1.804,17.7,7,0
2025-12-26 02:00:00,0.4484,8.76,19.29,15.08,23.23,131.496,33.003,49.22,196.12,28.7,20.16,1.47,18.44,12.68,406.11,3542.35,1.506,13.9,7,0
2025-12-26 03:00:00,0.4122,8.53,17.73,14.05,21.48,131.19,33.192,45.35,179.25,29.74,17.72,1.41,13.12,12.34,406.23,3547.97,1.491,23.4,7,0
2025-12-26 04:00:00,0.4819,6.7,18.51,13.79,22.39,131.66,33.197,52.83,209.51,34.17,20.03,1.69,14.99,9.81,392.51,3560.35,1.433,32.2,7,0
2025-12-26 05:00:00,0.5247,2.55,16.09,10.67,20.58,131.792,33.039,57.47,229.23,32.93,18.58,1.14,14.4,13.14,424.67,3566.65,1.283,31.7,7,0
2025-12-26 06:00:00,0.5286,2.22,15.93,10.45,21.1,133.352,33.051,57.22,230.85,32.98,22.97,1.2,16.22,14.11,405.55,3583.94,1.439,6.9,7,0
2025-12-26 07:00:00,0.498,2.39,14.85,9.87,18.86,131.876,33.026,54.51,217.66,30.58,21.83,0.96,14.87,13.06,402.85,3701.68,1.396,16.2,7,0
2025-12-26 08:00:00,0.5679,1.48,16.84,10.7,22.05,131.215,32.792,62.47,249.95,26.6,19.8,0.9,14.58,11.27,410.49,3565.34,1.195,6.5,7,0
2025-12-26 09:00:00,0.618,3.28,20.88,13.84,28.2,131.961,32.819,67.59,271.78,27.75,20.21,1.26,17.94,13.13,414.3,3524.19,1.778,76.0,7,0
2025-12-26 10:00:00,0.5601,4.13,19.16,13.15,25.5,132.174,32.815,61.16,246.35,30.25,22.08,1.41,15.23,13.97,381.51,3464.05,1.467,9.5,7,0
2025-12-26 11:00:00,0.6001,3.1,19.89,13.17,26.88,131.155,32.578,66.04,265.86,26.46,19.7,1.24,15.28,13.77,401.04,3526.07,1.375,58.7,7,0
2025-12-26 12:00:00,0.6686,6.35,26.3,18.32,33.77,132.265,33.038,72.96,292.1,30.98,21.56,0.75,15.86,13.56,433.72,3593.58,1.553,69.0,7,0
2025-12-26 13:00:00,0.6538,7.38,26.63,18.93,32.18,132.798,32.989,71.06,286.06,32.48,23.0,1.12,16.38,9.64,425.02,3403.81,1.32,69.3,7,0
2025-12-26 14:00:00,0.6547,7.52,26.81,19.1,33.98,132.092,33.201,71.53,284.6,31.7,19.07,0.77,16.4,12.62,398.6,3601.96,1.387,4.8,7,0
2025-12-26 15:00:00,0.6881,9.19,30.08,21.73,37.53,131.474,33.333,75.54,297.96,31.58,23.34,0.91,18.14,12.99,411.11,3467.14,1.775,32.8,7,0
2025-12-26 16:00:00,0.6305,8.62,26.79,19.52,33.44,131.651,33.35,69.12,272.87,24.47,22.76,1.49,12.46,13.58,395.29,3482.72,1.437,31.7,7,0
2025-12-26 17:00:00,0.6154,11.27,28.75,21.76,34.65,130.905,33.374,67.86,266.16,34.06,20.55,0.64,15.68,12.8,405.5,3543.02,1.505,50.4,7,0
2025-12-26 18:00:00,0.6529,12.41,31.62,23.93,38.85,131.912,32.8,71.44,287.31,25.36,19.16,1.65,14.83,14.35,393.32,3459.14,1.542,31.2,7,0
2025-12-26 19:00:00,0.5393,13.07,27.22,21.56,31.33,132.205,32.622,58.88,238.61,29.61,20.52,1.17,14.43,9.28,393.06,3537.99,1.444,5.8,7,0
2025-12-26 20:00:00,0.4959,13.45,25.82,20.87,28.97,131.408,33.246,54.47,215.29,31.92,19.56,0.86,16.55,12.86,391.31,3409.11,1.367,110.7,7,0
2025-12-26 21:00:00,0.5085,13.14,26.02,20.87,31.4,133.28,33.365,55.07,219.99,31.14,18.46,1.02,17.63,12.74,425.43,3571.36,1.795,67.5,7,0
2025-12-26 22:00:00,0.4882,12.14,24.2,19.37,27.47,132.523,33.411,53.17,210.89,26.23,21.11,0.8,13.85,13.38,392.99,3516.96,1.333,19.9,7,0
2025-12-26 23:00:00,0.4433,11.89,22.23,18.09,25.57,130.817,33.128,48.91,193.14,26.77,18.0,0.84,18.41,14.34,417.32,3500.99,1.288,40.0,7,0
2025-12-27 00:00:00,0.3515,11.6,18.73,15.88,21.59,130.83,32.473,38.78,156.24,30.93,19.37,1.03,12.17,10.69,393.72,3523.26,1.449,49.9,7,0
2025-12-27 01:00:00,0.4489,9.29,19.84,15.62,24.0,131.351,33.097,49.33,195.76,31.6,19.4,0.9,16.21,14.29,392.0,3499.68,1.232,99.1,7,0
2025-12-27 02:00:00,0.3923,8.41,16.91,13.51,20.17,133.038,33.147,42.56,170.82,26.74,17.32,0.72,13.25,13.25,406.03,3536.61,1.549,57.4,7,0
2025-12-27 03:00:00,0.369,6.61,14.32,11.24,16.88,132.588,33.331,40.17,159.79,31.24,21.37,0.94,13.75,11.74,380.71,3484.71,1.354,41.4,7,0
2025-12-27 04:00:00,0.4319,4.95,14.87,10.9,18.62,133.072,33.377,46.85,186.79,25.52,19.59,0.61,15.15,10.66,410.16,3478.02,1.435,230.5,7,0
2025-12-27 05:00:00,0.4188,5.08,14.52,10.75,18.6,132.007,33.24,45.79,181.85,31.94,22.65,0.62,14.23,12.32,398.15,3359.85,1.454,56.9,7,0
2025-12-27 06:00:00,0.435,3.21,13.24,9.23,16.8,131.862,32.845,47.61,191.16,27.41,19.56,0.62,9.31,12.45,391.93,3610.48,1.367,127.3,7,0
2025-12-27 07:00:00,0.4814,3.65,15.45,10.73,17.92,131.177,32.728,52.97,212.33,30.31,19.24,1.5,16.26,12.54,388.71,3408.25,1.578,27.8,7,0
2025-12-27 08:00:00,0.4478,3.12,13.63,9.43,16.62,132.231,33.141,48.88,195.04,29.8,18.24,1.12,16.59,11.08,429.76,3630.53,1.521,59.5,7,0
2025-12-27 09:00:00,0.5177,2.96,16.21,10.91,21.32,131.871,32.791,56.66,227.86,33.55,20.13,1.18,14.71,12.94,399.68,3481.91,1.536,27.9,7,0
2025-12-27 10:00:00,0.5821,3.44,19.42,13.03,24.68,131.845,33.389,63.72,251.62,30.79,20.14,1.01,14.55,11.42,399.05,3598.7,1.264,93.6,7,0
2025-12-27 11:00:00,0.5522,4.05,18.74,12.87,25.22,133.068,32.55,59.89,244.85,28.27,21.53,1.16,14.29,13.85,413.29,3584.67,1.424,74.6,7,0
2025-12-27 12:00:00,0.5354,3.95,17.93,12.34,22.75,131.917,33.15,58.58,233.12,31.14,20.18,1.36,11.61,14.59,387.57,3578.27,1.451,88.9,7,0
2025-12-27 13:00:00,0.5344,7.18,21.12,15.55,26.05,132.878,33.084,58.04,233.13,36.49,24.24,1.13,11.4,10.81,417.21,3505.01,1.728,12.6,7,0
2025-12-27 14:00:00,0.5344,8.32,22.27,16.69,28.02,130.952,32.945,58.9,234.11,32.29,20.96,1.5,16.64,12.11,399.66,3405.73,1.255,96.5,7,0
2025-12-27 15:00:00,0.5306,10.24,24.02,18.51,28.66,133.774,32.756,57.25,233.79,29.89,18.08,0.99,17.16,13.48,379.44,3486.74,1.37,7.2,7,0
2025-12-27 16:00:00,0.5133,10.06,23.14,17.91,27.76,131.754,32.456,56.24,228.3,27.56,17.91,1.18,16.23,12.44,392.24,3476.14,1.619,39.9,7,0
2025-12-27 17:00:00,0.5346,13.52,27.47,21.89,33.05,132.467,32.86,58.25,234.81,28.22,21.12,1.21,15.79,10.0,383.77,3493.13,1.326,10.1,7,0
2025-12-27 18:00:00,0.4346,12.04,22.06,18.05,24.09,132.572,32.864,47.31,190.86,32.11,18.01,0.72,16.6,13.32,401.41,3403.09,1.319,91.2,7,0
2025-12-27 19:00:00,0.4904,12.05,24.2,19.34,28.06,131.672,33.293,53.76,212.62,27.41,21.24,1.02,16.46,11.12,388.29,3478.4,1.696,3.6,7,0
2025-12-27 20:00:00,0.4312,12.1,21.99,18.03,25.81,132.541,32.793,46.96,189.78,30.07,21.84,0.45,13.46,12.33,386.64,3267.49,1.47,3.2,7,0
2025-12-27 21:00:00,0.4334,11.19,21.16,17.17,24.41,132.575,33.12,47.18,188.87,34.38,21.89,0.96,15.48,10.53,404.58,3477.28,1.545,51.2,7,0
2025-12-27 22:00:00,0.3707,13.96,21.72,18.62,25.23,131.529,32.659,40.68,163.82,30.52,18.31,0.92,14.44,13.22,400.85,3511.37,1.494,8.9,7,0
2025-12-27 23:00:00,0.4308,13.0,22.88,18.93,24.77,131.537,33.127,47.27,187.71,26.83,21.89,0.9,14.47,11.39,418.33,3438.75,1.433,81.5,7,0
2025-12-28 00:00:00,0.4206,11.22,20.73,16.92,22.38,132.03,32.409,45.98,187.31,36.6,20.69,0.88,17.31,13.38,417.67,3479.7,1.424,71.5,7,0
2025-12-28 01:00:00,0.4091,8.52,17.61,13.97,21.07,131.924,33.553,44.76,175.98,35.35,18.83,1.16,18.18,11.7,401.12,3514.31,1.538,78.4,7,0
2025-12-28 02:00:00,0.3378,9.93,16.62,13.95,19.26,132.919,32.963,36.68,147.9,31.57,19.73,0.74,10.34,11.3,407.69,3582.33,1.242,11.7,7,0
2025-12-28 03:00:00,0.4166,6.47,15.84,12.09,18.63,132.464,32.262,45.39,186.37,33.89,20.99,1.56,14.52,12.64,379.08,3585.68,1.668,85.8,7,0
2025-12-28 04:00:00,0.4173,5.35,14.74,10.98,18.02,131.954,32.811,45.65,183.6,29.26,18.7,1.17,14.42,10.41,410.64,3525.74,1.329,10.3,7,0
2025-12-28 05:00:00,0.3746,6.02,13.92,10.76,16.9,132.4,32.769,40.84,165.02,32.24,20.65,0.76,17.36,14.72,406.36,3498.96,1.541,156.8,7,0
2025-12-28 06:00:00,0.4426,4.45,14.76,10.64,17.44,130.649,32.827,48.89,194.6,28.79,22.94,1.2,12.13,12.3,414.51,3529.73,1.497,91.8,7,0
2025-12-28 07:00:00,0.4762,5.49,17.09,12.45,20.38,131.594,32.904,52.24,208.91,26.0,21.98,1.3,9.05,11.18,395.6,3645.31,1.356,11.5,7,0
2025-12-28 08:00:00,0.504,3.37,16.07,10.99,20.54,132.19,32.825,55.03,221.61,37.84,20.21,1.11,16.67,11.43,395.73,3541.43,1.525,4.8,7,0
2025-12-28 09:00:00,0.5131,2.89,15.96,10.73,21.16,132.736,32.784,55.8,225.91,25.85,20.52,0.7,16.96,12.05,395.83,3522.16,1.476,22.8,7,0
2025-12-28 10:00:00,0.5341,3.18,17.11,11.54,21.03,132.132,32.694,58.35,235.81,30.96,18.97,1.67,11.46,13.52,421.72,3587.15,1.202,40.9,7,0
2025-12-28 11:00:00,0.5831,2.74,18.77,12.36,24.39,132.962,33.217,63.3,253.39,30.92,19.03,1.2,14.78,10.68,404.44,3505.16,1.479,34.9,7,0
2025-12-28 12:00:00,0.5842,5.34,21.42,14.99,27.03,132.573,33.317,63.6,253.09,31.61,16.97,0.63,18.09,11.47,377.76,3433.05,1.305,26.8,7,0
2025-12-28 13:00:00,0.4643,7.97,19.11,14.65,23.1,131.678,32.933,50.89,203.49,29.8,20.55,1.07,12.88,11.95,409.86,3538.05,1.508,111.6,7,0
2025-12-28 14:00:00,0.5379,8.72,22.81,17.17,27.72,131.908,32.995,58.86,235.3,29.83,21.41,0.94,15.24,14.34,393.25,3514.95,1.448,24.7,7,0
2025-12-28 15:00:00,0.534,9.44,23.36,17.79,27.77,132.27,32.703,58.27,235.68,30.48,19.91,1.01,16.05,13.52,416.47,3483.83,1.599,0.8,7,0
2025-12-28 16:00:00,0.4728,9.63,21.09,16.5,25.89,131.704,33.019,51.82,206.7,31.51,18.29,0.65,12.18,14.41,408.28,3544.82,1.332,40.3,7,0
2025-12-28 17:00:00,0.5106,11.88,24.85,19.66,28.85,133.011,33.061,55.41,222.93,30.06,20.18,1.02,13.91,12.07,418.8,3356.32,1.261,61.0,7,0
2025-12-28 18:00:00,0.5248,13.46,27.01,21.59,31.46,131.268,32.942,57.7,229.93,29.86,22.73,0.75,11.65,14.17,415.78,3458.07,1.301,15.8,7,0
2025-12-28 19:00:00,0.4327,13.38,23.33,19.35,25.24,132.209,33.105,47.24,188.66,26.1,21.85,0.9,14.7,13.93,414.26,3431.03,1.719,223.4,7,0
2025-12-28 20:00:00,0.4534,13.29,24.01,19.72,26.93,132.485,33.081,49.4,197.82,36.11,19.99,1.12,13.45,13.07,417.22,3439.34,1.881,142.7,7,0
2025-12-28 21:00:00,0.3953,12.15,20.76,17.32,23.83,131.793,32.722,43.3,174.38,31.67,24.14,0.86,15.45,13.19,412.42,3489.01,1.698,33.1,7,0
2025-12-28 22:00:00,0.385,13.32,21.57,18.27,24.35,131.644,33.315,42.22,166.82,30.69,25.45,0.92,16.3,11.13,389.79,3428.52,1.162,123.2,7,0
2025-12-28 23:00:00,0.436,8.52,18.59,14.57,22.3,131.95,32.945,47.7,191.02,28.19,19.09,1.25,17.81,14.77,383.05,3635.48,1.211,79.3,7,0
2025-12-29 00:00:00,0.4354,11.03,21.08,17.06,24.74,132.536,33.442,47.42,187.92,27.06,19.56,0.74,19.7,11.66,387.75,3537.46,1.258,70.0,7,0
2025-12-29 01:00:00,0.4621,12.02,23.07,18.65,28.37,131.67,33.111,50.66,201.46,32.65,21.44,0.81,15.45,12.86,411.16,3437.78,1.547,40.6,7,0
2025-12-29 02:00:00,0.3955,6.64,15.26,11.81,17.32,131.295,33.52,43.48,170.32,29.59,18.22,0.63,14.4,13.04,366.85,3362.09,1.714,18.2,7,0
2025-12-29 03:00:00,0.5175,6.62,19.86,14.56,23.12,132.759,33.31,56.27,224.26,31.93,21.75,0.76,14.28,9.97,399.97,3454.65,1.594,66.8,7,0
2025-12-29 04:00:00,0.4956,5.64,18.01,13.06,21.34,132.264,33.06,54.09,216.4,26.01,20.25,1.04,13.1,11.95,396.21,3474.95,1.476,10.9,7,0
2025-12-29 05:00:00,0.4928,4.15,16.4,11.5,19.97,132.665,32.809,53.62,216.8,34.71,20.79,1.2,15.93,12.33,418.56,3450.54,1.308,18.0,7,0
2025-12-29 06:00:00,0.5397,4.86,19.02,13.36,23.19,132.501,32.815,58.79,237.37,32.77,18.9,0.76,14.04,11.85,398.44,3704.73,1.427,89.1,7,0
2025-12-29 07:00:00,0.506,3.79,16.57,11.46,21.0,133.439,33.141,54.73,220.37,29.82,18.47,1.19,16.07,11.97,394.67,3369.0,1.466,57.7,7,0
2025-12-29 08:00:00,0.6096,3.3,20.52,13.63,27.84,132.736,33.038,66.29,266.34,31.47,16.08,1.03,13.17,14.26,419.94,3505.42,1.637,71.9,7,0
2025-12-29 09:00:00,0.5886,4.12,20.39,13.88,27.51,131.522,32.844,64.59,258.65,32.29,23.02,0.59,14.1,10.78,398.82,3490.94,1.419,26.7,7,0
2025-12-29 10:00:00,0.6129,3.84,21.2,14.25,27.99,132.31,33.22,66.86,266.29,26.06,21.93,1.06,15.9,10.12,396.4,3481.41,1.567,47.5,7,0
2025-12-29 11:00:00,0.6201,7.8,25.49,18.41,33.74,131.632,33.01,68.0,271.15,35.1,21.4,1.36,14.78,11.15,392.86,3346.19,1.551,57.6,7,0
2025-12-29 12:00:00,0.6275,5.8,23.83,16.62,30.24,131.7,33.221,68.77,272.61,31.52,20.75,0.44,11.19,13.14,404.49,3497.92,1.529,44.3,7,0
2025-12-29 13:00:00,0.6691,7.05,27.03,19.04,33.34,131.068,32.742,73.69,294.97,27.95,15.44,1.6,15.0,13.29,395.23,3515.77,1.475,177.5,7,0
2025-12-29 14:00:00,0.6525,6.44,25.64,17.96,33.72,131.811,33.264,71.46,283.15,26.78,18.55,0.82,13.43,12.93,395.28,3558.12,1.544,13.4,7,0
2025-12-29 15:00:00,0.6544,8.9,28.19,20.47,34.0,132.36,33.132,71.37,285.1,33.03,19.54,0.51,17.4,13.39,421.95,3540.0,1.513,27.8,7,0
2025-12-29 16:00:00,0.6187,11.8,29.43,22.38,35.33,131.956,33.316,67.68,268.05,30.7,17.89,1.04,16.98,12.41,400.93,3598.8,1.392,18.2,7,0
2025-12-29 17:00:00,0.6137,10.35,27.75,20.79,34.57,131.274,33.258,67.47,266.33,31.52,16.66,1.25,10.47,11.25,393.48,3337.65,1.64,46.1,7,0
2025-12-29 18:00:00,0.5616,10.32,25.42,19.38,30.7,130.995,32.978,61.88,245.8,30.15,18.1,0.92,16.64,10.61,385.28,3482.55,1.717,70.6,7,0
2025-12-29 19:00:00,0.6152,13.01,30.48,23.49,36.76,133.394,32.956,66.56,269.42,27.06,20.15,1.1,15.81,10.13,403.18,3701.71,1.533,67.6,7,0
2025-12-29 20:00:00,0.4754,14.52,26.08,21.46,28.98,132.215,33.471,51.89,204.99,31.59,20.15,1.64,12.07,11.68,391.81,3586.16,1.431,55.0,7,0
2025-12-29 21:00:00,0.5361,13.02,27.04,21.43,31.92,131.456,32.923,58.86,235.03,29.47,21.87,1.07,16.79,13.21,394.68,3385.07,1.582,38.1,7,0
2025-12-29 22:00:00,0.5186,12.15,25.44,20.12,30.81,132.305,33.198,56.58,225.48,30.0,24.18,1.9,12.47,12.38,387.43,3508.4,1.487,112.7,7,0
2025-12-29 23:00:00,0.4361,9.83,19.9,15.87,23.15,133.445,32.899,47.17,191.33,37.2,21.42,1.38,17.32,12.06,403.16,3417.56,1.589,24.6,7,0
2025-12-30 00:00:00,0.5194,11.14,24.46,19.13,28.38,132.41,32.508,56.62,230.62,32.67,19.7,1.02,13.74,10.44,380.65,3466.83,1.476,22.0,7,0
2025-12-30 01:00:00,0.479,10.14,21.85,17.16,24.75,130.161,32.676,53.12,211.59,32.85,23.65,1.09,12.0,15.89,406.38,3661.33,1.527,127.6,7,0
2025-12-30 02:00:00,0.4817,6.4,18.21,13.49,21.51,133.751,33.107,51.98,210.0,38.23,16.89,0.91,19.28,10.79,392.01,3578.03,1.701,49.1,7,0
2025-12-30 03:00:00,0.4634,8.03,19.13,14.69,23.09,130.779,33.185,51.14,201.54,31.22,15.89,1.08,11.94,12.21,410.95,3379.76,1.622,41.8,7,0
2025-12-30 04:00:00,0.4719,6.45,17.88,13.31,21.94,131.864,33.108,51.66,205.73,30.43,18.28,1.17,13.42,13.53,407.48,3440.14,1.412,86.8,7,0
2025-12-30 05:00:00,0.4929,5.78,18.03,13.13,21.52,131.252,33.303,54.2,213.61,28.03,21.68,0.88,13.81,12.09,401.76,3501.42,1.609,27.2,7,0
2025-12-30 06:00:00,0.535,4.44,18.41,12.82,21.5,131.512,33.103,58.71,233.26,28.71,20.39,0.59,14.12,10.82,412.9,3480.21,1.307,49.4,7,0
2025-12-30 07:00:00,0.5912,4.01,20.4,13.84,26.68,132.188,32.795,64.55,260.19,23.93,17.79,1.4,16.43,13.24,423.56,3526.42,1.465,37.2,7,0
2025-12-30 08:00:00,0.5805,3.71,19.62,13.26,24.63,130.633,33.157,64.14,252.68,32.44,18.6,1.3,15.15,10.02,419.23,3439.41,1.615,0.5,7,0
2025-12-30 09:00:00,0.5718,4.23,19.76,13.55,25.87,131.94,33.045,62.55,249.76,26.27,17.57,0.58,17.04,14.64,380.54,3472.06,1.715,28.7,7,0
2025-12-30 10:00:00,0.6446,2.04,20.86,13.33,27.32,132.757,32.848,70.08,283.24,32.78,17.57,1.05,15.78,12.45,391.12,3438.48,1.41,3.6,7,0
2025-12-30 11:00:00,0.6634,3.15,22.86,14.97,29.55,131.443,33.125,72.85,289.06,29.94,23.15,1.31,11.69,11.65,392.96,3471.95,1.528,9.9,7,0
2025-12-30 12:00:00,0.6654,4.95,24.75,16.83,32.4,131.082,33.021,73.27,290.84,30.45,19.76,1.28,16.13,9.9,409.78,3557.68,1.533,62.4,7,0
2025-12-30 13:00:00,0.6715,6.76,26.86,18.82,36.41,131.908,32.84,73.48,295.14,29.94,23.59,0.8,15.5,10.3,392.37,3525.1,1.522,19.9,7,0
2025-12-30 14:00:00,0.6376,8.57,27.07,19.67,34.58,131.777,32.953,69.84,279.28,34.23,18.27,1.3,13.78,11.95,391.78,3445.26,1.336,24.6,7,0
2025-12-30 15:00:00,0.6079,9.81,26.94,20.09,33.33,131.607,33.373,66.67,262.9,33.7,21.03,1.01,19.18,14.86,389.19,3591.95,1.579,3.6,7,0
2025-12-30 16:00:00,0.5938,11.8,28.31,21.71,34.59,131.216,33.365,65.32,256.88,29.98,20.51,1.12,16.25,12.38,404.69,3586.47,1.306,91.0,7,0
2025-12-30 17:00:00,0.5501,12.87,27.47,21.63,31.22,132.343,33.05,59.99,240.23,27.37,21.81,0.73,16.92,12.55,409.73,3501.28,1.646,44.5,7,0
2025-12-30 18:00:00,0.5821,11.64,27.63,21.24,32.5,132.393,33.015,63.47,254.5,32.84,20.56,0.0,16.99,12.6,382.03,3480.73,1.694,23.5,7,0
2025-12-30 19:00:00,0.5466,13.25,27.71,21.93,30.78,131.297,32.622,60.09,241.86,27.14,22.02,0.77,14.19,15.57,392.49,3642.38,1.378,9.6,7,0
2025-12-30 20:00:00,0.5101,12.34,25.28,20.1,31.09,131.388,33.454,56.03,220.07,25.4,21.16,1.16,16.3,11.36,371.78,3629.93,1.265,27.4,7,0
2025-12-30 21:00:00,0.4105,12.83,21.97,18.31,26.06,132.09,33.274,44.85,178.06,31.56,17.87,0.94,15.67,14.37,364.33,3380.18,1.4,17.6,7,0
2025-12-30 22:00:00,0.441,12.84,23.09,18.99,26.71,131.363,33.199,48.46,191.74,33.72,21.52,1.2,13.92,11.43,407.48,3596.92,1.343,65.6,7,0
2025-12-30 23:00:00,0.4962,8.31,20.69,15.74,24.99,132.118,32.399,54.21,221.04,28.85,19.85,1.34,12.59,10.97,404.94,3639.28,1.417,119.4,7,0
2025-12-31 00:00:00,0.4335,13.14,23.11,19.12,25.06,132.969,33.011,47.05,189.53,31.28,18.5,0.9,15.08,11.91,402.79,3553.91,1.43,3.9,7,0
2025-12-31 01:00:00,0.4608,10.08,21.09,16.69,24.52,131.961,32.966,50.4,201.76,28.82,21.44,0.87,16.21,11.9,424.01,3464.02,1.291,34.5,7,0
2025-12-31 02:00:00,0.4117,7.63,16.81,13.14,21.13,131.199,33.18,45.29,179.09,32.23,21.89,0.35,15.07,12.87,375.07,3473.72,1.655,90.7,7,0
2025-12-31 03:00:00,0.5066,8.86,21.66,16.54,26.12,132.259,32.881,55.28,222.36,33.35,19.08,0.54,14.67,8.54,369.01,3638.23,1.357,14.3,7,0
2025-12-31 04:00:00,0.475,5.38,16.92,12.3,20.31,131.883,32.939,51.98,208.13,29.28,19.35,0.6,15.09,12.25,383.36,3568.21,1.578,51.0,7,0
2025-12-31 05:00:00,0.5087,4.82,17.71,12.55,20.7,131.901,33.164,55.67,221.4,26.99,17.28,1.17,14.46,11.13,368.41,3545.16,1.321,8.3,7,0
2025-12-31 06:00:00,0.5939,3.41,19.92,13.31,27.02,132.314,32.796,64.79,261.38,25.7,16.44,0.91,18.13,10.94,391.01,3688.0,1.506,14.2,7,0
2025-12-31 07:00:00,0.5955,5.05,21.63,14.99,27.6,132.456,32.848,64.89,261.66,32.85,19.57,0.84,15.58,10.08,408.95,3420.77,1.565,70.2,7,0
2025-12-31 08:00:00,0.5667,3.12,18.43,12.31,22.49,132.023,33.051,61.95,247.48,26.66,21.64,0.81,14.06,11.48,404.66,3494.12,1.504,70.2,7,0
2025-12-31 09:00:00,0.5822,3.54,19.54,13.14,24.56,131.96,33.353,63.68,251.95,31.19,18.91,0.77,11.42,11.25,415.62,3516.58,1.453,17.2,7,0
2025-12-31 10:00:00,0.6109,5.1,22.37,15.46,27.69,133.362,33.213,66.12,265.5,32.4,22.91,1.28,14.64,11.39,405.77,3484.46,1.432,5.3,7,0
2025-12-31 11:00:00,0.6519,5.27,24.44,16.77,31.56,132.792,33.284,70.86,282.7,28.57,19.64,1.03,13.88,9.57,394.15,3354.16,1.465,59.5,7,0
2025-12-31 12:00:00,0.6434,5.67,24.44,16.93,31.64,132.55,33.017,70.07,281.29,29.57,19.65,1.3,13.81,12.17,392.32,3581.7,1.42,6.8,7,0
2025-12-31 13:00:00,0.6381,8.04,26.56,19.15,33.08,132.087,33.395,69.73,275.82,33.07,19.47,0.35,16.92,10.84,406.77,3441.29,1.569,50.1,7,0
2025-12-31 14:00:00,0.6906,10.76,31.78,23.37,40.51,131.336,32.54,75.9,306.33,27.64,22.02,1.16,15.19,9.57,377.26,3439.86,1.82,51.7,7,0
2025-12-31 15:00:00,0.6332,9.84,28.13,20.81,35.0,132.744,33.534,68.85,272.53,27.34,18.13,0.86,11.67,11.2,352.54,3472.67,1.57,81.0,7,0
2025-12-31 16:00:00,0.6897,10.84,31.81,23.42,40.75,132.095,33.568,75.36,296.56,29.37,19.79,0.92,16.27,10.87,406.06,3482.98,1.634,55.9,7,0
2025-12-31 17:00:00,0.6027,11.93,28.83,22.07,34.72,131.619,33.121,66.1,262.66,33.9,18.96,1.41,11.87,12.09,403.72,3491.67,1.664,72.7,7,0
2025-12-31 18:00:00,0.6294,13.86,31.98,24.74,41.15,131.84,33.22,68.91,273.49,34.9,18.93,0.89,16.42,11.18,423.75,3578.49,1.447,141.2,7,0
2025-12-31 19:00:00,0.5607,12.45,27.51,21.49,32.41,131.362,32.99,61.61,245.33,29.77,20.12,1.15,14.08,9.85,410.66,3594.91,1.21,35.5,7,0
2025-12-31 20:00:00,0.553,12.95,27.67,21.78,32.15,132.698,32.945,60.15,242.28,27.93,19.83,0.7,15.21,10.69,404.85,3480.65,1.477,30.7,7,0
2025-12-31 21:00:00,0.4783,11.52,23.19,18.52,26.26,132.451,32.839,52.12,210.21,33.26,22.16,1.01,14.99,9.44,395.53,3453.55,1.567,94.1,7,0
2025-12-31 22:00:00,0.4537,11.37,22.1,17.81,25.43,132.12,32.987,49.56,198.51,25.06,20.03,0.53,14.74,13.73,388.04,3491.13,1.728,67.4,7,0
2025-12-31 23:00:00,0.4772,11.24,22.87,18.22,25.37,131.972,33.147,52.19,207.79,30.81,21.16,0.99,15.45,13.97,396.01,3429.91,1.292,3.4,7,0
2026-01-01 00:00:00,0.4839,10.71,22.61,17.85,26.82,131.551,33.111,53.1,210.95,29.94,20.4,1.12,15.2,14.15,414.54,3499.13,1.607,5.2,7,0
2026-01-01 01:00:00,0.4521,11.33,22.0,17.73,23.95,130.594,33.524,49.96,194.64,33.95,22.86,1.34,18.77,11.14,407.17,3425.71,1.465,67.7,7,0
2026-01-01 02:00:00,0.4157,8.8,18.13,14.4,21.2,131.067,33.026,45.78,181.67,34.26,19.45,0.76,15.48,13.97,414.22,3671.58,1.35,83.6,7,0
2026-01-01 03:00:00,0.4235,6.06,15.67,11.82,17.64,131.51,32.607,46.48,187.44,27.24,19.45,0.84,15.53,12.64,401.81,3511.64,1.255,17.8,7,0
2026-01-01 04:00:00,0.4373,5.04,15.16,11.11,18.1,131.411,33.434,48.04,188.8,30.57,21.54,0.81,13.62,10.79,386.72,3458.38,1.331,46.8,7,0
2026-01-01 05:00:00,0.4478,6.11,16.61,12.41,20.51,132.191,32.678,48.9,197.81,28.36,19.42,0.93,15.8,11.08,417.62,3557.88,1.51,58.7,7,0
2026-01-01 06:00:00,0.5283,5.06,18.75,13.28,25.34,132.536,32.852,57.53,232.09,29.19,21.05,0.71,12.99,11.77,416.26,3402.84,1.648,127.7,7,0
2026-01-01 07:00:00,0.5846,3.46,19.56,13.12,24.51,131.915,33.072,63.97,255.15,31.92,24.73,0.36,17.34,12.18,402.99,3444.48,1.084,84.2,7,0
2026-01-01 08:00:00,0.5763,2.82,18.56,12.26,24.09,132.93,33.11,62.58,251.24,29.07,18.09,0.69,12.07,12.57,408.55,3535.31,1.565,16.2,7,0
2026-01-01 09:00:00,0.533,4.56,18.45,12.89,22.7,131.483,32.618,58.52,235.88,30.65,23.12,0.99,13.35,12.02,407.73,3512.24,1.38,1.4,7,0
2026-01-01 10:00:00,0.6158,2.94,20.44,13.44,26.19,131.911,32.803,67.39,270.98,32.94,19.07,0.96,11.78,11.5,393.19,3585.31,1.436,60.9,7,0
2026-01-01 11:00:00,0.6326,5.12,23.39,16.08,29.62,131.966,32.609,69.19,280.0,34.62,22.73,1.17,15.87,14.05,396.31,3283.04,1.579,67.3,7,0
2026-01-01 12:00:00,0.7103,8.04,30.02,21.23,39.26,132.721,33.164,77.25,309.15,30.94,21.43,1.26,14.19,11.86,386.57,3566.86,1.843,73.5,7,0
2026-01-01 13:00:00,0.6071,7.18,24.28,17.44,30.16,132.07,33.312,66.35,263.07,30.42,21.25,0.87,16.41,11.77,396.26,3457.95,1.396,4.4,7,0
2026-01-01 14:00:00,0.6357,7.49,25.9,18.54,34.57,132.088,32.677,69.47,280.81,26.75,19.75,0.53,13.08,11.7,415.67,3407.8,1.504,2.9,7,0
2026-01-01 15:00:00,0.6886,9.97,30.89,22.52,39.29,130.908,33.263,75.93,298.82,34.83,19.55,1.12,16.1,11.86,412.83,3363.57,1.308,49.4,7,0
2026-01-01 16:00:00,0.6351,10.3,28.67,21.32,34.72,131.406,33.246,69.76,275.72,31.56,18.61,1.0,16.2,9.98,408.59,3456.96,1.583,14.5,7,0
2026-01-01 17:00:00,0.6178,10.41,27.99,20.96,34.18,132.723,32.826,67.18,271.63,30.48,20.07,0.93,15.46,10.52,414.6,3628.62,1.405,110.9,7,0
2026-01-01 18:00:00,0.5802,13.3,29.2,22.84,34.28,130.63,32.477,64.11,257.85,30.33,19.69,1.37,15.1,15.7,394.73,3578.95,1.726,81.2,7,0
2026-01-01 19:00:00,0.5608,14.21,29.27,23.25,35.26,132.886,32.717,60.91,247.39,31.15,20.44,1.14,15.31,9.55,382.61,3632.17,1.534,34.3,7,0
2026-01-01 20:00:00,0.5483,12.95,27.48,21.67,31.28,132.33,32.843,59.81,240.97,32.39,17.23,1.04,13.21,12.43,397.86,3492.32,1.432,25.6,7,0
2026-01-01 21:00:00,0.4766,12.72,24.33,19.68,27.12,131.507,33.407,52.31,205.91,32.76,20.1,1.05,12.89,12.54,399.05,3509.97,1.397,196.2,7,0
2026-01-01 22:00:00,0.5065,11.63,24.43,19.31,28.32,131.451,32.969,55.61,221.74,34.9,22.58,1.26,16.12,13.55,410.35,3375.08,1.508,18.7,7,0
2026-01-01 23:00:00,0.4231,11.65,21.25,17.41,24.84,133.251,32.734,45.83,186.55,30.8,21.94,0.8,14.3,12.58,407.89,3375.07,1.515,41.3,7,0
2026-01-02 00:00:00,0.465,10.25,21.41,16.94,26.07,132.932,33.039,50.49,203.14,35.33,20.1,0.74,15.94,14.86,415.37,3489.7,1.257,31.0,7,0
2026-01-02 01:00:00,0.4571,8.59,19.45,15.11,24.11,131.921,32.658,50.01,202.02,33.24,25.18,0.93,18.14,12.39,369.99,3391.33,1.406,87.9,7,0
2026-01-02 02:00:00,0.4366,10.2,20.3,16.26,23.96,132.089,33.136,47.71,190.2,29.89,18.9,0.65,14.12,14.05,388.24,3432.85,1.418,79.6,7,0
2026-01-02 03:00:00,0.4644,7.48,18.62,14.17,22.22,131.574,32.742,50.95,204.74,25.07,19.88,0.99,13.84,13.59,398.84,3504.89,1.464,96.9,7,0
2026-01-02 04:00:00,0.4623,6.38,17.44,13.02,21.71,132.089,32.78,50.52,203.57,30.33,17.15,1.03,14.39,14.34,407.4,3603.22,1.627,8.3,7,0
2026-01-02 05:00:00,0.4696,5.66,17.0,12.46,19.83,131.555,33.099,51.52,204.77,34.75,19.25,0.98,15.11,12.06,431.63,3502.22,1.221,138.2,7,0
2026-01-02 06:00:00,0.5152,4.75,17.9,12.64,20.94,131.948,33.462,56.36,222.24,27.75,23.63,0.9,16.26,12.62,385.56,3392.61,1.601,57.6,7,0
2026-01-02 07:00:00,0.5186,3.07,16.36,11.04,21.28,133.195,33.58,56.2,222.91,30.32,19.32,1.5,14.98,11.47,389.57,3355.69,1.514,75.9,7,0
2026-01-02 08:00:00,0.5873,3.58,19.8,13.31,24.86,131.937,32.725,64.25,259.03,30.57,17.0,1.29,19.19,12.27,393.87,3511.03,1.419,2.3,7,0
2026-01-02 09:00:00,0.5672,3.21,18.55,12.42,23.97,131.308,32.842,62.35,249.28,32.9,21.8,0.97,15.88,12.35,389.03,3451.11,1.605,49.7,7,0
2026-01-02 10:00:00,0.6438,4.42,23.2,15.69,30.34,131.098,33.136,70.88,280.43,28.91,20.83,1.03,16.6,8.91,386.89,3510.73,1.464,144.7,7,0
2026-01-02 11:00:00,0.6029,5.12,22.03,15.26,28.4,132.084,33.309,65.88,261.25,27.46,21.72,1.42,14.96,11.81,400.9,3485.1,1.23,46.0,7,0
2026-01-02 12:00:00,0.6313,5.43,23.63,16.35,31.16,131.498,32.429,69.3,281.0,31.78,19.46,0.83,17.06,13.36,414.97,3495.8,1.001,43.5,7,0
2026-01-02 13:00:00,0.633,5.69,23.97,16.66,31.45,132.163,33.023,69.13,276.66,27.84,18.04,0.71,14.63,10.0,402.01,3597.57,1.334,86.9,7,0
2026-01-02 14:00:00,0.6881,8.46,29.35,20.99,37.55,130.931,32.871,75.85,302.13,24.57,19.69,1.07,13.75,10.55,387.32,3585.73,1.462,2.1,7,0
2026-01-02 15:00:00,0.6482,9.4,28.39,20.8,35.18,132.456,32.492,70.64,287.96,35.59,21.16,1.13,16.85,13.76,397.27,3530.95,1.55,164.7,7,0
2026-01-02 16:00:00,0.6161,8.92,26.43,19.42,32.97,131.3,32.647,67.73,272.38,32.85,19.91,1.15,14.92,14.04,384.64,3429.83,1.598,104.1,7,0
2026-01-02 17:00:00,0.6167,12.35,29.89,22.87,35.88,132.031,32.85,67.42,270.96,35.72,20.83,1.25,15.53,11.1,414.96,3457.34,1.47,80.6,7,0
2026-01-02 18:00:00,0.5144,13.61,26.72,21.48,31.06,131.777,33.016,56.34,224.88,32.69,18.98,0.78,17.0,12.29,422.28,3562.51,1.246,29.1,7,0
2026-01-02 19:00:00,0.5504,15.67,30.29,24.44,37.53,133.134,33.266,59.67,238.82,32.11,20.9,0.58,15.31,11.91,376.29,3605.56,1.418,42.0,7,0
2026-01-02 20:00:00,0.5858,12.92,29.07,22.61,35.05,132.113,33.094,64.0,255.48,31.18,20.05,0.83,14.74,13.79,403.65,3399.55,1.46,16.4,7,0
2026-01-02 21:00:00,0.5057,12.6,25.37,20.26,30.07,133.284,33.25,54.76,219.52,29.51,18.64,1.18,13.97,11.23,388.54,3623.65,1.713,29.3,7,0
2026-01-02 22:00:00,0.483,11.53,23.39,18.65,26.8,132.37,33.007,52.67,211.23,31.61,20.33,0.73,17.16,11.46,401.16,3439.07,1.525,11.9,7,0
2026-01-02 23:00:00,0.4816,12.05,23.86,19.14,28.62,132.941,32.814,52.28,211.82,28.41,19.28,0.42,14.35,14.04,398.93,3554.95,1.192,17.1,7,0
2026-01-03 00:00:00,0.4145,11.06,20.35,16.63,23.87,131.862,32.951,45.37,181.55,26.86,21.29,1.05,14.93,10.52,380.1,3725.54,1.36,22.9,7,0
2026-01-03 01:00:00,0.3248,8.84,15.13,12.61,17.53,132.228,33.184,35.45,141.26,29.08,21.8,0.83,15.61,11.28,418.35,3374.28,1.467,23.2,7,0
2026-01-03 02:00:00,0.3371,8.18,14.86,12.19,16.96,132.804,33.273,36.64,146.24,33.95,21.06,0.49,15.6,12.23,397.94,3541.87,1.372,26.3,7,0
2026-01-03 03:00:00,0.4024,5.09,13.94,10.4,17.52,132.597,32.961,43.8,176.21,26.38,16.78,1.03,17.06,14.31,393.17,3476.34,1.158,3.7,7,0
2026-01-03 04:00:00,0.3881,6.79,15.14,11.8,18.72,132.35,32.755,42.33,171.04,26.42,18.13,0.89,14.9,10.24,401.96,3537.23,1.517,4.8,7,0
2026-01-03 05:00:00,0.4666,4.05,15.27,10.79,19.2,131.784,33.089,51.1,203.52,31.85,18.78,1.51,17.79,10.96,387.16,3451.94,1.488,44.2,7,0
2026-01-03 06:00:00,0.4382,3.99,14.15,10.09,17.32,131.895,33.126,47.96,190.95,28.83,18.46,1.03,14.54,12.92,397.46,3303.1,1.396,50.9,7,0
2026-01-03 07:00:00,0.4117,2.1,11.29,7.61,14.88,132.751,33.325,44.76,178.3,31.53,18.97,1.18,15.78,13.15,372.66,3441.15,1.285,14.6,7,0
2026-01-03 08:00:00,0.4537,2.78,13.51,9.21,16.28,132.888,32.821,49.27,199.51,33.04,21.91,1.0,14.67,12.34,364.86,3529.22,1.579,4.5,7,0
2026-01-03 09:00:00,0.4297,3.25,13.09,9.15,15.65,131.609,32.824,47.13,188.96,31.46,21.45,0.82,19.22,11.85,385.67,3609.4,1.143,47.2,7,0
2026-01-03 10:00:00,0.5228,4.02,17.48,12.09,22.08,131.509,33.2,57.38,227.28,28.18,19.21,0.86,14.34,12.22,392.23,3533.9,1.228,21.1,7,0
2026-01-03 11:00:00,0.5377,5.3,19.38,13.75,22.9,131.403,32.892,59.06,235.93,33.92,21.24,1.33,14.52,9.77,373.86,3619.28,1.359,81.1,7,0
2026-01-03 12:00:00,0.5391,7.3,21.44,15.78,27.04,132.548,32.881,58.7,236.63,32.3,20.71,1.23,15.27,12.18,392.76,3461.99,1.515,66.7,7,0
2026-01-03 13:00:00,0.5871,7.8,24.0,17.52,29.09,131.387,33.331,64.49,254.22,30.15,19.99,0.56,14.5,14.25,392.21,3455.48,1.289,30.0,7,0
2026-01-03 14:00:00,0.5878,9.32,25.56,19.06,31.05,132.54,32.638,64.01,259.93,30.01,22.35,0.63,15.67,10.05,399.3,3528.91,1.412,168.6,7,0
2026-01-03 15:00:00,0.5382,11.1,25.2,19.56,29.96,132.36,33.543,58.69,231.59,31.2,18.73,0.65,17.49,10.85,409.43,3471.46,1.418,5.3,7,0
2026-01-03 16:00:00,0.4658,11.43,22.62,18.14,26.34,131.64,32.838,51.07,204.72,29.14,20.16,1.32,15.33,11.43,425.9,3591.27,1.484,21.8,7,0
2026-01-03 17:00:00,0.5307,11.86,25.65,20.13,30.16,133.032,33.229,57.58,230.53,25.18,17.95,0.48,15.41,11.53,406.64,3389.02,1.424,63.2,7,0
2026-01-03 18:00:00,0.5084,13.7,26.57,21.42,30.91,131.035,32.971,56.0,222.54,32.32,18.05,1.24,14.58,14.79,385.46,3570.48,1.413,4.3,7,0
2026-01-03 19:00:00,0.479,14.26,25.96,21.28,29.82,133.095,33.072,51.94,209.04,32.15,17.33,1.12,14.03,10.63,410.22,3598.11,1.334,7.1,7,0
2026-01-03 20:00:00,0.4771,14.01,25.64,20.99,29.15,132.21,32.931,52.09,209.13,23.17,18.08,1.05,15.23,10.33,421.23,3530.68,1.602,55.2,7,0
2026-01-03 21:00:00,0.3922,11.73,20.24,16.83,22.23,130.632,33.226,43.34,170.4,31.61,20.22,0.86,15.05,13.18,383.42,3574.49,1.495,67.4,7,0
2026-01-03 22:00:00,0.4699,11.85,23.2,18.66,27.81,133.051,32.908,50.97,206.08,35.34,19.45,1.36,17.38,11.06,384.25,3449.54,1.528,22.9,7,0
2026-01-03 23:00:00,0.3673,11.62,19.27,16.21,19.88,132.642,32.849,39.97,161.39,26.69,19.52,1.04,13.12,13.21,378.9,3434.96,1.267,12.5,7,0
2026-01-04 00:00:00,0.4108,11.69,20.84,17.18,23.55,131.717,33.479,45.02,177.11,29.85,19.46,0.57,17.95,11.73,391.75,3529.65,1.329,10.7,7,0
2026-01-04 01:00:00,0.3348,9.68,16.28,13.64,17.81,131.363,33.008,36.79,146.4,29.53,23.6,0.64,14.74,12.72,405.82,3443.7,1.439,63.3,7,0
2026-01-04 02:00:00,0.3604,9.55,16.97,14.0,19.52,130.964,32.822,39.72,158.5,35.05,17.78,0.51,15.33,9.68,422.47,3525.51,1.292,153.1,7,0
2026-01-04 03:00:00,0.4423,8.43,18.73,14.61,20.9,133.594,32.607,47.79,195.79,33.44,17.57,1.36,12.91,12.71,413.6,3525.6,1.282,21.0,7,0
2026-01-04 04:00:00,0.4025,7.11,15.97,12.43,18.32,131.391,33.493,44.22,173.46,27.44,18.36,1.43,16.16,12.35,406.0,3496.08,1.445,25.8,7,0
2026-01-04 05:00:00,0.4531,6.08,16.79,12.51,20.2,131.166,32.854,49.86,199.07,31.1,19.91,1.33,13.12,11.64,400.91,3524.06,1.23,23.0,7,0
2026-01-04 06:00:00,0.4555,3.04,13.84,9.52,18.23,132.177,33.544,49.74,196.01,36.98,21.08,0.96,15.78,10.18,406.09,3552.25,1.396,59.9,7,0
2026-01-04 07:00:00,0.4673,4.06,15.31,10.81,19.29,130.919,33.105,51.52,203.73,28.2,21.29,0.58,15.59,12.35,406.98,3493.48,1.567,35.2,7,0
2026-01-04 08:00:00,0.5333,2.8,16.7,11.14,20.59,131.352,33.038,58.61,233.01,30.04,21.94,0.69,14.39,13.11,419.77,3463.33,1.488,25.1,7,0
2026-01-04 09:00:00,0.5058,1.93,14.7,9.59,18.66,132.657,33.045,55.04,220.94,31.61,19.84,0.71,10.91,11.23,399.91,3567.29,1.296,59.0,7,0
2026-01-04 10:00:00,0.4771,3.79,15.42,10.77,20.0,132.306,33.585,52.05,205.04,28.24,19.26,0.99,19.36,11.26,404.15,3523.34,1.509,228.8,7,0
2026-01-04 11:00:00,0.5199,6.2,19.54,14.21,23.18,131.745,32.421,56.96,231.47,35.36,23.32,1.42,12.93,13.22,394.09,3537.57,1.37,117.0,7,0
2026-01-04 12:00:00,0.5691,6.37,21.79,15.62,27.23,132.012,33.057,62.22,248.47,28.66,14.49,1.42,15.58,14.59,401.92,3548.09,1.611,40.2,7,0
2026-01-04 13:00:00,0.5673,9.13,24.48,18.34,29.94,131.708,32.93,62.17,248.65,25.91,20.18,0.86,13.58,13.44,396.38,3513.37,1.56,73.8,7,0
2026-01-04 14:00:00,0.5055,8.59,21.35,16.24,25.38,131.959,32.944,55.29,221.48,28.5,20.92,0.33,17.13,12.37,382.38,3473.95,1.401,106.9,7,0
2026-01-04 15:00:00,0.5223,12.15,25.6,20.22,32.39,131.497,33.039,57.33,228.18,32.03,23.8,0.65,14.28,11.66,413.32,3452.14,1.349,19.3,7,0
2026-01-04 16:00:00,0.5131,11.09,24.15,18.93,28.3,131.617,32.93,56.27,224.89,27.68,16.73,1.36,13.53,11.99,422.55,3494.41,1.329,62.3,7,0
2026-01-04 17:00:00,0.502,11.97,24.58,19.54,29.23,131.597,33.05,55.06,219.22,30.98,19.22,1.07,16.23,10.04,399.66,3540.03,1.839,43.6,7,0
2026-01-04 18:00:00,0.4511,11.46,22.1,17.84,24.94,131.521,32.994,49.51,197.36,31.76,17.34,0.9,12.49,11.8,405.2,3543.76,1.082,72.8,7,0
2026-01-04 19:00:00,0.4516,14.35,25.0,20.74,28.89,132.689,32.653,49.12,199.61,26.45,16.46,0.88,14.21,13.71,413.15,3513.0,1.162,12.3,7,0
2026-01-04 20:00:00,0.4266,12.91,22.63,18.74,26.42,132.508,33.101,46.46,186.01,28.38,19.65,0.78,16.42,12.09,398.07,3529.66,1.579,18.4,7,0
2026-01-04 21:00:00,0.4511,12.59,23.22,18.97,26.21,131.385,33.189,49.55,196.17,31.12,21.72,0.64,18.05,11.09,403.07,3413.12,1.559,6.7,7,0
2026-01-04 22:00:00,0.4346,14.02,24.04,20.03,27.21,131.212,32.857,47.81,190.91,32.18,22.47,1.63,13.11,10.95,396.97,3464.34,1.471,57.2,7,0
2026-01-04 23:00:00,0.3924,13.1,21.61,18.21,23.51,131.896,33.493,42.95,169.12,28.46,18.99,1.52,13.81,11.98,391.98,3555.16,1.097,69.6,7,0
2026-01-05 00:00:00,0.4459,12.1,22.54,18.36,25.0,133.422,33.353,48.24,192.99,30.53,21.39,0.76,15.74,10.18,408.05,3434.82,1.504,35.1,7,0
2026-01-05 01:00:00,0.4585,9.4,20.31,15.95,24.71,131.322,33.223,50.39,199.2,29.22,19.66,0.48,11.04,10.67,407.91,3512.8,1.282,15.4,7,0
2026-01-05 02:00:00,0.4332,8.42,18.38,14.39,21.13,131.894,33.22,47.41,188.23,32.26,21.17,1.05,17.75,14.33,414.06,3505.62,1.402,8.0,7,0
2026-01-05 03:00:00,0.4333,7.11,17.08,13.09,18.34,132.059,33.008,47.36,189.47,31.63,22.37,0.96,13.04,10.47,400.17,3492.39,1.478,133.9,7,0
2026-01-05 04:00:00,0.4554,6.75,17.54,13.23,22.48,131.928,33.301,49.82,197.38,28.95,19.67,1.19,14.16,10.83,382.23,3555.8,1.504,50.4,7,0
2026-01-05 05:00:00,0.4853,6.48,18.43,13.65,21.79,131.698,33.415,53.18,209.61,31.51,22.21,1.26,15.56,12.47,416.84,3519.67,1.345,1.1,7,0
2026-01-05 06:00:00,0.4935,4.5,16.78,11.87,20.72,132.762,33.213,53.65,214.47,28.84,17.63,0.65,15.14,11.37,389.21,3405.7,1.639,243.5,7,0
2026-01-05 07:00:00,0.5592,5.61,20.6,14.61,27.23,132.3,32.849,61.0,245.69,31.45,21.37,1.39,13.11,12.16,388.95,3542.79,1.602,84.4,7,0
2026-01-05 08:00:00,0.6021,4.36,21.24,14.49,27.29,132.558,32.99,65.56,263.42,31.49,22.12,0.9,18.48,13.32,392.25,3460.93,1.357,55.4,7,0
2026-01-05 09:00:00,0.5567,3.4,18.29,12.33,23.42,132.389,33.151,60.69,242.37,37.19,21.92,1.19,9.89,9.71,374.07,3392.39,1.406,121.9,7,0
2026-01-05 10:00:00,0.6258,4.97,22.91,15.73,28.59,132.59,33.221,68.12,271.88,29.07,17.69,0.93,12.79,13.16,396.96,3560.88,1.399,10.4,7,0
2026-01-05 11:00:00,0.6343,6.64,24.98,17.64,30.51,133.046,32.98,68.81,277.61,29.65,19.64,1.28,13.76,11.15,409.52,3406.64,1.508,62.1,7,0
2026-01-05 12:00:00,0.6611,7.96,27.56,19.72,34.86,132.878,32.85,71.82,290.49,28.13,20.66,0.3,13.14,11.6,393.72,3473.13,1.625,15.2,7,0
2026-01-05 13:00:00,0.6539,8.36,27.62,19.91,35.18,133.534,33.418,70.68,282.43,26.98,20.94,1.23,17.48,14.91,420.3,3524.99,1.249,16.5,7,0
2026-01-05 14:00:00,0.6073,8.49,25.6,18.76,32.11,132.803,32.717,66.0,267.92,28.71,20.29,0.75,11.72,9.92,419.37,3495.64,1.206,82.9,7,0
2026-01-05 15:00:00,0.603,9.54,26.46,19.69,32.26,131.558,32.751,66.16,265.76,32.07,22.91,1.03,18.15,12.91,413.57,3451.56,1.377,41.4,7,0
2026-01-05 16:00:00,0.6259,11.54,29.5,22.32,36.17,132.559,32.65,68.15,276.69,32.29,17.47,1.38,14.48,13.72,371.2,3422.01,1.716,43.3,7,0
2026-01-05 17:00:00,0.6352,13.68,32.06,24.71,37.45,132.469,32.751,69.21,279.92,30.96,19.58,0.76,12.32,11.0,421.73,3440.7,1.553,28.3,7,0
2026-01-05 18:00:00,0.5138,13.23,26.32,21.09,31.18,133.267,33.329,55.64,222.49,29.19,16.68,0.72,10.84,11.03,396.67,3415.32,1.693,65.3,7,0
2026-01-05 19:00:00,0.5647,13.75,28.98,22.89,34.53,131.362,33.338,62.04,244.47,28.6,21.3,0.89,14.61,11.48,425.4,3491.39,1.459,31.9,7,0
2026-01-05 20:00:00,0.5641,13.52,28.72,22.64,35.71,132.368,32.98,61.51,246.88,27.33,21.17,0.87,13.63,10.99,391.17,3457.88,1.356,156.4,7,0
2026-01-05 21:00:00,0.4997,12.97,25.49,20.48,29.74,131.55,33.131,54.83,217.7,28.41,26.75,0.69,15.51,12.13,398.13,3391.21,1.198,13.1,7,0
2026-01-05 22:00:00,0.5001,12.63,25.17,20.16,28.67,132.338,32.997,54.54,218.75,26.19,22.11,1.04,14.14,13.37,401.57,3478.38,1.326,41.4,7,0
2026-01-05 23:00:00,0.4466,12.14,22.6,18.42,25.95,131.858,32.685,48.89,197.22,34.15,20.72,1.05,16.95,11.48,386.24,3450.06,1.33,1.0,7,0
2026-01-06 00:00:00,0.455,12.74,23.52,19.21,26.78,132.316,33.586,49.63,195.53,35.59,20.57,1.14,14.75,13.42,375.92,3522.97,1.064,69.0,7,0
2026-01-06 01:00:00,0.4065,9.58,18.58,14.98,21.74,131.069,33.363,44.77,175.88,24.27,19.42,0.76,14.19,14.13,364.26,3530.49,1.277,133.7,7,0
2026-01-06 02:00:00,0.3882,8.58,16.94,13.6,19.52,132.524,33.094,42.28,169.33,30.94,20.32,0.72,16.98,12.68,444.52,3608.88,1.267,9.5,7,0
2026-01-06 03:00:00,0.4968,6.37,18.77,13.81,21.96,132.136,32.774,54.27,218.81,30.89,20.61,0.97,15.49,12.82,375.2,3553.34,1.452,10.0,7,0
2026-01-06 04:00:00,0.4549,6.74,17.52,13.21,19.73,132.1,32.941,49.7,199.32,30.7,16.13,0.93,16.59,11.14,375.41,3414.46,1.421,95.3,7,0
2026-01-06 05:00:00,0.4915,6.36,18.55,13.67,22.87,133.287,32.817,53.22,216.17,28.3,20.45,0.94,17.34,8.09,408.81,3327.68,1.494,28.5,7,0
2026-01-06 06:00:00,0.4877,5.82,17.86,13.05,23.01,131.748,33.026,53.43,213.14,33.14,20.26,0.79,14.45,12.91,378.87,3380.02,1.2,45.2,7,0
2026-01-06 07:00:00,0.5129,3.9,16.95,11.73,21.49,132.226,33.082,55.98,223.76,31.31,23.57,1.1,15.11,13.22,376.08,3461.32,1.286,2.9,7,0
2026-01-06 08:00:00,0.5758,4.1,19.81,13.53,26.1,132.066,32.91,62.93,252.55,33.18,19.79,0.72,16.73,12.39,357.11,3372.89,1.627,28.0,7,0
2026-01-06 09:00:00,0.5833,3.54,19.58,13.17,26.17,132.131,32.616,63.72,258.12,27.86,18.53,0.97,10.14,13.39,404.62,3452.24,1.453,71.4,7,0
2026-01-06 10:00:00,0.6372,4.72,23.2,15.81,30.32,133.466,33.563,68.91,274.03,25.93,20.59,0.91,14.83,11.21,384.18,3504.11,1.646,132.2,7,0
2026-01-06 11:00:00,0.6553,5.3,24.63,16.9,31.28,132.042,33.063,71.64,286.09,31.38,20.21,0.99,14.59,12.81,409.88,3456.47,1.506,54.6,7,0
2026-01-06 12:00:00,0.6614,6.08,25.69,17.85,33.29,131.626,33.121,72.52,288.22,27.19,19.8,1.36,15.79,14.24,399.09,3523.83,1.559,52.3,7,0
2026-01-06 13:00:00,0.6623,7.37,27.02,19.16,35.45,133.235,32.888,71.75,290.67,33.24,17.5,0.61,13.44,13.03,401.51,3452.85,1.61,57.7,7,0
2026-01-06 14:00:00,0.6991,8.98,30.41,21.84,39.14,131.797,32.588,76.56,309.64,23.7,19.75,0.29,17.23,14.04,393.43,3440.58,1.466,23.9,7,0
2026-01-06 15:00:00,0.6097,9.53,26.74,19.86,33.66,130.941,32.978,67.21,266.87,28.67,18.9,0.83,13.56,14.05,396.09,3638.17,1.405,37.1,7,0
2026-01-06 16:00:00,0.6242,10.78,28.66,21.51,34.91,131.511,32.915,68.51,273.73,28.23,19.62,0.66,14.12,10.2,386.81,3498.89,1.41,4.6,7,0
2026-01-06 17:00:00,0.6391,13.77,32.33,24.91,39.12,131.177,33.187,70.33,277.97,29.08,21.52,0.1,13.71,13.11,388.23,3510.5,1.508,63.3,7,0
2026-01-06 18:00:00,0.619,15.57,33.2,26.15,39.62,130.812,33.239,68.3,268.78,30.86,18.71,1.53,17.5,11.08,383.81,3569.08,1.596,131.4,7,0
2026-01-06 19:00:00,0.5125,12.15,25.19,19.97,29.62,131.76,33.202,56.14,222.8,31.27,19.62,1.17,10.87,10.37,422.94,3571.7,1.395,14.6,7,0
2026-01-06 20:00:00,0.5199,12.27,25.61,20.27,31.14,131.954,33.261,56.87,225.61,32.0,21.14,1.2,18.61,11.6,394.29,3472.25,1.633,113.5,7,0
2026-01-06 21:00:00,0.5459,12.4,26.82,21.05,30.01,132.779,33.476,59.34,235.37,32.34,19.52,0.92,17.99,14.66,366.26,3585.22,1.735,23.5,7,0
2026-01-06 22:00:00,0.4997,12.75,25.27,20.27,29.54,132.415,33.103,54.47,217.88,29.56,25.28,1.13,13.91,11.21,404.11,3465.63,1.318,46.0,7,0
2026-01-06 23:00:00,0.4744,12.96,24.48,19.87,28.24,132.385,33.29,51.72,205.69,36.4,20.56,0.88,17.09,9.39,388.18,3582.84,1.615,1.3,7,0
2026-01-07 00:00:00,0.4529,11.68,22.38,18.1,24.77,131.41,33.13,49.74,197.31,34.24,17.57,1.25,15.3,9.86,399.56,3402.84,1.424,57.6,7,0
2026-01-07 01:00:00,0.4445,10.05,20.44,16.28,24.33,132.584,32.498,48.39,197.42,29.14,18.38,1.06,18.34,12.75,396.19,3477.01,1.479,56.5,7,0
2026-01-07 02:00:00,0.4681,9.12,20.4,15.88,23.54,132.918,32.959,50.83,204.98,29.67,18.18,0.99,16.94,10.89,422.58,3519.35,1.414,21.5,7,0
2026-01-07 03:00:00,0.4618,6.6,17.64,13.23,20.98,132.26,32.771,50.4,203.41,29.08,18.41,1.02,19.42,8.96,394.48,3530.41,1.614,127.1,7,0
2026-01-07 04:00:00,0.484,5.84,17.74,12.98,23.21,132.279,33.061,52.81,211.31,31.17,21.13,1.44,11.91,9.92,412.47,3434.06,1.494,67.1,7,0
2026-01-07 05:00:00,0.5084,5.03,17.9,12.76,23.11,131.165,32.791,55.94,223.77,27.16,17.85,1.05,15.42,12.28,410.89,3369.65,1.402,41.2,7,0
2026-01-07 06:00:00,0.5098,2.67,15.6,10.43,20.48,132.696,33.16,55.45,221.9,27.71,19.4,0.69,11.59,13.2,379.73,3538.37,1.392,8.2,7,0
2026-01-07 07:00:00,0.572,2.6,18.14,11.92,24.01,133.175,33.259,61.99,248.23,23.58,22.34,1.1,14.0,11.36,403.05,3485.01,1.306,14.9,7,0
2026-01-07 08:00:00,0.6693,2.47,22.46,14.46,29.94,132.213,33.318,73.07,289.96,28.88,19.02,1.15,19.54,13.0,388.86,3470.29,1.449,9.5,7,0
2026-01-07 09:00:00,0.5527,4.52,19.24,13.35,26.03,131.608,33.427,60.62,238.65,33.27,21.4,0.96,15.98,13.4,382.1,3633.9,1.659,87.7,7,0
2026-01-07 10:00:00,0.6364,4.5,22.94,15.57,30.47,131.893,32.558,69.65,282.15,29.62,16.69,0.99,17.01,10.85,382.16,3478.11,1.681,87.5,7,0
2026-01-07 11:00:00,0.6198,5.66,23.34,16.27,29.27,131.723,32.683,67.92,273.72,29.79,19.32,0.68,16.07,11.85,412.55,3460.2,1.414,23.8,7,0
2026-01-07 12:00:00,0.6699,4.25,24.27,16.26,30.78,131.762,33.773,73.39,286.31,30.91,18.29,1.03,15.94,11.13,439.88,3357.54,1.37,207.8,7,0
2026-01-07 13:00:00,0.6574,5.81,25.23,17.46,33.03,132.428,33.267,71.65,285.24,27.07,20.66,0.64,13.99,12.84,388.15,3414.93,1.671,39.8,7,0
2026-01-07 14:00:00,0.6755,9.25,29.53,21.42,37.25,132.184,33.059,73.76,294.91,30.15,17.99,0.93,13.62,11.11,403.47,3571.62,1.602,47.2,7,0
2026-01-07 15:00:00,0.6779,7.1,27.5,19.34,34.17,132.663,33.008,73.75,296.42,32.75,24.2,0.8,13.94,10.21,404.89,3443.52,1.243,62.9,7,0
2026-01-07 16:00:00,0.6325,12.31,30.57,23.27,37.71,132.245,32.985,69.03,276.77,31.0,16.78,1.3,9.58,12.11,392.28,3551.84,1.948,51.6,7,0
2026-01-07 17:00:00,0.64,10.3,28.91,21.46,35.65,131.43,32.489,70.28,284.31,33.01,22.33,1.47,14.87,13.69,421.35,3398.16,1.522,79.4,7,0
2026-01-07 18:00:00,0.5116,13.76,26.76,21.56,31.64,131.67,32.796,56.08,225.14,33.87,21.82,0.66,15.52,12.8,433.19,3432.03,1.711,2.5,7,0
2026-01-07 19:00:00,0.6037,12.53,29.48,22.7,36.03,131.629,32.97,66.2,264.3,32.07,20.68,1.0,13.8,13.54,391.27,3429.99,1.528,64.2,7,0
2026-01-07 20:00:00,0.5414,14.64,28.87,23.18,33.37,131.877,32.811,59.25,238.16,27.94,20.17,0.91,14.78,13.41,426.25,3539.71,1.315,22.9,7,0
2026-01-07 21:00:00,0.5383,16.63,30.73,25.09,36.17,133.185,32.846,58.34,236.57,29.05,23.77,1.14,16.09,12.09,392.03,3484.61,1.498,92.5,7,0
2026-01-07 22:00:00,0.4487,10.64,21.19,16.97,24.21,133.29,33.676,48.59,192.32,35.87,25.0,1.03,16.81,11.13,385.68,3412.72,1.204,50.7,7,0
2026-01-07 23:00:00,0.4445,12.82,23.2,19.05,26.21,132.552,32.934,48.4,194.8,31.02,19.64,0.89,12.64,10.72,398.15,3558.73,1.403,89.8,7,0
2026-01-08 00:00:00,0.4646,9.34,20.49,16.03,23.74,132.078,33.073,50.78,202.78,30.62,20.37,1.03,13.45,9.65,413.27,3541.11,1.269,96.7,7,0
2026-01-08 01:00:00,0.4564,10.37,21.2,16.87,25.65,131.101,33.064,50.24,199.22,27.5,18.95,0.94,16.55,13.81,398.67,3528.8,1.398,53.3,7,0
2026-01-08 02:00:00,0.4688,8.45,19.75,15.23,23.26,132.145,33.156,51.2,204.07,29.8,17.72,1.48,16.22,11.53,411.3,3525.19,1.472,105.3,7,0
2026-01-08 03:00:00,0.5028,7.49,20.14,15.08,25.53,131.479,32.874,55.2,220.76,32.23,20.99,0.77,17.73,9.47,403.63,3433.25,1.496,52.2,7,0
2026-01-08 04:00:00,0.4332,5.24,15.21,11.22,19.82,133.076,33.329,46.99,187.6,30.12,20.56,1.08,17.65,13.88,420.53,3602.26,1.198,37.0,7,0
2026-01-08 05:00:00,0.5361,5.9,19.91,14.31,24.21,130.94,33.117,59.09,233.64,28.52,16.84,1.16,19.87,12.17,408.2,3493.49,1.371,55.9,7,0
2026-01-08 06:00:00,0.5312,2.87,16.69,11.16,19.15,132.254,32.66,57.98,234.77,29.22,20.97,1.14,14.45,13.48,423.19,3523.01,1.169,70.8,7,0
2026-01-08 07:00:00,0.5508,5.06,19.7,13.84,25.69,131.423,32.972,60.49,241.1,33.65,20.63,0.91,18.2,11.64,387.37,3532.21,1.569,63.8,7,0
2026-01-08 08:00:00,0.5386,3.24,17.36,11.72,22.02,131.994,32.955,58.9,235.91,32.08,18.86,1.41,13.2,10.84,397.18,3425.98,1.5,8.2,7,0
2026-01-08 09:00:00,0.622,2.42,20.2,13.09,26.08,132.44,32.942,67.78,272.51,31.68,18.73,0.38,19.83,12.7,400.21,3653.29,1.335,37.1,7,0
2026-01-08 10:00:00,0.5552,5.92,20.74,14.81,25.51,132.674,33.134,60.4,241.83,31.4,20.91,0.68,15.95,12.82,387.43,3499.41,1.688,103.0,7,0
2026-01-08 11:00:00,0.6629,5.05,24.73,16.86,31.87,131.96,33.168,72.51,288.49,26.53,23.28,1.2,16.12,11.61,385.13,3504.25,1.601,80.5,7,0
2026-01-08 12:00:00,0.6087,8.06,25.23,18.36,32.57,132.502,33.136,66.31,265.14,30.9,20.86,0.74,17.02,14.0,405.97,3468.58,1.489,132.1,7,0
2026-01-08 13:00:00,0.6585,8.58,28.05,20.26,35.55,131.563,33.089,72.24,287.23,33.28,21.62,0.72,12.33,13.45,410.22,3593.58,1.458,21.9,7,0
2026-01-08 14:00:00,0.6499,7.85,26.92,19.3,35.13,132.162,33.023,70.98,284.05,29.3,18.39,0.86,12.89,12.88,401.93,3596.96,1.429,8.6,7,0
2026-01-08 15:00:00,0.6786,9.86,30.29,22.12,38.52,132.661,32.432,73.83,301.99,33.01,19.23,0.77,15.27,10.36,416.12,3514.25,1.421,76.6,7,0
2026-01-08 16:00:00,0.6222,11.27,29.06,21.95,35.39,132.219,33.205,67.92,270.47,31.71,21.28,1.2,15.73,10.15,383.69,3384.32,1.687,108.0,7,0
2026-01-08 17:00:00,0.586,13.71,29.88,23.41,35.4,131.651,33.129,64.25,255.33,32.56,17.34,1.28,19.2,13.83,394.37,3488.43,1.534,62.0,7,0
2026-01-08 18:00:00,0.5675,13.42,28.77,22.63,34.7,131.816,32.74,62.15,250.21,30.23,20.47,1.03,13.14,8.75,382.54,3496.39,1.326,66.3,7,0
2026-01-08 19:00:00,0.5951,13.66,30.22,23.59,36.89,132.67,33.074,64.74,259.68,32.74,21.05,1.32,18.12,11.89,402.33,3465.46,1.692,129.4,7,0
2026-01-08 20:00:00,0.5471,13.45,27.93,22.14,33.81,131.279,33.171,60.15,238.05,25.69,19.98,0.59,14.51,12.25,407.56,3422.92,1.46,54.8,7,0
2026-01-08 21:00:00,0.4953,13.43,25.78,20.84,29.74,131.377,33.309,54.42,214.62,30.18,20.7,1.03,14.48,11.3,420.37,3377.25,1.31,25.8,7,0
2026-01-08 22:00:00,0.4791,14.29,25.99,21.31,30.04,132.397,33.135,52.23,208.68,32.22,20.18,1.41,14.71,11.98,382.58,3619.28,1.736,131.3,7,0
2026-01-08 23:00:00,0.4232,12.19,21.79,17.95,25.31,131.71,33.085,46.38,184.65,30.97,18.82,1.3,14.43,12.66,405.83,3560.92,1.247,64.9,7,0
2026-01-09 00:00:00,0.4728,10.83,22.29,17.7,25.78,131.041,33.25,52.07,205.23,33.37,17.7,1.43,16.01,11.15,421.78,3504.35,1.313,9.2,7,0
2026-01-09 01:00:00,0.4049,9.45,18.4,14.82,20.28,132.892,32.919,43.98,177.54,29.61,19.88,0.83,14.25,13.35,385.21,3449.61,1.402,104.3,7,0
2026-01-09 02:00:00,0.4837,8.17,20.05,15.3,23.39,131.274,33.109,53.18,210.86,28.44,22.67,1.28,12.22,12.9,381.7,3530.41,1.49,53.2,7,0
2026-01-09 03:00:00,0.475,6.03,17.57,12.95,21.21,131.868,32.836,51.99,208.78,25.16,22.11,0.88,14.5,11.76,378.12,3517.93,1.325,119.3,7,0
2026-01-09 04:00:00,0.5586,5.47,20.44,14.45,26.27,131.591,33.293,61.27,242.18,29.26,19.37,1.18,15.95,10.79,409.61,3469.51,1.148,90.3,7,0
2026-01-09 05:00:00,0.4747,6.68,18.22,13.61,23.06,131.804,32.575,51.99,210.34,31.63,19.33,1.4,12.24,11.89,389.36,3532.77,1.442,64.6,7,0
2026-01-09 06:00:00,0.5288,4.19,17.89,12.41,21.56,131.416,33.216,58.07,229.77,32.36,19.18,0.77,16.2,15.2,407.41,3542.59,1.307,12.3,7,0
2026-01-09 07:00:00,0.6117,4.6,21.9,14.98,27.79,132.471,33.005,66.65,267.5,25.88,19.18,0.45,17.4,10.89,397.0,3556.59,1.452,52.5,7,0
2026-01-09 08:00:00,0.6193,1.24,18.9,11.84,25.13,132.073,33.255,67.69,268.81,33.61,20.64,1.56,18.0,14.33,427.25,3430.55,1.388,9.1,7,0
2026-01-09 09:00:00,0.5868,4.46,20.66,14.18,27.15,132.649,32.794,63.85,258.28,27.16,22.18,1.15,15.72,9.4,412.06,3536.1,1.331,72.4,7,0
2026-01-09 10:00:00,0.6351,4.23,22.61,15.26,29.05,131.598,33.024,69.66,277.6,29.72,24.59,0.97,11.43,10.74,388.18,3595.81,1.478,16.7,7,0
2026-01-09 11:00:00,0.6444,4.7,23.52,15.99,30.23,133.408,33.016,69.72,281.71,28.37,18.4,0.96,16.34,11.22,395.71,3525.31,1.427,28.6,7,0
2026-01-09 12:00:00,0.6628,6.4,26.08,18.21,32.42,130.743,33.115,73.17,288.88,31.33,21.36,0.38,16.97,13.45,412.06,3678.26,1.405,9.4,7,0
2026-01-09 13:00:00,0.6368,6.93,25.39,18.01,32.67,130.954,32.723,70.18,280.86,30.36,21.14,1.07,13.65,12.11,384.21,3487.18,1.663,11.7,7,0
2026-01-09 14:00:00,0.6516,6.6,25.75,18.09,32.84,133.157,33.168,70.63,283.57,32.11,19.4,0.84,14.89,14.0,417.97,3364.19,1.377,106.7,7,0
2026-01-09 15:00:00,0.5964,10.94,27.56,20.91,33.08,132.313,32.513,65.06,264.76,35.61,18.01,1.02,16.01,11.53,396.49,3433.7,1.46,40.6,7,0
2026-01-09 16:00:00,0.6325,11.46,29.72,22.42,36.32,132.225,32.824,69.04,278.12,31.27,20.61,1.01,18.61,11.95,412.38,3448.07,1.511,3.1,7,0
2026-01-09 17:00:00,0.6212,11.94,29.68,22.59,37.15,132.285,32.587,67.78,275.15,28.35,24.3,0.0,14.53,11.54,397.3,3546.3,1.257,44.9,7,0
2026-01-09 18:00:00,0.5768,12.09,27.84,21.54,32.69,132.377,33.219,62.89,250.61,31.46,20.6,1.15,16.82,15.07,392.38,3568.16,1.321,9.0,7,0
2026-01-09 19:00:00,0.5093,12.08,24.99,19.83,28.73,132.198,33.106,55.6,222.03,35.92,18.49,1.06,15.67,10.35,389.93,3512.5,1.449,27.1,7,0
2026-01-09 20:00:00,0.5615,13.95,29.04,23.0,35.4,131.363,33.12,61.69,244.7,32.05,19.75,1.1,15.44,11.27,426.23,3525.02,1.469,13.3,7,0
2026-01-09 21:00:00,0.5187,15.16,28.46,23.14,33.09,132.54,33.389,56.48,224.21,32.92,17.78,0.95,17.7,10.56,395.82,3654.82,1.341,101.9,7,0
2026-01-09 22:00:00,0.4652,13.26,24.42,19.96,28.64,132.436,32.917,50.7,204.0,25.3,20.1,1.02,13.38,12.89,446.45,3435.13,1.429,33.7,7,0
2026-01-09 23:00:00,0.4627,10.87,21.95,17.52,25.91,132.943,33.161,50.24,201.39,31.24,21.43,1.06,15.5,10.32,402.52,3495.79,1.472,91.5,7,0
2026-01-10 00:00:00,0.3477,11.52,18.53,15.72,20.55,133.164,33.017,37.68,151.98,29.28,18.68,1.09,15.09,14.76,387.48,3465.43,1.462,47.8,7,0
2026-01-10 01:00:00,0.359,10.03,17.41,14.46,19.33,132.218,32.977,39.19,157.14,28.04,13.55,1.15,12.03,12.15,376.46,3407.71,1.479,26.5,7,0
2026-01-10 02:00:00,0.3765,9.66,17.62,14.44,20.7,131.19,33.345,41.43,162.99,30.01,20.61,1.09,17.51,12.65,418.73,3339.63,1.57,13.1,7,0
2026-01-10 03:00:00,0.438,8.11,18.25,14.19,22.44,133.17,33.55,47.48,188.45,30.41,19.06,1.56,16.7,12.73,397.34,3605.34,1.435,130.6,7,0
2026-01-10 04:00:00,0.3955,3.31,11.92,8.48,15.45,131.328,32.886,43.47,173.58,28.21,18.56,0.79,15.11,12.0,412.58,3440.49,1.189,64.8,7,0
2026-01-10 05:00:00,0.4515,5.8,16.45,12.19,18.97,132.223,33.22,49.29,196.17,30.65,18.54,0.89,14.52,12.21,435.08,3481.59,1.381,9.6,7,0
2026-01-10 06:00:00,0.4366,3.46,13.55,9.52,17.84,131.831,33.084,47.81,190.49,29.56,20.86,1.51,15.04,12.16,410.28,3536.07,1.228,54.4,7,0
2026-01-10 07:00:00,0.4822,2.54,14.37,9.64,18.04,131.716,33.087,52.84,210.36,32.19,19.25,0.96,16.46,12.81,405.3,3406.43,1.568,24.1,7,0
2026-01-10 08:00:00,0.4925,3.61,15.84,10.95,19.36,132.504,33.065,53.65,215.0,30.76,21.92,1.28,15.15,10.8,418.64,3434.87,1.652,65.4,7,0
2026-01-10 09:00:00,0.5435,4.38,18.7,12.97,23.59,132.161,32.912,59.35,238.34,31.21,21.97,1.04,13.71,10.54,412.31,3499.89,1.471,130.2,7,0
2026-01-10 10:00:00,0.5188,2.82,16.12,10.8,21.36,132.339,32.054,56.59,233.63,33.02,19.52,0.94,14.01,13.26,381.3,3466.56,1.634,6.7,7,0
2026-01-10 11:00:00,0.5012,5.96,18.55,13.51,23.25,131.462,33.405,55.03,216.57,31.75,19.02,1.3,15.02,12.03,420.23,3399.56,1.615,24.0,7,0
2026-01-10 12:00:00,0.5154,7.06,20.22,14.95,24.53,131.885,32.817,56.41,226.7,30.06,20.32,1.16,13.18,9.02,399.55,3550.2,1.503,7.9,7,0
2026-01-10 13:00:00,0.5438,7.55,21.89,16.15,27.58,131.492,32.936,59.69,238.32,23.82,19.77,0.54,15.71,11.32,423.36,3464.49,1.551,50.1,7,0
2026-01-10 14:00:00,0.5194,7.93,21.25,15.92,25.95,131.869,32.942,56.85,227.58,31.62,16.56,1.06,13.45,14.33,407.85,3512.57,1.602,31.9,7,0
2026-01-10 15:00:00,0.5607,9.11,24.17,18.14,29.05,131.922,32.793,61.35,246.79,27.35,23.89,0.71,13.13,11.79,418.12,3506.19,1.271,17.4,7,0
2026-01-10 16:00:00,0.5209,12.32,25.7,20.35,29.75,133.217,33.063,56.44,227.4,29.82,21.49,1.39,21.43,11.23,396.88,3579.2,1.498,50.4,7,0
2026-01-10 17:00:00,0.5885,10.82,27.09,20.58,33.3,131.829,32.988,64.44,257.5,31.19,19.13,1.53,18.92,9.79,377.49,3529.88,1.577,12.5,7,0
2026-01-10 18:00:00,0.4446,14.19,24.58,20.42,27.87,130.597,32.811,49.14,195.6,34.08,16.23,1.57,15.33,11.18,408.7,3432.63,1.207,60.2,7,0
2026-01-10 19:00:00,0.4809,13.46,25.24,20.52,28.07,132.921,33.039,52.22,210.08,35.61,19.7,1.11,16.74,10.29,414.9,3594.61,1.727,10.2,7,0
2026-01-10 20:00:00,0.4189,13.7,23.14,19.37,26.81,132.297,32.991,45.71,183.29,27.32,18.89,0.87,17.08,12.67,391.89,3463.77,1.573,22.7,7,0
2026-01-10 21:00:00,0.4175,11.92,21.31,17.55,23.89,131.914,33.245,45.68,181.25,26.13,19.94,1.1,14.89,12.1,397.2,3436.53,1.574,64.8,7,0
2026-01-10 22:00:00,0.4189,12.98,22.42,18.64,26.68,131.711,32.646,45.91,185.22,31.06,15.73,0.72,15.61,11.49,367.03,3424.68,1.471,102.7,7,0
2026-01-10 23:00:00,0.3314,12.94,19.43,16.84,20.18,131.375,32.787,36.41,145.89,30.81,19.12,1.71,14.52,10.89,397.92,3314.16,1.223,95.8,7,0
2026-01-11 00:00:00,0.4005,10.03,18.82,15.31,21.4,133.279,33.191,43.37,174.16,26.48,19.24,1.36,17.55,14.32,381.49,3452.96,1.21,38.3,7,0
2026-01-11 01:00:00,0.4476,10.66,21.16,16.96,24.01,132.034,32.831,48.93,196.78,30.03,19.68,1.1,17.58,10.97,408.0,3533.37,1.409,1.5,7,0
2026-01-11 02:00:00,0.3798,8.96,17.03,13.8,18.7,130.853,32.762,41.89,167.33,31.87,19.59,1.3,18.16,10.98,405.27,3392.69,1.494,78.9,7,0
2026-01-11 03:00:00,0.4097,6.93,16.05,12.4,18.51,132.216,32.844,44.72,180.04,26.39,20.17,0.86,15.57,11.67,400.47,3638.33,1.486,62.5,7,0
2026-01-11 04:00:00,0.4461,7.22,17.67,13.49,22.47,132.796,32.973,48.49,195.29,27.1,23.1,0.67,19.38,11.88,420.09,3322.39,1.68,92.7,7,0
2026-01-11 05:00:00,0.4281,3.13,12.91,9.0,16.14,132.103,32.974,46.77,187.38,28.15,19.03,0.34,14.89,12.75,403.86,3438.99,1.367,59.4,7,0
2026-01-11 06:00:00,0.4361,4.89,14.96,10.93,17.56,131.405,32.945,47.9,191.05,29.45,18.24,1.03,19.13,13.43,403.15,3382.64,1.364,53.7,7,0
2026-01-11 07:00:00,0.4072,5.66,14.69,11.08,16.04,131.346,32.728,44.75,179.59,32.16,16.61,0.94,14.11,13.31,405.07,3575.09,1.405,23.7,7,0
2026-01-11 08:00:00,0.5167,5.31,18.52,13.24,21.68,131.395,33.204,56.76,224.62,29.1,19.04,1.16,12.45,15.68,391.5,3553.85,1.285,49.5,7,0
2026-01-11 09:00:00,0.5146,4.43,17.56,12.31,21.63,133.004,33.35,55.85,222.72,30.25,17.26,1.01,19.1,9.49,415.12,3480.36,1.683,63.1,7,0
2026-01-11 10:00:00,0.5052,4.24,16.98,11.88,20.82,131.953,32.496,55.26,224.41,36.82,21.98,1.15,16.36,12.38,386.5,3387.91,1.415,28.3,7,0
2026-01-11 11:00:00,0.5529,4.7,19.42,13.53,24.44,130.892,32.59,60.97,244.88,27.21,19.87,1.25,16.08,11.25,406.59,3405.77,1.514,105.9,7,0
2026-01-11 12:00:00,0.5401,6.07,20.25,14.58,23.39,132.254,33.265,58.94,234.35,28.12,21.94,0.57,14.32,15.05,418.53,3521.65,1.592,15.0,7,0
2026-01-11 13:00:00,0.5446,8.12,22.49,16.74,27.46,132.093,33.414,59.51,235.27,32.12,22.99,1.26,13.35,12.29,384.85,3447.56,1.359,32.5,7,0
2026-01-11 14:00:00,0.5758,8.06,23.77,17.49,30.23,131.704,32.438,63.1,256.21,33.05,18.33,0.88,13.54,8.99,380.11,3456.69,1.53,137.2,7,0
2026-01-11 15:00:00,0.509,10.92,23.82,18.66,29.52,131.327,33.215,55.94,221.17,31.33,19.37,1.16,15.32,12.68,384.59,3495.75,1.453,4.6,7,0
2026-01-11 16:00:00,0.567,13.5,28.83,22.7,32.78,131.298,33.432,62.33,244.8,35.51,22.73,1.31,14.74,12.43,427.5,3468.65,1.63,22.2,7,0
2026-01-11 17:00:00,0.4761,12.34,23.93,19.3,27.14,132.717,32.772,51.78,209.67,31.04,20.44,1.31,11.16,13.17,391.11,3361.68,1.439,66.2,7,0
2026-01-11 18:00:00,0.4776,11.86,23.5,18.85,26.7,132.163,33.417,52.16,206.3,24.15,21.11,1.04,18.43,10.95,382.24,3395.18,1.01,52.9,7,0
2026-01-11 19:00:00,0.5332,12.35,26.25,20.69,31.2,132.316,32.953,58.16,233.54,30.37,22.13,1.06,14.2,12.52,405.74,3397.12,1.326,3.6,7,0
2026-01-11 20:00:00,0.4873,14.65,26.68,21.86,29.74,132.162,33.083,53.22,212.61,28.37,21.86,1.27,17.52,11.63,359.39,3443.45,1.219,124.2,7,0
2026-01-11 21:00:00,0.4359,13.64,23.71,19.68,28.28,132.216,32.81,47.59,191.77,34.23,20.88,0.55,13.63,11.02,385.93,3508.87,1.707,23.6,7,0
2026-01-11 22:00:00,0.3872,14.08,22.4,19.07,24.99,131.691,33.264,42.44,168.0,32.98,22.85,0.72,15.35,12.55,421.46,3505.57,1.606,112.4,7,0
2026-01-11 23:00:00,0.386,11.87,20.16,16.84,22.59,131.864,33.22,42.25,167.72,25.31,19.93,0.92,16.99,12.26,385.92,3596.59,1.07,41.1,7,0
2026-01-12 00:00:00,0.4659,12.28,23.47,19.0,28.44,132.769,33.455,50.65,200.99,34.13,21.1,0.6,16.71,13.61,396.34,3389.1,1.281,30.8,7,0
2026-01-12 01:00:00,0.4614,10.08,21.11,16.7,24.71,132.934,33.38,50.1,199.5,32.9,19.71,0.92,14.51,12.07,404.66,3526.18,1.223,156.5,7,0
2026-01-12 02:00:00,0.4609,8.22,19.22,14.82,23.15,131.193,32.998,50.71,201.62,29.11,22.1,0.91,16.06,12.94,404.67,3438.73,1.463,43.4,7,0
2026-01-12 03:00:00,0.4727,7.25,18.71,14.13,21.91,131.863,33.821,51.75,201.75,29.85,18.66,1.03,16.39,10.22,392.26,3659.71,1.293,19.3,7,0
2026-01-12 04:00:00,0.4831,5.25,17.12,12.37,19.99,132.554,33.357,52.61,209.05,34.26,16.7,0.99,14.75,14.12,408.45,3493.19,1.402,85.8,7,0
2026-01-12 05:00:00,0.467,7.4,18.64,14.14,21.86,133.242,33.143,50.59,203.38,24.17,21.37,1.32,12.81,10.87,421.94,3456.74,1.227,126.1,7,0
2026-01-12 06:00:00,0.5189,4.52,17.82,12.5,24.15,133.176,32.737,56.24,228.78,31.42,18.02,1.18,13.79,13.39,384.33,3523.61,1.524,12.2,7,0
2026-01-12 07:00:00,0.5877,4.76,21.0,14.5,27.38,131.475,32.596,64.52,260.23,33.36,17.82,0.98,14.28,12.43,392.98,3517.43,1.242,8.1,7,0
2026-01-12 08:00:00,0.5451,3.41,17.8,12.05,23.07,132.842,32.619,59.23,241.2,29.82,22.59,0.9,15.09,12.24,398.67,3471.27,1.848,21.4,7,0
2026-01-12 09:00:00,0.6046,3.07,20.05,13.26,25.49,132.039,32.754,66.09,266.42,32.03,22.0,0.99,18.23,13.17,410.75,3549.18,1.728,103.5,7,0
2026-01-12 10:00:00,0.6064,4.38,21.45,14.62,28.43,132.689,33.364,65.96,262.33,30.39,19.38,1.0,16.86,8.82,400.75,3622.5,1.875,7.2,7,0
2026-01-12 11:00:00,0.6502,6.51,25.6,17.96,31.7,132.52,33.129,70.82,283.28,27.73,13.97,1.76,13.41,11.17,398.34,3575.13,1.616,22.0,7,0
2026-01-12 12:00:00,0.6452,5.93,24.78,17.24,30.6,131.166,32.838,71.0,283.59,27.66,21.13,0.57,18.71,13.15,377.01,3489.76,1.756,65.3,7,0
2026-01-12 13:00:00,0.7046,6.78,28.48,19.8,36.48,132.363,32.964,76.83,308.51,32.22,21.39,0.73,14.88,14.91,383.26,3643.81,1.686,18.8,7,0
2026-01-12 14:00:00,0.672,9.1,29.22,21.18,38.47,132.664,32.932,73.12,294.55,28.18,21.1,0.68,16.39,11.99,403.14,3540.24,1.385,0.7,7,0
2026-01-12 15:00:00,0.6075,10.74,27.86,21.01,35.65,131.987,33.211,66.44,264.02,25.51,21.0,1.08,13.16,8.37,392.54,3413.86,1.448,0.6,7,0
2026-01-12 16:00:00,0.6511,13.09,32.22,24.57,39.06,131.837,32.768,71.28,286.8,30.45,19.7,1.07,14.14,11.56,395.12,3506.07,1.589,70.7,7,0
2026-01-12 17:00:00,0.587,12.84,29.04,22.56,34.36,130.963,33.092,64.7,256.04,28.54,19.24,0.83,17.12,11.94,399.32,3484.34,1.666,35.3,7,0
2026-01-12 18:00:00,0.5688,13.92,29.33,23.17,33.52,132.451,33.079,61.99,248.2,26.49,17.85,1.27,13.28,13.7,435.38,3458.37,1.483,80.0,7,0
2026-01-12 19:00:00,0.5697,14.5,29.94,23.76,35.52,132.138,32.776,62.23,250.87,30.3,18.67,1.12,15.15,12.1,392.79,3526.83,1.568,3.5,7,0
2026-01-12 20:00:00,0.5196,12.8,26.13,20.79,30.85,131.391,33.419,57.08,224.42,32.39,20.71,1.29,15.98,10.12,421.06,3351.36,1.41,197.9,7,0
2026-01-12 21:00:00,0.537,12.81,26.87,21.25,32.4,131.785,32.922,58.82,235.45,30.14,20.74,1.37,13.0,13.48,419.96,3629.93,1.407,241.0,7,0
2026-01-12 22:00:00,0.4663,12.19,23.41,18.92,27.83,132.102,32.738,50.95,205.59,26.89,21.64,0.36,11.49,12.88,412.31,3550.64,1.212,24.1,7,0
2026-01-12 23:00:00,0.4551,11.15,21.93,17.62,25.3,131.631,33.225,49.9,197.7,31.53,17.25,1.21,16.86,10.98,387.54,3354.37,1.494,13.9,7,0
2026-01-13 00:00:00,0.4448,12.33,22.72,18.56,26.53,132.002,33.014,48.64,194.47,33.19,16.74,0.62,20.77,13.11,402.31,3549.69,1.349,22.3,7,0
2026-01-13 01:00:00,0.4441,10.61,20.98,16.84,23.78,130.845,33.108,48.99,193.62,36.72,19.3,1.08,15.96,11.21,394.4,3537.15,1.229,26.6,7,0
2026-01-13 02:00:00,0.4975,9.11,21.54,16.57,26.18,132.891,32.687,54.03,219.67,34.41,18.02,0.98,16.34,11.58,430.47,3618.91,1.36,160.7,7,0
2026-01-13 03:00:00,0.4934,5.14,17.41,12.51,21.15,132.011,33.214,53.94,214.39,27.07,20.44,1.0,13.27,11.24,406.41,3639.61,1.489,22.7,7,0
2026-01-13 04:00:00,0.5417,8.59,22.83,17.14,28.19,131.274,33.574,59.56,232.88,32.66,17.44,0.64,17.98,11.57,397.06,3653.09,1.571,6.8,7,0
2026-01-13 05:00:00,0.5791,4.6,20.46,14.11,26.46,130.377,32.667,64.11,255.89,30.85,22.42,1.31,14.29,13.39,427.03,3479.47,1.462,36.0,7,0
2026-01-13 06:00:00,0.5043,6.75,19.46,14.38,23.84,132.679,33.094,54.86,219.95,26.63,18.42,0.62,17.37,9.35,394.97,3544.96,1.612,67.3,7,0
2026-01-13 07:00:00,0.5632,2.75,17.92,11.85,23.95,132.368,32.793,61.41,247.9,30.94,23.25,1.23,16.26,13.69,408.53,3463.26,1.705,75.2,7,0
2026-01-13 08:00:00,0.5517,3.22,17.89,12.02,21.81,132.139,33.71,60.26,236.22,35.84,21.11,0.57,16.31,12.3,410.79,3579.97,1.433,112.9,7,0
2026-01-13 09:00:00,0.5878,2.0,18.24,11.74,23.26,132.57,33.327,63.99,254.56,33.67,17.95,1.0,16.23,11.45,405.46,3328.78,1.64,61.3,7,0
2026-01-13 10:00:00,0.6129,5.06,22.42,15.48,28.59,132.568,33.074,66.73,267.47,27.04,24.25,1.55,16.17,12.06,398.66,3399.66,1.406,26.6,7,0
2026-01-13 11:00:00,0.616,4.39,21.9,14.9,27.19,132.128,32.676,67.29,272.1,30.13,20.59,1.71,15.61,10.67,412.82,3466.99,1.313,123.1,7,0
2026-01-13 12:00:00,0.6261,5.46,23.42,16.24,29.76,131.832,32.74,68.55,276.04,31.56,20.4,0.52,16.98,9.58,390.81,3496.88,1.371,75.5,7,0
2026-01-13 13:00:00,0.6568,6.36,25.76,18.0,32.79,131.725,33.197,71.97,285.56,24.9,19.93,0.79,13.59,10.71,416.96,3514.78,1.399,21.2,7,0
2026-01-13 14:00:00,0.6212,9.81,27.55,20.45,35.15,132.278,32.64,67.78,274.69,25.0,21.0,0.85,14.56,9.19,396.03,3603.65,1.445,61.8,7,0
2026-01-13 15:00:00,0.673,11.04,31.2,23.13,39.01,132.922,32.649,73.08,297.51,30.55,21.11,1.68,17.98,10.0,420.32,3449.7,1.834,29.7,7,0
2026-01-13 16:00:00,0.6043,13.34,30.32,23.53,37.35,131.932,33.002,66.11,264.28,30.59,18.33,0.98,15.39,9.6,415.95,3398.33,1.424,35.7,7,0
2026-01-13 17:00:00,0.6954,11.88,33.13,24.63,41.59,132.974,33.035,75.48,303.83,24.57,19.64,1.33,14.39,13.87,408.5,3470.7,1.491,3.1,7,0
2026-01-13 18:00:00,0.5734,13.58,29.19,22.94,34.35,132.246,33.1,62.59,250.05,31.25,20.3,1.09,17.11,10.11,398.9,3453.22,1.51,1.0,7,0
2026-01-13 19:00:00,0.5633,12.57,27.74,21.67,33.24,132.251,32.884,61.47,247.23,33.35,21.23,0.64,16.72,11.97,416.8,3545.96,1.284,21.9,7,0
2026-01-13 20:00:00,0.4964,13.7,26.08,21.13,30.86,133.587,33.243,53.63,215.51,29.43,21.26,0.45,12.44,13.71,408.82,3623.71,1.47,49.4,7,0
2026-01-13 21:00:00,0.5623,13.34,28.47,22.42,34.8,133.091,32.772,60.98,247.64,30.26,20.39,0.82,16.5,13.31,352.01,3616.51,1.58,118.8,7,0
2026-01-13 22:00:00,0.524,13.83,27.34,21.93,31.9,133.108,33.165,56.82,228.03,31.8,18.96,1.7,15.32,11.59,387.99,3588.87,1.684,6.4,7,0
2026-01-13 23:00:00,0.4834,13.58,25.46,20.71,28.11,131.474,33.057,53.07,211.07,31.4,18.86,1.08,16.47,11.6,402.79,3456.15,1.639,31.5,7,0
2026-01-14 00:00:00,0.4249,12.61,22.27,18.4,23.97,133.447,33.159,45.96,184.97,25.08,17.68,1.32,15.06,12.3,404.45,3488.77,1.467,1.1,7,0
2026-01-14 01:00:00,0.4683,9.57,20.85,16.34,24.32,131.946,33.312,51.22,202.89,27.37,21.25,0.58,15.97,15.2,410.86,3535.68,1.401,15.8,7,0
2026-01-14 02:00:00,0.4317,10.11,20.02,16.06,21.32,131.85,32.88,47.26,189.51,28.9,18.83,0.91,11.38,12.65,423.49,3440.07,1.391,29.5,7,0
2026-01-14 03:00:00,0.5192,7.78,21.09,15.77,27.11,130.575,32.825,57.39,228.3,27.5,19.68,1.24,13.25,13.03,409.06,3447.52,1.521,166.4,7,0
2026-01-14 04:00:00,0.5155,6.29,19.45,14.19,24.45,132.215,32.554,56.28,228.56,34.49,20.54,0.68,16.52,15.43,368.99,3531.67,1.451,2.2,7,0
2026-01-14 05:00:00,0.5148,4.87,18.01,12.75,22.0,131.285,32.467,56.6,228.86,31.99,20.07,0.99,20.29,12.45,403.22,3392.56,1.444,12.6,7,0
2026-01-14 06:00:00,0.463,4.23,15.31,10.88,18.06,132.269,32.954,50.52,202.78,26.76,20.05,0.74,15.78,13.75,418.49,3589.13,1.291,27.8,7,0
2026-01-14 07:00:00,0.5324,6.03,19.89,14.35,25.53,131.233,32.972,58.56,233.08,29.44,18.25,1.25,13.66,12.75,401.93,3469.6,1.567,103.7,7,0
2026-01-14 08:00:00,0.6084,4.42,21.58,14.72,26.99,133.186,32.713,65.94,268.46,33.48,20.6,1.12,15.31,12.73,403.31,3544.96,1.549,5.2,7,0
2026-01-14 09:00:00,0.6483,4.46,23.46,15.86,29.79,132.364,32.77,70.7,285.56,28.15,19.44,1.21,13.26,10.59,392.84,3518.27,1.411,4.7,7,0
2026-01-14 10:00:00,0.6659,4.52,24.35,16.42,31.28,133.505,33.402,72.0,287.76,32.64,19.89,1.27,17.54,10.34,414.5,3602.06,1.756,17.3,7,0
2026-01-14 11:00:00,0.6008,8.03,24.84,18.12,31.07,131.325,33.231,66.03,260.94,34.24,22.38,0.94,15.14,11.26,394.96,3331.47,1.532,23.3,7,0
2026-01-14 12:00:00,0.6676,7.92,27.83,19.86,35.9,133.022,32.667,72.44,294.96,33.73,21.08,1.31,17.15,13.36,409.15,3602.56,1.32,75.8,7,0
2026-01-14 13:00:00,0.6924,7.1,28.2,19.76,37.31,130.81,32.883,76.4,303.92,30.63,18.92,0.83,14.74,13.28,406.69,3600.77,1.688,35.9,7,0
2026-01-14 14:00:00,0.6088,8.84,26.02,19.15,33.15,132.137,33.107,66.5,265.41,33.84,19.77,1.19,17.33,14.03,401.07,3524.23,1.403,14.7,7,0
2026-01-14 15:00:00,0.6483,10.2,29.19,21.59,36.34,131.583,32.835,71.11,284.99,28.52,23.26,0.41,11.8,12.02,407.52,3543.43,1.463,16.9,7,0
2026-01-14 16:00:00,0.6409,11.76,30.41,22.95,43.7,131.704,32.787,70.23,282.13,37.54,19.45,0.78,15.09,12.84,403.28,3549.44,1.492,37.7,7,0
2026-01-14 17:00:00,0.6029,11.95,28.86,22.1,34.5,131.659,32.911,66.1,264.42,30.81,20.14,1.7,16.12,12.85,419.42,3429.64,1.631,44.2,7,0
2026-01-14 18:00:00,0.5323,13.88,27.74,22.2,31.1,131.396,33.288,58.47,230.79,33.53,21.39,1.19,14.51,11.87,410.41,3506.06,1.457,94.3,7,0
2026-01-14 19:00:00,0.5522,15.4,30.09,24.21,34.74,131.169,33.312,60.76,239.25,29.0,20.5,1.19,15.76,11.55,415.86,3572.94,1.569,23.4,7,0
2026-01-14 20:00:00,0.5262,12.8,26.41,20.96,30.47,131.708,32.806,57.67,231.53,31.59,19.32,0.76,15.73,9.81,388.8,3358.73,1.227,27.7,7,0
2026-01-14 21:00:00,0.5075,12.82,25.65,20.52,29.53,132.077,33.122,55.46,221.16,31.72,18.58,0.68,17.14,11.8,387.86,3539.42,1.288,38.4,7,0
2026-01-14 22:00:00,0.4743,12.96,24.48,19.88,27.54,132.768,32.998,51.57,207.47,27.3,20.04,0.93,16.29,11.88,401.2,3508.7,1.442,44.2,7,0
2026-01-14 23:00:00,0.462,12.21,23.26,18.84,26.52,132.195,32.734,50.45,203.73,27.21,21.38,0.98,15.83,13.73,411.5,3551.93,1.322,64.2,7,0
2026-01-15 00:00:00,0.465,13.7,24.86,20.4,29.03,132.77,32.922,50.55,203.86,29.47,22.71,1.58,16.8,13.88,408.23,3399.99,1.402,19.4,7,0
2026-01-15 01:00:00,0.476,11.5,23.09,18.45,28.31,131.024,32.666,52.44,210.34,33.4,17.13,1.31,12.34,12.25,388.99,3442.25,1.55,48.4,7,0
2026-01-15 02:00:00,0.457,10.15,21.01,16.66,23.18,131.714,33.307,50.08,198.06,24.59,23.59,1.04,13.54,15.13,411.97,3390.05,1.308,40.6,7,0
2026-01-15 03:00:00,0.4639,7.65,18.76,14.32,21.39,132.469,33.41,50.54,200.4,29.0,19.49,1.02,12.27,12.32,390.84,3389.19,1.322,17.3,7,0
2026-01-15 04:00:00,0.4948,6.42,18.75,13.82,22.28,132.227,32.892,54.02,217.14,34.02,21.92,1.23,16.14,13.58,410.37,3568.22,1.464,213.3,7,0
2026-01-15 05:00:00,0.4551,4.22,15.0,10.69,19.14,131.432,32.829,49.98,200.11,26.39,18.59,0.61,15.87,11.88,404.56,3454.63,1.109,38.1,7,0
2026-01-15 06:00:00,0.5512,5.66,20.31,14.45,25.31,132.616,33.278,59.99,239.07,33.85,16.84,0.43,17.81,10.32,396.88,3448.75,1.627,0.2,7,0
2026-01-15 07:00:00,0.5628,4.87,20.01,13.95,24.82,131.649,33.321,61.7,243.77,26.7,17.44,1.23,15.75,11.39,392.22,3588.99,1.501,8.6,7,0
2026-01-15 08:00:00,0.5898,5.49,21.82,15.29,28.31,131.487,32.706,64.75,260.31,27.34,19.4,1.03,13.78,14.24,402.26,3474.27,1.509,139.5,7,0
2026-01-15 09:00:00,0.6416,4.16,22.84,15.37,30.61,132.321,32.961,69.99,280.96,29.65,21.11,0.61,15.31,11.64,401.51,3578.85,1.44,60.5,7,0
2026-01-15 10:00:00,0.5749,4.73,20.4,14.14,26.01,132.004,32.984,62.86,251.57,35.71,20.13,0.38,11.29,11.33,384.56,3417.8,1.591,6.3,7,0
2026-01-15 11:00:00,0.5902,5.84,22.18,15.64,27.45,131.655,32.797,64.7,259.73,28.17,19.57,1.27,14.23,12.03,409.29,3474.05,1.471,93.8,7,0
2026-01-15 12:00:00,0.6676,7.6,27.5,19.54,35.29,131.632,33.102,73.2,291.09,24.89,22.3,0.85,10.35,11.45,417.61,3429.3,1.718,64.8,7,0
2026-01-15 13:00:00,0.6626,6.44,26.11,18.24,33.38,131.294,32.815,72.84,291.42,25.88,20.07,1.12,15.7,13.82,413.17,3545.58,1.275,40.4,7,0
2026-01-15 14:00:00,0.6645,9.94,29.7,21.8,37.01,131.739,32.857,72.8,291.89,32.88,20.63,0.93,14.49,14.86,404.99,3485.2,1.542,9.4,7,0
2026-01-15 15:00:00,0.6355,10.48,28.88,21.52,35.33,132.726,32.973,69.11,278.19,26.02,26.29,0.99,14.78,12.04,393.51,3560.24,1.524,229.7,7,0
2026-01-15 16:00:00,0.6534,10.65,29.88,22.19,37.88,132.161,32.607,71.36,289.24,33.65,20.05,0.83,13.18,12.84,402.2,3513.98,1.573,65.9,7,0
2026-01-15 17:00:00,0.6407,10.66,29.3,21.84,36.48,132.633,32.457,69.73,284.94,30.3,18.67,0.98,13.71,13.49,398.29,3346.08,1.731,56.7,7,0
2026-01-15 18:00:00,0.6032,13.4,30.32,23.55,37.33,132.341,33.242,65.78,261.89,29.99,21.03,1.18,16.43,12.2,402.13,3480.63,1.297,2.4,7,0
2026-01-15 19:00:00,0.5549,15.48,30.29,24.37,36.6,131.596,32.805,60.87,244.17,30.98,21.53,0.92,12.17,10.72,414.31,3378.93,1.268,22.6,7,0
2026-01-15 20:00:00,0.4737,15.88,27.37,22.78,31.56,130.912,33.564,52.22,203.69,27.69,20.67,0.9,16.06,11.42,398.64,3529.48,1.384,14.0,7,0
2026-01-15 21:00:00,0.5358,14.39,28.39,22.79,32.87,131.388,33.521,58.87,230.73,30.5,20.38,1.19,13.42,12.65,372.7,3546.18,1.184,33.9,7,0
2026-01-15 22:00:00,0.5287,15.5,29.2,23.72,34.79,131.557,32.866,58.01,232.19,26.51,23.03,1.21,11.68,12.62,412.26,3554.48,1.81,8.7,7,0
2026-01-15 23:00:00,0.4955,12.7,25.05,20.11,29.6,131.506,33.618,54.39,212.74,34.13,22.78,0.66,17.5,9.34,406.22,3491.94,1.588,51.0,7,0
2026-01-16 00:00:00,0.4406,12.75,22.99,18.89,28.37,132.647,33.248,47.94,191.28,27.01,19.83,1.0,17.7,11.38,402.51,3371.2,1.498,71.8,7,0
2026-01-16 01:00:00,0.4838,10.14,22.03,17.27,26.26,132.641,32.83,52.65,212.71,31.4,18.78,0.85,13.97,10.93,382.65,3518.53,1.559,32.2,7,0
2026-01-16 02:00:00,0.4928,8.78,21.03,16.13,25.72,133.46,32.318,53.3,220.1,26.98,20.92,1.01,13.95,13.36,387.78,3534.34,1.637,116.2,7,0
2026-01-16 03:00:00,0.5238,7.32,20.83,15.43,25.72,131.496,33.182,57.49,227.83,28.49,18.77,1.43,14.54,10.99,389.53,3487.17,1.37,121.5,7,0
2026-01-16 04:00:00,0.4666,4.74,15.96,11.47,19.58,133.054,33.008,50.62,204.04,28.97,21.84,1.11,13.42,11.34,391.51,3508.61,1.379,25.7,7,0
2026-01-16 05:00:00,0.5068,7.05,19.86,14.73,24.02,133.05,33.114,54.98,220.91,39.03,20.91,1.65,13.78,11.29,392.91,3350.74,1.505,21.3,7,0
2026-01-16 06:00:00,0.5601,4.32,19.36,13.34,24.93,131.847,32.94,61.32,245.44,30.05,25.41,1.07,15.94,13.22,382.54,3507.07,1.404,14.3,7,0
2026-01-16 07:00:00,0.5653,3.67,18.92,12.82,24.77,132.313,32.698,61.67,249.55,27.62,23.01,0.95,19.19,13.49,432.54,3493.1,1.344,6.7,7,0
2026-01-16 08:00:00,0.556,3.12,17.97,12.03,24.15,132.819,32.887,60.42,244.0,28.75,17.91,1.0,14.33,12.77,422.8,3404.75,1.399,85.6,7,0
2026-01-16 09:00:00,0.626,4.26,22.22,15.04,29.13,131.961,33.187,68.48,272.28,25.57,19.03,1.05,17.09,13.69,404.42,3544.04,1.57,31.6,7,0
2026-01-16 10:00:00,0.6517,6.73,25.88,18.22,32.73,131.91,32.906,71.31,285.84,29.6,16.24,1.1,15.75,13.89,399.76,3462.23,1.663,44.3,7,0
2026-01-16 11:00:00,0.6528,7.85,27.06,19.38,34.05,131.586,32.905,71.61,286.37,35.64,15.79,0.71,11.7,9.32,427.66,3520.11,1.336,65.1,7,0
2026-01-16 12:00:00,0.6668,5.14,25.0,17.06,31.5,130.442,32.599,73.78,295.23,31.1,20.29,0.93,15.0,12.92,424.62,3540.82,1.505,6.0,7,0
2026-01-16 13:00:00,0.6558,7.65,27.0,19.26,35.64,132.047,33.024,71.69,286.65,32.8,17.68,0.79,14.74,11.48,389.17,3528.08,1.52,0.9,7,0
2026-01-16 14:00:00,0.7045,8.26,29.96,21.28,37.97,131.531,32.706,77.31,310.92,27.36,23.35,1.31,17.97,10.15,403.98,3394.52,1.344,0.5,7,0
2026-01-16 15:00:00,0.6232,11.58,29.41,22.28,36.79,131.29,33.242,68.51,270.58,29.48,22.38,0.43,18.05,11.55,397.53,3471.05,1.579,17.0,7,0
2026-01-16 16:00:00,0.6167,12.08,29.62,22.6,36.3,132.279,32.806,67.29,271.32,30.7,19.52,1.05,15.8,13.13,396.23,3672.14,1.492,26.3,7,0
2026-01-16 17:00:00,0.6139,12.2,29.6,22.64,36.25,131.042,32.922,67.62,269.16,27.91,19.41,0.55,17.47,14.22,397.79,3613.43,1.366,1.3,7,0
2026-01-16 18:00:00,0.6158,13.7,31.2,24.2,37.55,132.532,33.571,67.07,264.78,31.29,23.04,1.13,14.75,10.02,398.98,3568.55,1.436,5.8,7,0
2026-01-16 19:00:00,0.5187,13.65,26.94,21.62,30.88,132.319,32.919,56.58,227.42,31.94,23.5,0.88,17.28,12.96,403.43,3523.73,1.54,18.6,7,0
2026-01-16 20:00:00,0.4984,15.91,28.38,23.39,31.83,131.736,32.884,54.61,218.77,31.72,18.2,0.46,15.25,14.98,403.51,3422.74,1.596,51.9,7,0
2026-01-16 21:00:00,0.4525,14.67,25.36,21.08,30.22,131.958,33.155,49.49,196.98,29.64,17.94,1.29,17.24,14.78,421.84,3488.81,1.477,10.6,7,0
2026-01-16 22:00:00,0.4939,14.3,26.59,21.67,30.82,131.214,32.529,54.33,219.14,33.36,19.46,0.25,17.44,6.85,388.17,3468.0,1.733,17.9,7,0
2026-01-16 23:00:00,0.4434,10.16,20.51,16.37,24.75,132.495,33.33,48.31,192.04,29.32,20.93,1.0,16.48,15.3,414.77,3495.02,1.589,17.2,7,0
2026-01-17 00:00:00,0.3861,11.82,20.11,16.8,23.76,132.124,33.262,42.18,167.55,29.04,19.04,1.21,13.56,13.48,384.14,3386.07,1.476,46.4,7,0
2026-01-17 01:00:00,0.4146,12.77,22.06,18.34,24.65,132.173,33.138,45.28,180.58,34.41,20.97,1.42,14.2,8.57,403.82,3578.15,1.302,16.9,7,0
2026-01-17 02:00:00,0.3784,10.72,18.74,15.53,21.52,132.331,32.108,41.27,170.11,26.77,23.97,0.52,16.55,10.89,415.92,3286.88,1.559,14.3,7,0
2026-01-17 03:00:00,0.4131,6.25,15.49,11.79,18.42,131.576,32.932,45.32,181.05,24.98,17.26,0.85,16.83,13.92,408.8,3570.36,1.291,6.8,7,0
2026-01-17 04:00:00,0.4107,6.58,15.73,12.07,17.67,130.997,32.664,45.25,181.47,27.49,19.18,1.33,15.36,12.57,395.52,3571.89,1.517,68.0,7,0
2026-01-17 05:00:00,0.4574,4.65,15.53,11.18,18.93,132.632,33.297,49.78,198.29,31.25,17.29,1.35,14.42,11.17,404.54,3687.94,1.062,8.5,7,0
2026-01-17 06:00:00,0.472,6.77,18.2,13.63,22.46,132.455,33.278,51.44,204.73,33.94,18.39,1.39,15.43,12.13,425.05,3481.81,1.362,39.0,7,0
2026-01-17 07:00:00,0.459,4.81,15.74,11.36,18.92,131.647,33.102,50.33,200.14,28.11,19.48,1.77,14.49,12.85,391.39,3460.2,1.22,157.5,7,0
2026-01-17 08:00:00,0.4967,3.62,16.03,11.07,19.96,132.27,32.682,54.2,219.36,35.53,18.61,0.85,14.5,11.16,408.77,3511.43,1.405,80.9,7,0
2026-01-17 09:00:00,0.5536,4.6,19.35,13.45,24.42,132.83,33.394,60.15,239.27,30.17,21.11,1.12,18.97,11.84,414.75,3546.58,1.246,35.0,7,0
2026-01-17 10:00:00,0.5517,2.45,17.12,11.26,23.99,132.752,32.931,59.98,241.8,29.74,20.37,0.9,14.09,13.38,394.45,3494.58,1.48,142.6,7,0
2026-01-17 11:00:00,0.5115,4.77,17.77,12.57,20.75,131.627,33.477,56.09,220.52,27.54,20.67,0.41,16.06,10.98,426.3,3407.16,1.526,30.9,7,0
2026-01-17 12:00:00,0.5815,6.93,22.89,16.51,29.04,131.017,33.07,64.07,253.82,35.94,19.45,0.98,15.35,10.0,431.37,3546.48,1.393,43.1,7,0
2026-01-17 13:00:00,0.5322,8.94,22.8,17.25,27.41,131.131,33.134,58.58,231.85,29.64,19.64,0.41,12.59,11.08,416.68,3501.75,1.418,18.9,7,0
2026-01-17 14:00:00,0.6042,7.45,24.42,17.63,30.12,131.794,32.878,66.17,265.26,26.09,19.37,0.85,12.52,10.7,416.71,3421.15,1.535,13.8,7,0
2026-01-17 15:00:00,0.5841,10.3,26.38,19.95,31.96,132.965,33.371,63.41,252.63,37.46,19.57,0.56,14.88,11.13,374.34,3371.82,1.485,177.1,7,0
2026-01-17 16:00:00,0.5486,12.9,27.44,21.62,33.09,131.519,33.161,60.2,238.77,31.27,20.91,1.14,11.14,9.44,380.46,3699.32,1.676,163.7,7,0
2026-01-17 17:00:00,0.527,11.48,25.11,19.66,30.41,131.606,33.381,57.8,227.86,32.49,16.22,0.77,18.71,12.39,399.0,3568.37,1.361,86.3,7,0
2026-01-17 18:00:00,0.4955,13.95,26.31,21.36,30.63,131.593,33.047,54.35,216.41,35.14,20.64,0.47,14.32,13.34,390.4,3546.56,1.528,6.4,7,0
2026-01-17 19:00:00,0.5001,14.29,26.83,21.81,31.95,131.649,32.988,54.83,218.83,31.93,18.33,1.26,14.16,10.82,409.66,3492.61,1.489,17.0,7,0
2026-01-17 20:00:00,0.4466,16.11,26.57,22.38,30.98,131.993,33.157,48.84,194.43,33.02,19.39,0.82,17.49,11.06,357.56,3557.01,1.185,26.9,7,0
2026-01-17 21:00:00,0.4443,13.99,24.37,20.22,28.38,131.155,33.381,48.9,192.13,30.25,16.94,0.87,14.76,11.75,409.56,3417.63,1.435,1.6,7,0
2026-01-17 22:00:00,0.4458,13.55,23.98,19.81,26.93,132.716,33.268,48.49,193.42,32.29,19.35,0.71,16.35,10.67,397.64,3517.76,1.41,80.0,7,0
2026-01-17 23:00:00,0.3893,13.78,22.18,18.82,25.15,131.904,33.036,42.6,170.08,29.99,20.62,1.35,13.9,13.51,392.15,3521.25,1.321,72.3,7,0
2026-01-18 00:00:00,0.3799,10.66,18.74,15.51,21.59,133.636,32.51,41.03,168.66,30.03,20.98,1.09,15.14,10.7,428.87,3419.61,1.656,9.3,7,0
2026-01-18 01:00:00,0.3596,10.56,17.96,15.0,19.51,131.225,33.214,39.56,156.28,30.45,17.7,0.82,16.98,11.25,395.65,3493.46,1.573,31.7,7,0
2026-01-18 02:00:00,0.3664,9.03,16.66,13.61,17.68,133.049,32.62,39.75,162.13,28.9,20.89,0.43,13.32,10.89,376.02,3468.79,1.269,14.9,7,0
2026-01-18 03:00:00,0.352,8.06,15.21,12.35,15.69,132.918,33.009,38.22,153.91,31.6,22.35,1.76,16.1,13.55,407.13,3440.7,1.471,5.2,7,0
2026-01-18 04:00:00,0.4422,7.84,18.14,14.02,21.52,131.728,32.969,48.46,193.61,31.6,19.08,1.6,10.21,11.69,406.01,3458.71,1.533,16.1,7,0
2026-01-18 05:00:00,0.4922,6.51,18.73,13.84,23.09,131.739,32.626,53.93,217.76,32.55,20.07,1.44,17.58,15.02,397.66,3365.27,1.468,16.4,7,0
2026-01-18 06:00:00,0.5012,4.41,16.99,11.96,20.32,131.392,33.098,55.06,218.58,32.01,15.93,0.79,13.93,12.56,435.54,3586.84,1.286,25.7,7,0
2026-01-18 07:00:00,0.4317,4.8,14.71,10.74,18.71,131.4,33.569,47.42,185.61,36.09,18.27,0.85,14.87,13.77,403.42,3626.81,1.273,66.5,7,0
2026-01-18 08:00:00,0.5242,5.98,19.5,14.09,24.29,132.0,32.917,57.32,229.85,33.25,20.61,1.12,14.85,11.55,415.49,3427.71,1.541,8.2,7,0
2026-01-18 09:00:00,0.5656,3.83,19.1,12.99,25.62,132.014,33.202,61.84,245.89,29.47,21.98,0.74,13.1,10.62,405.12,3590.62,1.559,41.4,7,0
2026-01-18 10:00:00,0.5269,5.3,18.93,13.48,23.95,130.942,33.622,58.08,226.18,31.45,18.87,0.71,12.94,11.98,419.33,3499.26,1.421,4.0,7,0
2026-01-18 11:00:00,0.5571,5.76,20.66,14.7,25.09,133.514,33.228,60.23,242.0,34.33,25.41,1.44,16.09,11.02,395.31,3501.01,1.676,5.9,7,0
2026-01-18 12:00:00,0.5023,6.93,19.56,14.5,24.21,131.829,32.83,55.0,220.85,27.24,20.7,0.99,16.18,9.04,384.32,3398.2,1.675,41.7,7,0
2026-01-18 13:00:00,0.5735,6.56,22.17,15.93,28.3,132.043,33.063,62.69,250.35,36.13,17.52,0.67,13.28,13.55,411.76,3457.21,1.709,26.1,7,0
2026-01-18 14:00:00,0.5307,10.9,24.69,19.17,29.04,131.587,33.127,58.21,231.21,27.77,22.64,1.29,16.13,12.08,404.76,3544.45,1.688,55.9,7,0
2026-01-18 15:00:00,0.5601,10.01,25.04,19.03,29.22,131.824,33.379,61.32,242.18,32.79,17.56,0.83,16.16,10.98,412.2,3423.8,1.478,166.5,7,0
2026-01-18 16:00:00,0.4937,13.02,25.3,20.39,29.52,131.764,33.321,54.08,213.87,30.11,20.73,0.41,14.29,12.6,391.02,3442.49,1.247,82.5,7,0
2026-01-18 17:00:00,0.5392,12.4,26.55,20.89,30.69,131.998,32.269,58.97,241.2,29.94,18.21,0.66,12.46,12.1,407.48,3461.18,1.421,35.2,7,0
2026-01-18 18:00:00,0.5332,13.19,27.09,21.53,32.82,131.99,32.774,58.31,234.82,26.18,17.35,0.85,14.97,14.15,376.36,3229.25,1.449,34.8,7,0
2026-01-18 19:00:00,0.457,15.53,26.39,22.04,29.61,132.531,32.982,49.77,199.98,32.81,21.99,1.07,15.78,12.68,393.08,3528.09,1.334,5.9,7,0
2026-01-18 20:00:00,0.4244,15.48,25.12,21.27,29.57,132.15,32.732,46.35,187.13,26.23,19.55,1.06,14.93,11.8,389.71,3552.79,1.355,16.8,7,0
2026-01-18 21:00:00,0.3733,14.53,22.38,19.24,23.05,132.465,32.023,40.67,168.25,25.76,23.52,1.37,13.86,13.07,407.71,3531.0,1.213,5.7,7,0
2026-01-18 22:00:00,0.4124,14.58,23.79,20.11,26.79,131.994,32.808,45.09,181.41,33.57,18.03,0.93,15.98,11.98,393.01,3577.26,1.513,31.6,7,0
2026-01-18 23:00:00,0.3894,12.74,21.14,17.78,24.86,132.153,32.999,42.53,170.32,35.46,16.95,0.86,17.58,12.31,379.68,3466.31,1.639,71.8,7,0
2026-01-19 00:00:00,0.4229,12.08,21.67,17.84,24.0,131.841,32.861,46.3,185.77,28.09,19.11,1.38,13.51,13.87,391.75,3646.73,1.769,176.9,7,0
2026-01-19 01:00:00,0.4797,10.22,21.95,17.26,25.74,132.662,32.737,52.19,211.48,33.1,25.85,1.3,14.45,10.28,409.25,3434.25,1.477,3.3,7,0
2026-01-19 02:00:00,0.456,10.49,21.31,16.98,24.52,132.213,33.011,49.78,199.37,32.48,21.74,0.94,20.53,10.74,402.24,3483.88,1.402,8.6,7,0
2026-01-19 03:00:00,0.4472,7.6,18.09,13.89,20.94,131.896,33.091,48.94,195.06,29.82,21.18,1.09,15.63,11.41,389.1,3475.98,1.418,79.1,7,0
2026-01-19 04:00:00,0.4787,8.58,20.27,15.59,24.36,131.876,32.876,52.4,210.17,34.1,21.24,0.86,12.51,11.62,412.86,3516.74,1.644,92.9,7,0
2026-01-19 05:00:00,0.5482,5.74,20.26,14.45,24.34,131.928,33.362,59.98,237.17,29.6,19.1,0.66,14.09,13.77,423.76,3482.67,1.676,44.6,7,0
2026-01-19 06:00:00,0.5583,5.28,20.23,14.25,25.44,132.02,33.015,61.04,244.07,31.64,25.53,1.66,13.53,9.91,413.91,3493.61,1.443,34.4,7,0
2026-01-19 07:00:00,0.5622,5.52,20.64,14.59,26.43,131.963,32.77,61.49,247.61,26.33,20.99,0.84,15.81,11.99,365.66,3447.56,1.662,7.6,7,0
2026-01-19 08:00:00,0.6105,4.61,21.87,14.97,28.03,131.631,32.703,66.95,269.46,26.46,20.8,1.09,15.66,11.21,403.83,3466.76,1.53,9.0,7,0
2026-01-19 09:00:00,0.5812,4.46,20.41,14.03,25.36,132.505,32.944,63.31,254.66,33.6,22.04,0.55,13.77,14.59,398.15,3323.1,1.38,10.4,7,0
2026-01-19 10:00:00,0.6377,5.23,23.73,16.33,31.47,132.547,33.294,69.45,276.48,31.75,17.52,1.23,18.76,13.36,369.74,3566.04,1.496,83.3,7,0
2026-01-19 11:00:00,0.6571,6.95,26.36,18.59,34.28,133.177,32.783,71.21,289.31,29.66,18.31,0.64,15.22,12.39,380.92,3420.09,1.784,21.7,7,0
2026-01-19 12:00:00,0.6486,6.43,25.43,17.83,31.75,131.602,33.157,71.13,282.33,35.82,19.58,1.51,14.13,13.49,412.26,3462.59,1.633,9.8,7,0
2026-01-19 13:00:00,0.6791,8.17,28.63,20.45,35.44,132.44,33.025,74.01,296.82,35.78,22.05,1.54,12.6,10.06,403.06,3417.07,1.464,18.1,7,0
2026-01-19 14:00:00,0.6392,9.6,28.17,20.74,34.36,130.74,33.526,70.57,275.21,31.41,17.47,1.17,13.26,15.08,401.49,3547.42,1.66,9.1,7,0
2026-01-19 15:00:00,0.668,11.75,31.67,23.7,39.69,132.547,33.103,72.74,291.25,25.73,19.93,1.04,12.55,10.77,390.53,3458.38,1.641,47.5,7,0
2026-01-19 16:00:00,0.6533,11.99,31.22,23.53,38.7,131.039,32.816,71.96,287.36,29.76,19.65,0.95,14.67,13.92,416.51,3306.4,1.48,25.9,7,0
2026-01-19 17:00:00,0.5285,14.93,28.63,23.15,34.02,131.35,33.194,58.08,229.83,27.59,16.92,0.99,13.28,12.86,381.83,3524.31,1.352,100.3,7,0
2026-01-19 18:00:00,0.6277,13.76,31.8,24.59,38.24,132.219,33.203,68.52,272.85,30.36,19.05,1.13,16.61,12.43,386.96,3442.08,1.347,25.7,7,0
2026-01-19 19:00:00,0.4746,14.18,25.72,21.1,28.81,131.59,32.895,52.06,208.26,27.28,21.15,1.03,13.88,13.86,395.51,3499.99,1.191,24.9,7,0
2026-01-19 20:00:00,0.5217,14.42,27.84,22.47,33.2,131.499,32.693,57.26,230.33,26.5,17.1,1.3,16.73,13.53,377.39,3568.43,1.363,28.1,7,0
2026-01-19 21:00:00,0.5468,13.1,27.57,21.78,32.21,131.68,33.142,59.94,238.15,23.31,22.89,0.73,16.03,12.2,387.05,3422.86,1.447,28.5,7,0
2026-01-19 22:00:00,0.4858,12.88,24.86,20.07,29.02,132.482,33.017,52.93,212.39,30.59,21.01,1.46,16.34,11.4,416.2,3497.79,1.632,2.4,7,0
2026-01-19 23:00:00,0.4355,12.6,22.64,18.62,24.63,131.384,32.6,47.84,192.81,23.2,20.76,0.88,16.84,12.22,387.61,3440.13,1.541,159.8,7,0
2026-01-20 00:00:00,0.4375,13.33,23.45,19.4,26.25,131.964,33.067,47.85,190.96,29.13,20.09,0.78,19.03,11.88,411.99,3580.8,1.448,86.8,7,0
2026-01-20 01:00:00,0.4977,10.96,23.4,18.42,28.42,131.75,32.832,54.52,218.79,32.18,17.89,1.11,13.35,12.57,409.8,3508.18,1.168,18.0,7,0
2026-01-20 02:00:00,0.4126,9.21,18.43,14.74,20.75,132.541,32.6,44.94,182.7,27.93,18.77,1.13,16.74,13.57,397.75,3500.02,1.451,2.6,7,0
2026-01-20 03:00:00,0.5141,9.63,22.73,17.49,27.88,132.56,32.907,55.98,225.51,26.84,20.79,0.48,15.84,12.74,379.0,3402.59,1.21,178.1,7,0
2026-01-20 04:00:00,0.4945,8.75,21.06,16.14,23.35,130.789,33.339,54.57,214.1,29.89,18.77,0.86,17.17,12.31,401.23,3561.88,1.578,53.5,7,0
2026-01-20 05:00:00,0.4811,7.41,19.2,14.49,22.69,132.69,33.319,52.33,208.41,27.61,20.45,0.35,15.27,11.05,368.62,3572.03,1.576,8.4,7,0
2026-01-20 06:00:00,0.5235,4.51,18.0,12.61,22.52,131.597,33.25,57.42,227.25,30.65,18.27,0.8,17.4,12.52,392.35,3440.58,1.469,29.3,7,0
2026-01-20 07:00:00,0.5364,4.37,18.4,12.79,24.68,132.156,33.071,58.58,234.09,26.99,20.97,0.81,12.46,9.49,403.93,3514.18,1.591,28.6,7,0
2026-01-20 08:00:00,0.6187,6.51,24.14,17.09,29.71,131.38,33.157,67.98,269.35,29.78,21.12,1.09,13.04,10.84,413.32,3548.91,1.662,19.9,7,0
2026-01-20 09:00:00,0.6388,5.11,23.66,16.24,31.13,132.245,33.026,69.73,279.2,29.05,16.81,0.77,13.91,12.94,398.0,3679.31,1.536,13.6,7,0
2026-01-20 10:00:00,0.586,5.1,21.26,14.79,27.94,133.684,32.708,63.27,258.6,30.06,20.2,0.84,14.9,13.36,391.16,3533.16,1.471,90.2,7,0
2026-01-20 11:00:00,0.6414,6.88,25.55,18.08,31.96,132.084,32.761,70.09,282.57,35.0,17.03,1.4,15.14,12.0,389.96,3501.84,1.321,104.5,7,0
2026-01-20 12:00:00,0.6376,8.2,26.7,19.3,33.31,131.697,32.84,69.88,280.23,30.69,16.35,1.62,13.57,12.34,393.26,3489.42,1.466,23.0,7,0
2026-01-20 13:00:00,0.7057,7.83,29.58,20.88,38.16,131.847,33.37,77.25,305.23,31.61,18.88,0.73,13.07,12.59,409.64,3494.18,1.403,41.8,7,0
2026-01-20 14:00:00,0.623,9.91,27.74,20.61,33.15,131.03,33.284,68.62,270.15,28.22,25.66,1.31,13.74,13.06,405.53,3563.26,1.36,72.6,7,0
2026-01-20 15:00:00,0.7016,11.92,33.47,24.85,41.47,132.956,32.715,76.17,309.55,30.76,21.62,1.12,11.63,11.73,399.95,3431.32,1.441,115.5,7,0
2026-01-20 16:00:00,0.6366,11.03,29.48,22.1,37.39,132.207,33.014,69.5,278.32,29.27,22.85,0.48,14.47,10.56,409.73,3576.49,1.224,48.3,7,0
2026-01-20 17:00:00,0.582,13.24,29.23,22.83,35.4,131.308,32.894,63.98,255.39,30.18,21.29,0.77,14.93,12.62,400.29,3378.58,1.638,18.1,7,0
2026-01-20 18:00:00,0.5724,12.91,28.48,22.25,33.92,131.329,32.959,62.91,250.69,32.04,20.48,0.1,15.93,14.97,380.26,3555.19,1.519,55.2,7,0
2026-01-20 19:00:00,0.5428,13.54,27.84,22.12,32.94,132.01,32.858,59.35,238.45,28.59,21.86,1.1,15.38,10.65,383.63,3577.47,1.646,63.9,7,0
2026-01-20 20:00:00,0.5028,14.13,26.78,21.72,31.54,132.615,33.371,54.72,217.45,28.9,18.79,0.68,18.63,11.84,409.31,3566.38,1.572,47.1,7,0
2026-01-20 21:00:00,0.5197,15.0,28.34,23.0,33.55,131.24,32.995,57.16,227.35,28.64,21.01,1.04,16.67,11.46,379.67,3523.52,1.535,98.0,7,0
2026-01-20 22:00:00,0.4593,13.7,24.65,20.27,27.79,132.735,33.057,49.95,200.56,28.58,22.42,1.78,16.52,15.66,394.57,3533.48,1.549,64.0,7,0
2026-01-20 23:00:00,0.4149,12.58,21.88,18.16,26.03,131.94,33.059,45.38,181.13,30.61,21.47,1.48,15.78,10.59,398.57,3469.87,1.43,30.8,7,0
2026-01-21 00:00:00,0.4597,12.35,23.31,18.93,27.96,131.386,32.729,50.5,202.73,29.0,22.56,0.77,16.12,11.79,384.78,3411.89,1.626,5.9,7,0
2026-01-21 01:00:00,0.4136,9.95,19.2,15.5,22.65,131.691,33.029,45.33,180.75,34.59,20.44,0.7,14.61,11.49,375.27,3521.87,1.33,50.4,7,0
2026-01-21 02:00:00,0.4485,10.23,20.77,16.55,23.51,133.154,33.28,48.62,194.53,38.13,23.46,1.39,15.25,10.15,382.66,3507.41,1.421,42.9,7,0
2026-01-21 03:00:00,0.4538,9.64,20.37,16.08,23.06,131.084,33.389,49.97,196.18,28.39,19.65,0.7,18.89,10.07,373.14,3575.79,1.385,72.5,7,0
2026-01-21 04:00:00,0.4708,7.22,18.61,14.05,22.12,131.517,32.697,51.67,207.85,30.98,24.31,1.3,14.91,12.89,409.46,3490.59,1.738,15.4,7,0
2026-01-21 05:00:00,0.5777,6.06,21.86,15.54,27.58,132.629,32.599,62.87,255.79,33.21,21.22,1.83,12.38,13.1,406.25,3514.61,1.394,128.6,7,0
2026-01-21 06:00:00,0.5435,5.85,20.17,14.44,23.78,132.143,33.016,59.37,237.6,29.3,19.3,1.21,16.44,11.2,388.89,3524.89,1.665,12.1,7,0
2026-01-21 07:00:00,0.575,2.94,18.62,12.35,24.64,131.478,33.293,63.13,249.3,27.11,17.71,1.36,16.8,14.15,379.77,3547.69,1.283,159.2,7,0
2026-01-21 08:00:00,0.5403,5.34,19.53,13.85,25.52,132.637,33.095,58.79,235.63,35.31,18.46,1.33,15.36,8.66,417.78,3577.78,1.485,50.6,7,0
2026-01-21 09:00:00,0.5981,8.07,24.77,18.09,21.02,132.668,33.18,65.07,260.17,32.15,18.15,0.84,11.29,10.15,406.89,3425.6,1.472,94.6,7,0
2026-01-21 10:00:00,0.6449,5.35,24.18,16.65,30.71,132.219,32.641,70.4,285.15,31.05,19.89,1.09,17.62,10.8,390.97,3558.03,1.369,44.9,7,0
2026-01-21 11:00:00,0.6236,6.15,24.0,16.86,29.97,131.596,32.849,68.39,273.99,34.45,17.52,0.72,15.51,12.02,418.09,3487.45,1.412,12.9,7,0
2026-01-21 12:00:00,0.6915,8.05,29.11,20.68,37.48,131.698,32.42,75.79,307.87,32.41,22.66,1.39,14.43,11.36,402.35,3553.31,1.621,67.9,7,0
2026-01-21 13:00:00,0.6316,10.15,28.37,21.08,35.03,132.188,32.962,68.97,276.57,29.95,20.29,0.68,17.42,11.73,405.06,3620.18,1.465,4.8,7,0
2026-01-21 14:00:00,0.6557,10.78,30.12,22.38,37.78,131.134,32.429,72.17,291.84,27.17,20.21,1.22,11.0,12.76,384.66,3333.23,1.383,18.8,7,0
2026-01-21 15:00:00,0.6367,8.94,27.39,20.01,34.77,132.876,33.352,69.16,275.55,28.62,17.74,1.34,15.27,14.22,377.54,3599.06,1.653,110.2,7,0
2026-01-21 16:00:00,0.6433,12.87,31.63,24.12,39.54,133.122,33.41,69.75,277.92,33.71,18.53,0.86,13.97,13.24,376.73,3492.44,1.518,42.6,7,0
2026-01-21 17:00:00,0.5985,15.91,32.62,25.94,37.81,131.844,33.037,65.52,261.47,32.14,15.63,0.79,18.03,12.12,431.53,3433.47,1.549,19.7,7,0
2026-01-21 18:00:00,0.5854,14.75,30.89,24.44,36.89,132.235,32.601,63.9,259.2,29.54,23.31,0.95,15.53,11.92,387.87,3466.91,1.657,54.3,7,0
2026-01-21 19:00:00,0.5606,13.48,28.53,22.51,33.58,132.783,33.099,60.94,244.46,35.4,17.24,0.74,13.32,13.69,401.26,3419.4,1.712,24.1,7,0
2026-01-21 20:00:00,0.5198,15.08,28.42,23.09,18.14,133.291,33.491,56.28,224.01,29.62,17.39,1.05,17.32,14.86,407.18,3542.51,1.117,79.6,7,0
2026-01-21 21:00:00,0.5322,13.35,27.2,21.66,32.71,133.028,33.126,57.75,231.91,33.06,22.9,0.73,10.13,12.99,399.97,3419.13,1.45,35.9,7,0
2026-01-21 22:00:00,0.5041,15.37,28.07,22.99,33.17,130.855,33.313,55.61,218.43,30.76,20.85,0.75,16.06,11.3,397.97,3598.26,1.201,5.7,7,0
2026-01-21 23:00:00,0.4784,12.38,24.06,19.39,29.07,131.792,32.872,52.4,210.07,35.89,20.31,1.17,12.52,12.42,397.64,3557.27,1.848,26.2,7,0
2026-01-22 00:00:00,0.459,12.49,23.42,19.05,27.34,132.33,32.77,50.06,202.16,32.35,20.75,1.19,14.12,12.91,407.49,3520.09,1.452,18.0,7,0
2026-01-22 01:00:00,0.4924,10.35,22.58,17.69,26.61,131.674,32.981,53.97,215.48,30.23,21.98,0.92,14.57,11.2,384.69,3339.03,1.592,37.4,7,0
2026-01-22 02:00:00,0.4648,9.37,20.52,16.06,23.99,133.177,32.491,50.38,206.49,29.56,20.27,0.51,16.87,13.33,393.68,3396.11,1.338,30.8,7,0
2026-01-22 03:00:00,0.4727,10.1,21.56,16.98,23.97,133.075,33.598,51.27,203.07,30.05,16.98,1.36,19.45,12.43,365.73,3495.51,1.383,44.3,7,0
2026-01-22 04:00:00,0.5009,7.52,20.09,15.06,25.43,131.461,33.037,55.0,218.85,27.92,21.54,0.87,11.49,13.78,372.34,3499.87,1.615,119.7,7,0
2026-01-22 05:00:00,0.5694,5.82,21.25,15.08,26.5,131.893,33.229,62.31,247.33,26.0,20.92,1.62,15.94,10.57,380.82,3577.11,1.562,16.0,7,0
2026-01-22 06:00:00,0.5024,4.44,17.07,12.02,21.76,131.505,32.878,55.14,220.55,31.02,22.42,0.97,19.45,9.42,413.09,3268.92,1.703,5.1,7,0
2026-01-22 07:00:00,0.5916,3.21,19.62,13.05,26.11,131.871,32.593,64.75,261.98,28.5,17.57,1.05,13.9,11.45,396.2,3441.19,1.371,67.2,7,0
2026-01-22 08:00:00,0.5376,3.66,17.74,12.11,21.65,131.851,33.376,58.85,232.48,28.49,18.61,0.88,13.78,12.07,410.75,3568.89,1.436,21.3,7,0
2026-01-22 09:00:00,0.625,5.19,23.11,15.94,29.01,132.63,32.703,68.02,275.85,29.83,20.86,1.08,15.52,9.33,406.06,3474.95,1.589,50.9,7,0
2026-01-22 10:00:00,0.6864,6.56,27.38,19.05,36.62,131.414,33.092,75.4,299.41,30.25,18.18,2.05,16.71,11.12,404.19,3464.54,1.643,43.8,7,0
2026-01-22 11:00:00,0.6697,5.82,25.83,17.82,33.68,130.273,33.117,74.21,291.9,30.12,15.37,0.9,16.36,13.96,386.13,3372.95,1.598,4.3,7,0
2026-01-22 12:00:00,0.6702,8.98,29.01,21.0,36.19,130.941,33.02,73.88,292.96,35.31,20.47,1.39,14.33,12.84,401.41,3586.61,1.337,47.7,7,0
2026-01-22 13:00:00,0.6517,7.9,27.05,19.39,34.17,131.321,32.793,71.63,286.83,32.08,21.86,1.03,13.44,12.24,404.11,3463.13,1.384,138.7,7,0
2026-01-22 14:00:00,0.666,9.67,29.51,21.57,37.92,131.567,32.96,73.07,291.65,36.42,19.81,1.36,17.68,10.45,433.3,3589.43,1.584,14.8,7,0
2026-01-22 15:00:00,0.6475,10.13,29.09,21.5,36.96,132.124,32.749,70.74,285.39,28.78,21.17,0.43,13.5,13.91,395.1,3619.19,1.292,18.6,7,0
2026-01-22 16:00:00,0.6156,13.4,30.89,23.89,36.16,131.287,33.214,67.68,267.53,32.45,20.88,1.59,11.22,11.41,411.27,3607.3,1.375,30.8,7,0
2026-01-22 17:00:00,0.6098,15.55,32.77,25.88,40.4,131.201,33.151,67.08,265.5,28.95,20.09,1.11,12.14,12.18,398.43,3499.34,1.51,26.2,7,0
2026-01-22 18:00:00,0.6003,12.48,29.28,22.56,36.18,131.387,32.994,65.95,262.62,28.41,20.34,0.92,13.9,12.65,389.76,3463.2,1.384,12.0,7,0
2026-01-22 19:00:00,0.5455,14.4,28.8,23.04,33.74,131.264,32.85,59.98,239.67,36.53,22.77,1.28,18.03,12.29,413.33,3457.75,1.507,13.6,7,0
2026-01-22 20:00:00,0.5184,16.18,29.46,24.15,33.07,131.634,33.556,56.84,222.99,27.79,18.14,1.05,12.67,14.27,428.66,3659.41,1.446,65.3,7,0
2026-01-22 21:00:00,0.4777,13.3,24.95,20.29,29.67,131.606,32.656,52.39,211.13,23.4,21.62,0.66,18.09,12.9,404.22,3484.99,1.321,34.3,7,0
2026-01-22 22:00:00,0.5095,14.81,27.73,22.56,32.52,132.455,32.592,55.52,225.64,27.97,17.71,0.28,17.66,12.54,390.05,3586.19,1.34,12.7,7,0
2026-01-22 23:00:00,0.4982,14.67,27.13,22.15,30.19,131.347,32.978,54.75,218.07,24.07,18.48,1.55,15.5,11.91,407.3,3540.53,1.641,39.7,7,0
2026-01-23 00:00:00,0.4796,12.6,24.33,19.64,28.06,131.764,32.932,52.54,210.22,27.24,22.46,0.94,9.95,12.68,404.48,3469.02,1.497,80.7,7,0
2026-01-23 01:00:00,0.4982,11.87,24.34,19.35,31.06,131.64,33.29,54.63,216.03,27.52,17.65,0.82,12.68,11.72,433.54,3481.7,1.486,117.5,7,0
2026-01-23 02:00:00,0.4753,11.79,23.35,18.72,27.2,132.534,33.171,51.77,206.83,30.2,19.59,0.84,13.78,12.32,411.42,3596.62,1.446,3.7,7,0
2026-01-23 03:00:00,0.4944,10.68,22.99,18.07,26.56,131.898,33.008,54.11,216.21,23.95,24.8,1.44,18.51,11.52,386.29,3504.45,1.311,9.9,7,0
2026-01-23 04:00:00,0.5077,7.46,20.31,15.17,23.88,132.693,33.132,55.22,221.17,33.69,22.12,0.86,13.91,11.29,419.41,3465.64,1.369,49.4,7,0
2026-01-23 05:00:00,0.5165,5.96,19.16,13.88,25.12,131.239,33.127,56.81,225.06,24.47,18.6,1.2,13.5,10.66,411.92,3437.4,1.098,93.4,7,0
2026-01-23 06:00:00,0.5275,4.78,18.43,12.97,23.84,131.967,33.555,57.69,226.89,29.71,18.94,0.9,15.43,11.63,414.32,3527.55,1.368,97.6,7,0
2026-01-23 07:00:00,0.6357,6.17,24.58,17.22,32.58,131.62,33.067,69.71,277.49,29.13,19.73,0.63,12.23,11.53,406.97,3460.63,1.425,38.1,7,0
2026-01-23 08:00:00,0.5816,3.65,19.62,13.23,25.57,131.191,32.82,63.99,255.78,32.57,22.7,1.28,15.0,14.78,415.42,3549.46,1.573,16.4,7,0
2026-01-23 09:00:00,0.5993,4.94,21.69,14.99,28.8,131.955,33.052,65.55,261.71,31.15,18.07,1.34,13.45,13.52,406.9,3705.48,1.409,126.9,7,0
2026-01-23 10:00:00,0.653,5.8,25.01,17.33,31.58,133.144,32.309,70.79,291.73,33.66,17.95,0.8,20.42,11.84,396.48,3543.4,1.644,177.5,7,0
2026-01-23 11:00:00,0.6634,5.99,25.7,17.81,33.31,131.437,32.991,72.86,290.26,29.01,21.5,0.99,13.21,11.4,402.31,3646.28,1.493,87.0,7,0
2026-01-23 12:00:00,0.6237,7.81,25.66,18.52,32.5,131.916,33.289,68.25,270.45,28.7,16.71,1.03,18.91,12.96,398.55,3444.77,1.534,10.9,7,0
2026-01-23 13:00:00,0.703,11.3,32.92,24.27,42.42,131.134,33.159,77.37,305.99,31.34,18.25,1.14,12.77,14.95,405.41,3556.68,1.547,37.4,7,0
2026-01-23 14:00:00,0.663,9.9,29.59,21.72,37.32,131.037,33.079,73.04,289.32,33.19,19.9,1.6,15.57,13.23,401.49,3602.41,1.636,79.3,7,0
2026-01-23 15:00:00,0.6226,10.88,28.69,21.57,34.78,131.48,33.171,68.34,270.89,32.57,20.01,0.91,16.05,9.46,395.58,3612.35,1.692,21.4,7,0
2026-01-23 16:00:00,0.6757,13.54,33.83,25.72,41.65,131.703,33.291,74.05,292.94,31.06,17.34,0.91,15.33,13.33,397.57,3604.3,1.39,68.2,7,0
2026-01-23 17:00:00,0.6381,13.8,32.32,24.91,37.9,131.732,33.376,69.91,275.93,30.8,20.78,0.95,15.21,13.6,400.24,3503.29,1.783,48.5,7,0
2026-01-23 18:00:00,0.5572,15.8,30.7,24.74,34.13,131.851,33.118,61.0,242.86,29.99,21.18,0.72,16.77,15.34,373.58,3573.16,1.35,46.8,7,0
2026-01-23 19:00:00,0.6226,15.02,32.82,25.7,40.08,130.912,32.917,68.64,273.01,31.33,18.75,0.49,15.88,11.66,415.66,3420.56,1.484,40.9,7,0
2026-01-23 20:00:00,0.5632,14.78,29.94,23.88,35.03,131.587,32.389,61.77,250.97,36.2,23.4,1.05,14.7,12.24,405.51,3630.54,1.402,85.2,7,0
2026-01-23 21:00:00,0.519,13.07,26.38,21.05,30.75,132.331,33.258,56.61,225.23,29.37,20.75,1.16,13.7,12.71,391.12,3425.8,1.686,30.5,7,0
2026-01-23 22:00:00,0.5463,12.74,27.18,21.4,32.92,131.104,33.136,60.14,237.95,29.01,18.06,1.01,14.72,10.89,409.16,3602.3,1.314,28.1,7,0
2026-01-23 23:00:00,0.4875,11.73,23.76,18.95,28.92,131.766,33.04,53.4,212.95,28.78,23.32,0.99,14.69,10.76,392.67,3585.46,1.551,49.0,7,0
2026-01-24 00:00:00,0.4016,13.02,21.85,18.32,25.02,132.193,32.818,43.85,176.63,31.27,19.03,0.74,14.65,12.64,392.67,3584.95,1.07,257.9,7,0
2026-01-24 01:00:00,0.3798,10.07,18.15,14.92,22.14,131.484,33.255,41.69,164.83,23.73,20.43,1.08,15.2,9.72,405.92,3667.22,1.512,64.2,7,0
2026-01-24 02:00:00,0.4199,11.4,20.88,17.09,24.28,132.225,32.932,45.84,184.04,29.69,19.1,1.06,12.23,10.06,421.76,3586.17,1.381,5.3,7,0
2026-01-24 03:00:00,0.4252,8.88,18.55,14.68,21.87,130.996,32.991,46.86,186.05,32.74,21.32,1.15,12.99,13.26,404.49,3395.85,1.356,29.5,7,0
2026-01-24 04:00:00,0.4249,7.4,17.06,13.19,20.32,132.586,32.985,46.26,185.93,28.52,19.11,1.1,16.71,12.78,388.66,3549.16,1.309,30.8,7,0
2026-01-24 05:00:00,0.4184,5.76,15.19,11.42,17.13,132.241,33.119,45.66,182.33,30.66,19.23,1.12,10.55,13.91,395.02,3350.83,1.399,40.0,7,0
2026-01-24 06:00:00,0.4665,6.43,17.65,13.16,22.12,132.037,32.697,50.99,205.92,36.43,19.75,1.4,17.44,12.73,413.03,3494.69,1.38,90.3,7,0
2026-01-24 07:00:00,0.4825,4.51,16.35,11.61,18.35,132.742,33.149,52.46,210.08,31.09,19.07,1.18,13.93,12.05,406.36,3468.18,1.218,39.4,7,0
2026-01-24 08:00:00,0.4666,4.16,15.38,10.89,18.61,131.783,32.81,51.1,205.25,23.38,22.22,1.15,18.39,13.97,414.69,3553.01,1.316,164.1,7,0
2026-01-24 09:00:00,0.4829,6.5,18.36,13.62,22.34,131.592,32.819,52.97,212.38,25.87,17.56,0.48,17.5,11.4,406.2,3436.14,1.561,5.2,7,0
2026-01-24 10:00:00,0.5616,6.17,21.26,15.23,25.99,132.906,33.234,60.99,243.92,29.35,20.0,1.32,14.39,11.54,411.86,3438.54,1.42,3.3,7,0
2026-01-24 11:00:00,0.4801,6.37,18.12,13.42,21.68,133.215,32.737,52.02,211.68,27.69,20.25,0.92,14.6,11.94,430.49,3542.08,1.321,6.9,7,0
2026-01-24 12:00:00,0.5728,8.28,23.87,17.63,30.92,131.542,33.233,62.85,248.79,30.41,19.83,1.03,18.24,12.71,380.01,3595.96,1.493,3.8,7,0
2026-01-24 13:00:00,0.5552,8.86,23.68,17.75,29.8,131.925,33.027,60.75,242.65,29.22,22.01,0.62,17.6,11.94,436.4,3502.19,1.551,158.4,7,0
2026-01-24 14:00:00,0.6059,10.53,27.57,20.75,33.26,132.69,32.565,65.91,268.56,33.6,17.07,1.63,17.0,9.81,414.34,3687.83,1.6,46.7,7,0
2026-01-24 15:00:00,0.5434,10.62,24.94,19.21,29.58,131.948,33.36,59.44,235.1,26.83,21.21,0.26,17.34,11.64,439.67,3474.52,1.522,53.4,7,0
2026-01-24 16:00:00,0.5645,14.71,29.93,23.84,34.33,132.392,33.082,61.54,246.27,29.48,17.58,1.45,12.87,11.99,385.55,3556.37,1.664,27.2,7,0
2026-01-24 17:00:00,0.5152,13.1,26.25,20.99,31.32,132.515,33.104,56.11,224.61,30.75,19.06,1.13,15.46,12.21,406.03,3529.29,1.465,63.6,7,0
2026-01-24 18:00:00,0.51,16.03,28.97,23.79,33.19,131.629,33.266,55.92,221.27,31.12,17.38,0.43,13.51,11.36,402.69,3474.57,1.42,87.6,7,0
2026-01-24 19:00:00,0.5067,14.78,27.59,22.47,30.38,132.277,33.396,55.29,218.98,30.54,19.41,1.62,12.82,12.8,413.55,3606.9,1.584,95.0,7,0
2026-01-24 20:00:00,0.4487,15.95,26.49,22.27,29.99,131.996,33.053,49.06,195.93,22.87,18.92,1.16,15.38,9.62,407.34,3430.77,1.318,25.9,7,0
2026-01-24 21:00:00,0.472,15.71,27.14,22.56,31.27,131.197,33.163,51.92,205.41,30.35,23.35,0.3,14.22,12.66,405.66,3335.93,1.375,95.1,7,0
2026-01-24 22:00:00,0.3946,15.62,24.2,20.77,27.62,131.347,33.098,43.37,172.1,29.65,20.56,0.88,14.72,14.73,411.98,3491.9,1.158,21.4,7,0
2026-01-24 23:00:00,0.4198,12.84,22.31,18.52,25.25,131.569,32.909,46.05,184.12,32.69,20.95,1.17,14.05,11.13,398.7,3481.44,1.682,6.2,7,0
2026-01-25 00:00:00,0.4308,13.84,23.71,19.76,26.57,132.613,32.582,46.89,190.85,32.27,17.86,1.52,12.54,12.12,392.56,3587.02,1.728,125.7,7,0
2026-01-25 01:00:00,0.42,13.4,22.89,19.09,27.48,132.634,33.057,45.71,183.4,30.82,21.56,0.88,18.44,11.67,407.1,3402.02,1.384,219.3,7,0
2026-01-25 02:00:00,0.4606,10.0,21.0,16.6,24.61,132.495,33.364,50.18,199.27,31.04,23.35,0.21,15.36,11.69,392.53,3543.89,1.545,4.5,7,0
2026-01-25 03:00:00,0.3887,9.0,17.38,14.03,20.53,132.29,33.154,42.41,169.23,34.16,21.81,1.44,12.17,10.49,398.42,3534.21,1.499,7.5,7,0
2026-01-25 04:00:00,0.3838,7.24,15.45,12.16,17.52,132.272,32.718,41.88,169.29,33.55,17.45,1.15,15.41,15.02,378.68,3527.82,1.42,41.2,7,0
2026-01-25 05:00:00,0.4129,6.38,15.61,11.92,19.06,132.183,33.29,45.09,179.03,30.93,19.15,0.34,18.09,12.62,401.14,3585.53,1.589,146.6,7,0
2026-01-25 06:00:00,0.483,7.64,19.5,14.76,22.31,132.269,32.918,52.71,211.8,36.54,20.29,1.11,16.97,11.03,386.37,3500.12,1.252,57.5,7,0
2026-01-25 07:00:00,0.5002,4.43,16.97,11.95,20.85,132.314,32.448,54.56,222.49,28.22,18.92,1.14,14.01,10.86,399.81,3506.18,1.422,144.0,7,0
2026-01-25 08:00:00,0.5103,4.32,17.27,12.09,20.73,131.073,33.269,56.19,221.39,26.54,25.14,0.91,14.06,12.13,384.01,3538.02,1.142,17.0,7,0
2026-01-25 09:00:00,0.494,7.04,19.34,14.42,23.01,131.478,32.75,54.24,217.73,30.07,19.11,0.76,13.14,8.79,400.01,3493.85,1.295,10.3,7,0
2026-01-25 10:00:00,0.5683,6.56,21.94,15.79,28.43,131.321,33.47,62.47,245.09,28.98,19.99,0.82,13.57,13.62,413.8,3393.74,1.24,0.7,7,0
2026-01-25 11:00:00,0.5221,8.85,22.28,16.91,26.42,132.731,33.303,56.78,226.28,22.7,18.87,0.91,13.73,11.27,391.36,3469.17,1.185,98.4,7,0
2026-01-25 12:00:00,0.6021,7.31,24.19,17.44,30.92,133.092,32.94,65.3,263.83,28.14,20.54,1.11,12.11,12.62,386.3,3481.29,1.427,7.9,7,0
2026-01-25 13:00:00,0.656,9.09,28.45,20.71,36.98,130.568,33.121,72.51,285.85,31.13,22.84,1.24,14.16,12.69,412.03,3457.01,1.583,27.4,7,0
2026-01-25 14:00:00,0.5783,9.6,25.42,19.09,31.09,133.033,33.64,62.75,248.14,29.93,20.31,0.36,15.74,13.49,414.0,3476.69,1.389,29.3,7,0
2026-01-25 15:00:00,0.5763,11.7,27.43,21.14,33.88,132.057,33.264,62.99,250.08,27.77,19.64,1.08,14.22,12.78,406.66,3516.38,1.406,13.0,7,0
2026-01-25 16:00:00,0.5305,10.99,24.77,19.26,29.98,132.668,33.063,57.72,231.61,30.23,17.93,1.15,15.48,13.15,393.32,3480.1,1.355,18.2,7,0
2026-01-25 17:00:00,0.4734,14.48,25.97,21.37,29.87,132.334,33.763,51.64,202.39,30.47,22.49,1.06,18.29,13.57,390.86,3570.33,1.458,19.3,7,0
2026-01-25 18:00:00,0.4891,14.92,27.02,22.18,31.69,132.951,33.031,53.1,213.75,32.25,19.79,0.88,18.72,11.54,395.33,3571.58,1.354,27.3,7,0
2026-01-25 19:00:00,0.4524,15.03,25.72,21.44,30.67,132.138,33.154,49.42,196.98,28.18,19.7,1.43,14.91,15.26,399.41,3311.71,1.275,30.9,7,0
2026-01-25 20:00:00,0.4198,14.87,24.35,20.56,26.83,131.1,32.753,46.22,185.01,32.72,15.4,1.41,16.81,12.57,374.42,3387.36,1.55,36.6,7,0
2026-01-25 21:00:00,0.4944,14.2,26.51,21.58,29.9,131.93,32.558,54.09,219.18,26.83,19.82,0.9,14.72,12.0,385.56,3309.64,1.316,23.4,7,0
2026-01-25 22:00:00,0.4333,15.32,25.29,21.3,27.67,132.34,32.924,47.26,189.96,28.59,19.27,0.98,14.07,10.78,419.07,3480.11,1.226,24.3,7,0
2026-01-25 23:00:00,0.423,12.63,22.22,18.38,26.06,131.857,33.01,46.3,184.96,35.2,16.42,1.24,12.82,11.73,403.41,3475.14,1.522,226.4,7,0
2026-01-26 00:00:00,0.4658,13.4,24.59,20.11,29.18,132.434,33.087,50.76,203.19,27.03,22.05,1.39,15.22,12.64,418.71,3514.1,1.18,65.1,7,0
2026-01-26 01:00:00,0.4665,13.75,24.97,20.48,28.24,131.957,32.625,51.02,206.36,28.12,19.01,0.76,17.22,12.18,415.54,3569.42,1.618,11.7,7,0
2026-01-26 02:00:00,0.504,11.87,24.56,19.49,27.17,131.607,33.174,55.27,219.28,26.34,23.87,0.69,12.5,14.78,395.62,3498.6,1.298,2.2,7,0
2026-01-26 03:00:00,0.4841,7.58,19.49,14.73,22.93,131.283,32.781,53.22,213.14,27.62,22.9,1.09,14.48,11.45,395.84,3453.79,1.454,76.9,7,0
2026-01-26 04:00:00,0.5168,7.35,20.56,15.28,25.54,131.741,33.161,56.63,224.97,30.52,18.64,0.67,14.38,13.06,414.8,3501.68,1.309,35.5,7,0
2026-01-26 05:00:00,0.5158,7.27,20.44,15.17,24.91,132.135,33.247,56.34,223.91,32.22,22.81,0.42,15.54,10.35,411.68,3462.51,1.46,72.3,7,0
2026-01-26 06:00:00,0.5355,5.98,19.97,14.38,24.99,130.707,32.896,59.13,234.96,30.05,23.3,0.76,15.58,15.31,415.11,3383.84,1.39,11.4,7,0
2026-01-26 07:00:00,0.5294,4.15,17.89,12.4,22.24,131.485,32.746,58.12,233.37,29.13,18.96,1.13,16.13,10.25,400.1,3578.65,1.317,72.5,7,0
2026-01-26 08:00:00,0.5382,5.77,19.87,14.23,25.61,130.682,33.408,59.44,232.52,26.37,18.01,1.47,18.84,15.15,402.44,3535.99,1.229,4.7,7,0
2026-01-26 09:00:00,0.6138,5.54,22.95,15.99,29.63,131.593,33.23,67.32,266.6,27.92,15.77,0.79,13.31,11.83,396.47,3617.94,1.426,46.4,7,0
2026-01-26 10:00:00,0.644,7.97,26.76,19.25,34.28,132.79,33.04,70.0,281.35,25.46,20.84,0.97,13.2,8.69,399.5,3403.07,1.593,118.7,7,0
2026-01-26 11:00:00,0.6197,6.59,24.26,17.2,30.92,131.217,33.388,68.16,267.88,32.31,18.13,1.05,15.55,14.07,390.02,3372.85,1.611,86.9,7,0
2026-01-26 12:00:00,0.6672,9.05,28.94,20.98,36.93,132.464,33.022,72.7,291.63,32.52,20.9,0.81,17.96,12.16,399.18,3427.15,1.426,8.4,7,0
2026-01-26 13:00:00,0.6733,7.82,28.0,19.93,36.07,133.88,32.836,72.58,295.94,29.98,18.94,0.79,12.13,11.36,397.9,3533.94,1.429,5.2,7,0
2026-01-26 14:00:00,0.6036,9.36,26.3,19.52,31.75,132.959,32.736,65.52,266.12,31.43,18.52,1.11,15.71,13.0,393.42,3570.75,1.476,21.3,7,0
2026-01-26 15:00:00,0.6308,12.4,30.58,23.31,37.64,132.088,32.972,68.93,276.14,32.73,18.95,0.65,14.65,13.03,412.17,3524.94,1.516,82.2,7,0
2026-01-26 16:00:00,0.6546,13.97,33.26,25.54,41.17,132.567,33.204,71.27,284.54,30.41,17.48,0.77,16.76,12.66,379.15,3513.53,1.527,41.6,7,0
2026-01-26 17:00:00,0.6333,12.96,31.26,23.94,39.0,131.096,33.367,69.72,273.93,34.28,18.95,0.94,16.31,13.74,405.37,3570.4,1.452,88.8,7,0
2026-01-26 18:00:00,0.5629,14.74,29.89,23.83,35.61,130.962,33.006,62.04,246.16,27.03,18.6,1.1,15.15,12.42,386.48,3465.28,1.427,1.4,7,0
2026-01-26 19:00:00,0.5764,13.83,29.57,23.27,34.44,132.019,33.32,63.02,249.68,29.06,20.05,0.55,16.03,13.01,387.59,3586.56,1.445,168.8,7,0
2026-01-26 20:00:00,0.5764,15.2,30.94,24.65,35.94,132.263,32.943,62.91,252.56,28.7,20.29,0.97,13.73,11.26,388.87,3660.84,1.126,58.0,7,0
2026-01-26 21:00:00,0.545,16.05,30.44,24.68,35.14,132.722,32.794,59.26,239.85,32.04,17.93,0.62,16.65,13.19,407.37,3417.02,1.412,30.7,7,0
2026-01-26 22:00:00,0.4981,14.28,26.74,21.75,31.11,131.625,32.655,54.62,220.15,25.8,22.28,0.8,17.82,11.26,366.44,3481.72,1.566,99.9,7,0
2026-01-26 23:00:00,0.471,13.67,25.06,20.51,28.74,132.128,32.866,51.45,206.85,34.45,19.76,1.24,15.25,10.35,402.84,3390.86,1.644,130.8,7,0
2026-01-27 00:00:00,0.4569,11.88,22.73,18.39,25.38,132.105,32.665,49.92,201.91,31.79,23.08,0.98,14.24,11.73,400.99,3424.83,1.605,95.8,7,0
2026-01-27 01:00:00,0.4864,11.15,23.15,18.35,26.27,131.913,33.531,53.23,209.4,35.35,20.56,1.51,14.76,11.62,385.75,3533.45,1.457,5.6,7,0
2026-01-27 02:00:00,0.4817,12.27,24.08,19.35,26.34,131.952,33.116,52.69,209.94,29.98,20.22,0.98,16.63,13.43,403.04,3367.2,1.263,49.6,7,0
2026-01-27 03:00:00,0.5047,9.29,22.01,16.92,23.85,131.436,32.975,55.42,220.91,28.45,19.09,1.3,14.97,9.86,382.11,3439.68,1.37,58.3,7,0
2026-01-27 04:00:00,0.5057,7.01,19.77,14.66,24.01,132.185,33.455,55.21,218.16,32.07,21.31,1.24,12.65,13.68,399.65,3586.34,1.339,33.5,7,0
2026-01-27 05:00:00,0.547,6.66,21.13,15.34,28.07,132.129,32.656,59.75,241.76,33.19,20.14,1.0,16.96,11.1,381.54,3519.93,1.262,47.3,7,0
2026-01-27 06:00:00,0.5494,4.58,19.15,13.33,25.72,131.71,32.964,60.2,240.55,27.96,21.79,0.61,13.09,8.34,431.06,3563.49,1.333,18.6,7,0
2026-01-27 07:00:00,0.596,4.66,21.27,14.63,26.52,132.439,33.528,64.95,256.56,24.11,23.29,0.97,15.9,10.23,413.23,3398.57,1.389,136.3,7,0
2026-01-27 08:00:00,0.6244,6.87,24.76,17.6,31.5,132.678,32.962,67.93,273.43,24.62,18.62,0.85,11.32,11.58,404.01,3507.47,1.303,7.2,7,0
2026-01-27 09:00:00,0.5983,5.54,22.24,15.56,27.15,132.447,33.646,65.2,256.65,30.89,21.3,0.83,15.27,12.7,385.98,3652.99,1.639,6.1,7,0
2026-01-27 10:00:00,0.5889,8.07,24.36,17.84,29.2,131.312,33.207,64.73,255.96,34.72,21.25,1.05,14.91,11.84,396.18,3449.1,1.586,35.6,7,0
2026-01-27 11:00:00,0.7053,6.88,28.61,19.92,36.11,132.066,33.345,77.09,305.31,26.2,20.99,0.57,11.12,10.22,396.8,3463.02,1.545,144.6,7,0
2026-01-27 12:00:00,0.6767,7.97,28.32,20.18,35.92,131.398,33.352,74.33,292.85,29.29,19.21,0.74,15.72,10.87,403.94,3548.59,1.596,9.0,7,0
2026-01-27 13:00:00,0.621,9.86,27.59,20.49,33.99,132.064,33.0,67.87,271.6,29.06,19.25,0.7,12.85,10.25,406.29,3430.07,1.556,118.9,7,0
2026-01-27 14:00:00,0.6476,7.84,26.8,19.21,34.13,131.401,32.871,71.13,284.36,35.86,18.91,0.93,15.22,12.43,403.68,3559.44,1.414,85.1,7,0
2026-01-27 15:00:00,0.6822,12.01,32.61,24.37,41.06,132.843,32.97,74.12,298.65,36.88,18.87,0.77,14.23,11.9,405.44,3358.33,1.811,7.8,7,0
2026-01-27 16:00:00,0.6347,12.96,31.32,23.98,37.9,132.517,32.739,69.14,279.83,31.38,18.4,0.79,12.09,12.96,397.76,3308.01,1.402,49.7,7,0
2026-01-27 17:00:00,0.607,15.53,32.63,25.79,38.92,132.761,32.983,66.0,265.66,32.8,19.87,1.05,12.96,9.38,405.45,3527.22,1.253,40.8,7,0
2026-01-27 18:00:00,0.6403,15.8,34.43,26.98,40.52,132.694,32.999,69.65,280.08,32.71,18.56,0.87,13.12,11.24,390.74,3423.68,1.544,95.3,7,0
2026-01-27 19:00:00,0.541,14.2,28.42,22.74,32.32,131.821,33.446,59.24,233.47,26.26,20.95,1.01,17.02,15.08,384.36,3456.81,1.555,382.8,7,0
2026-01-27 20:00:00,0.5226,16.75,30.2,24.82,33.65,131.719,33.157,57.26,227.49,32.2,20.19,0.67,16.72,13.0,428.03,3572.2,1.416,34.6,7,0
2026-01-27 21:00:00,0.5288,15.08,28.78,23.3,34.06,133.15,33.624,57.32,226.98,27.04,20.42,0.76,19.44,11.59,406.55,3552.01,1.651,24.0,7,0
2026-01-27 22:00:00,0.5134,13.93,27.01,21.78,31.22,131.891,32.43,56.19,228.51,29.59,19.53,1.62,14.03,10.56,427.4,3403.89,1.484,10.8,7,0
2026-01-27 23:00:00,0.5007,14.24,26.8,21.78,29.57,131.106,32.679,55.12,221.15,33.52,20.22,0.8,13.96,13.7,396.19,3543.65,1.327,56.5,7,0
2026-01-28 00:00:00,0.5039,12.93,25.63,20.55,29.89,132.665,32.906,54.83,221.04,30.35,19.58,0.37,15.32,14.34,436.47,3478.06,1.363,12.2,7,0
2026-01-28 01:00:00,0.4791,13.47,25.18,20.49,28.08,132.095,33.394,52.35,207.09,33.41,21.64,1.11,14.34,10.32,401.51,3535.44,1.462,137.3,7,0
2026-01-28 02:00:00,0.4913,10.98,23.16,18.29,28.6,132.994,32.971,53.32,215.06,34.0,19.19,0.79,13.89,10.46,417.5,3500.46,1.458,94.2,7,0
2026-01-28 03:00:00,0.4788,9.55,21.24,16.57,24.68,132.16,32.612,52.29,211.91,24.83,20.83,1.08,15.16,12.46,400.8,3381.8,1.621,128.4,7,0
2026-01-28 04:00:00,0.5043,9.04,21.75,16.66,26.62,131.987,32.935,55.15,221.03,23.57,17.47,0.98,16.46,12.6,402.79,3445.03,1.577,69.2,7,0
2026-01-28 05:00:00,0.5264,8.19,21.8,16.36,27.39,133.007,32.684,57.12,232.47,33.59,21.5,1.17,10.83,12.76,398.58,3309.11,1.228,13.0,7,0
2026-01-28 06:00:00,0.5537,7.09,21.85,15.95,26.3,130.985,32.632,61.02,244.93,33.71,18.96,0.98,13.91,14.8,392.92,3516.89,1.452,15.4,7,0
2026-01-28 07:00:00,0.5964,7.23,23.84,17.2,29.95,131.614,33.528,65.4,256.73,30.87,18.25,0.94,12.25,10.58,415.02,3533.83,1.312,54.4,7,0
2026-01-28 08:00:00,0.6157,6.25,23.74,16.74,30.62,131.414,32.907,67.63,270.06,31.28,17.8,1.35,14.74,12.1,400.18,3445.73,1.727,168.8,7,0
2026-01-28 09:00:00,0.6245,5.97,23.87,16.71,30.59,130.551,33.046,69.05,272.77,32.78,17.64,0.34,15.92,13.12,412.77,3492.83,1.366,21.1,7,0
2026-01-28 10:00:00,0.6196,7.55,25.21,18.15,32.03,132.576,32.975,67.46,271.21,32.73,19.12,0.61,17.29,13.1,413.87,3424.16,1.54,86.7,7,0
2026-01-28 11:00:00,0.6618,7.01,26.64,18.79,33.02,131.632,32.934,72.57,290.05,29.19,23.08,0.76,14.18,11.07,421.53,3602.6,1.426,12.2,7,0
2026-01-28 12:00:00,0.6689,8.17,28.14,20.15,36.19,132.598,32.778,72.82,294.56,32.97,18.79,0.5,15.26,11.13,406.63,3399.21,1.238,325.2,7,0
2026-01-28 13:00:00,0.679,11.06,31.52,23.34,38.96,132.257,32.918,74.1,297.71,29.07,15.66,0.86,11.69,11.35,377.65,3477.21,1.351,41.9,7,0
2026-01-28 14:00:00,0.736,12.26,35.53,26.22,45.01,132.401,33.089,80.23,321.04,30.84,20.81,0.83,13.33,14.59,395.51,3398.23,1.531,2.4,7,0
2026-01-28 15:00:00,0.6441,11.92,30.72,23.2,38.51,131.699,33.375,70.59,278.54,30.7,17.85,1.3,15.47,10.57,399.94,3520.88,1.607,24.2,7,0
2026-01-28 16:00:00,0.6566,12.68,32.07,24.31,39.93,131.496,33.25,72.07,285.01,27.53,21.71,0.98,12.33,11.55,400.5,3585.15,1.608,55.6,7,0
2026-01-28 17:00:00,0.6552,15.64,34.96,27.23,42.53,132.059,32.678,71.62,289.41,27.88,19.24,0.94,17.53,13.2,420.09,3336.02,1.328,64.7,7,0
2026-01-28 18:00:00,0.602,15.77,32.64,25.89,39.31,132.607,33.261,65.53,261.24,36.81,19.53,0.89,16.1,10.41,417.36,3554.42,1.548,33.0,7,0
2026-01-28 19:00:00,0.6433,15.78,34.54,27.04,42.13,131.967,33.126,70.36,280.31,27.43,22.47,0.69,13.24,12.43,398.14,3632.62,1.664,0.5,7,0
2026-01-28 20:00:00,0.536,15.31,29.32,23.72,35.4,131.537,32.835,58.81,235.6,31.21,21.31,1.27,12.09,9.19,436.77,3512.42,1.545,1.7,7,0
2026-01-28 21:00:00,0.5329,15.8,29.68,24.13,34.48,131.209,33.048,58.62,232.74,31.84,17.59,1.37,13.61,12.33,395.08,3448.12,1.412,2.0,7,0
2026-01-28 22:00:00,0.4785,14.94,26.63,21.96,30.65,132.135,33.151,52.27,208.34,29.94,17.88,0.64,13.25,12.12,396.3,3499.06,1.446,59.8,7,0
2026-01-28 23:00:00,0.476,13.51,25.1,20.46,29.69,131.634,33.012,52.2,208.13,32.12,16.51,1.49,12.62,12.28,383.93,3458.45,1.461,22.5,7,0
2026-01-29 00:00:00,0.4848,13.4,25.33,20.56,28.93,131.953,33.127,53.03,211.24,31.09,25.29,0.8,12.24,10.74,376.93,3659.25,1.652,30.3,7,0
2026-01-29 01:00:00,0.4993,12.33,24.83,19.83,28.01,131.842,32.772,54.66,219.92,27.49,18.35,0.78,14.59,12.38,382.61,3568.91,1.705,11.5,7,0
2026-01-29 02:00:00,0.4869,10.39,22.41,17.6,26.83,131.707,33.526,53.36,209.63,31.72,22.42,1.15,16.52,11.98,415.52,3574.14,1.54,114.7,7,0
2026-01-29 03:00:00,0.5251,10.38,23.93,18.51,28.46,132.194,32.491,57.33,233.28,28.47,19.01,1.17,13.63,13.99,411.44,3674.51,1.471,31.3,7,0
2026-01-29 04:00:00,0.5004,9.56,22.11,17.09,25.4,132.366,33.153,54.56,217.85,35.33,17.92,0.98,15.94,13.0,387.06,3609.67,1.446,19.5,7,0
2026-01-29 05:00:00,0.514,8.2,21.3,16.06,26.19,133.297,33.097,55.65,224.15,31.39,20.12,0.9,14.4,9.87,401.81,3492.4,1.468,40.9,7,0
2026-01-29 06:00:00,0.6292,6.16,24.27,17.02,32.14,132.5,33.17,68.54,273.78,28.01,19.43,1.36,16.28,10.79,412.41,3504.14,1.545,19.8,7,0
2026-01-29 07:00:00,0.5858,6.69,22.84,16.38,27.37,133.052,32.813,63.54,257.67,31.13,21.68,0.82,13.48,11.12,369.82,3690.89,1.415,8.1,7,0
2026-01-29 08:00:00,0.5782,5.84,21.66,15.34,28.16,131.46,33.309,63.49,250.57,27.33,21.71,0.98,15.61,12.31,426.9,3442.97,1.784,18.1,7,0
2026-01-29 09:00:00,0.6031,4.7,21.62,14.85,25.78,130.943,32.971,66.48,264.02,30.88,18.9,1.51,15.29,11.79,416.11,3488.38,1.383,27.2,7,0
2026-01-29 10:00:00,0.6164,7.11,24.63,17.62,30.77,131.99,32.687,67.4,272.17,29.43,17.2,0.6,17.78,11.78,412.47,3421.08,1.703,14.1,7,0
2026-01-29 11:00:00,0.6886,7.38,28.3,19.93,37.83,132.566,32.711,74.98,303.86,27.63,17.69,0.87,16.17,16.27,418.35,3356.66,1.215,11.3,7,0
2026-01-29 12:00:00,0.6596,10.86,30.39,22.58,37.52,132.463,33.033,71.87,288.21,27.59,15.51,1.31,15.56,11.27,369.69,3431.74,1.488,46.0,7,0
2026-01-29 13:00:00,0.6778,10.93,31.32,23.17,39.21,132.8,32.579,73.66,300.28,37.41,19.53,1.16,12.11,14.13,397.04,3433.31,1.488,15.8,7,0
2026-01-29 14:00:00,0.6686,11.48,31.43,23.45,39.64,130.326,33.475,74.05,288.29,30.38,20.06,1.27,14.0,11.82,419.19,3452.11,1.569,27.5,7,0
2026-01-29 15:00:00,0.6825,12.31,32.93,24.68,39.48,132.827,33.277,74.16,296.03,28.81,17.79,0.61,13.45,8.77,400.21,3551.1,1.487,1.2,7,0
2026-01-29 16:00:00,0.6192,13.43,31.08,24.02,37.66,132.221,33.482,67.6,266.95,28.29,17.55,1.1,13.41,12.33,411.46,3501.17,1.718,100.6,7,0
2026-01-29 17:00:00,0.5917,13.3,29.71,23.14,35.71,130.981,33.454,65.2,255.27,31.52,20.05,0.92,15.08,13.72,422.04,3583.01,1.459,48.0,7,0
2026-01-29 18:00:00,0.6065,13.36,30.43,23.6,38.18,132.478,32.907,66.08,266.04,28.19,18.82,1.69,15.53,12.99,410.87,3514.2,1.349,1.5,7,0
2026-01-29 19:00:00,0.592,14.72,31.15,24.58,36.12,132.112,32.77,64.67,260.73,26.82,19.65,1.25,15.61,12.42,396.45,3516.45,1.351,15.4,7,0
2026-01-29 20:00:00,0.558,15.72,30.66,24.69,35.65,132.252,32.293,60.9,249.42,30.01,19.35,1.0,17.58,12.08,408.96,3478.82,1.408,26.2,7,0
2026-01-29 21:00:00,0.4997,13.49,26.01,21.0,29.51,132.659,32.893,54.36,219.25,29.99,20.58,1.09,16.02,11.3,375.25,3657.89,1.558,35.3,7,0
2026-01-29 22:00:00,0.5236,14.55,28.05,22.65,31.88,132.284,33.466,57.13,225.8,28.86,18.95,1.02,12.6,13.38,407.68,3468.26,1.598,12.4,7,0
2026-01-29 23:00:00,0.465,14.05,25.22,20.75,29.79,131.028,32.781,51.23,204.75,27.43,19.1,1.22,15.46,11.39,411.56,3575.47,1.252,3.1,7,0
2026-01-30 00:00:00,0.4625,13.18,24.25,19.82,27.91,131.906,32.945,50.6,202.61,28.93,16.32,0.75,16.22,11.08,402.58,3407.56,1.311,7.9,7,4
2026-01-30 01:00:00,0.4464,11.53,21.99,17.81,24.99,130.932,32.854,49.21,196.11,28.7,20.6,1.41,18.05,12.89,417.74,3482.66,1.263,116.7,7,4
2026-01-30 02:00:00,0.5171,10.56,23.79,18.5,28.05,132.428,33.099,56.36,225.51,28.28,21.51,0.61,15.68,12.06,404.5,3662.74,1.416,17.9,7,4
2026-01-30 03:00:00,0.5071,11.33,24.15,19.02,28.26,132.923,33.34,55.06,219.54,30.94,21.6,1.07,16.17,14.66,402.52,3556.94,1.598,262.9,7,4
2026-01-30 04:00:00,0.5221,9.06,22.5,17.12,27.0,131.181,32.594,57.45,231.22,36.79,26.4,0.76,19.09,13.68,427.81,3390.16,1.487,50.1,7,4
2026-01-30 05:00:00,0.5621,6.8,21.92,15.88,26.59,131.557,32.644,61.67,248.54,34.1,23.53,1.02,17.75,12.05,385.95,3419.59,1.564,17.3,7,4
2026-01-30 06:00:00,0.6332,6.5,24.79,17.48,31.78,131.418,33.392,69.54,273.69,35.93,23.52,1.3,14.67,11.73,421.2,3630.31,1.629,80.7,7,4
2026-01-30 07:00:00,0.5234,6.04,19.53,14.13,24.34,131.7,33.194,57.36,227.6,28.4,25.45,0.49,14.71,12.82,420.02,3509.21,1.374,89.3,7,4
2026-01-30 08:00:00,0.5784,5.13,20.96,14.63,26.54,132.272,32.932,63.12,253.52,35.13,29.31,0.95,22.49,17.42,413.0,3480.12,1.297,0.7,7,4
2026-01-30 09:00:00,0.6062,5.3,22.36,15.54,29.3,131.708,33.451,66.43,261.57,30.79,26.21,0.57,15.84,13.79,394.25,3439.82,1.415,41.1,7,4
2026-01-30 10:00:00,0.6199,7.58,25.26,18.19,32.61,132.431,32.64,67.56,274.12,33.07,21.88,0.92,19.41,15.52,405.46,3476.75,1.633,14.6,7,4
2026-01-30 11:00:00,0.629,6.95,25.04,17.8,32.01,132.703,33.246,68.41,273.07,31.48,27.82,0.57,21.98,12.66,388.26,3615.26,1.605,35.5,7,4
2026-01-30 12:00:00,0.6623,7.31,26.96,19.1,35.05,132.727,32.982,72.02,289.84,29.08,25.82,1.05,17.15,13.23,391.89,3446.14,1.543,120.3,7,4
2026-01-30 13:00:00,0.6382,9.56,28.09,20.68,37.55,131.262,33.16,70.18,277.79,32.27,24.36,0.88,18.98,14.8,402.29,3453.99,1.661,5.8,7,4
2026-01-30 14:00:00,0.6813,11.02,31.58,23.36,42.05,132.915,32.37,73.99,303.81,31.56,32.23,1.23,19.12,17.87,387.07,3550.11,1.563,14.2,7,4
2026-01-30 15:00:00,0.6628,10.22,29.9,22.03,37.47,132.968,32.931,71.95,290.52,24.8,32.42,1.37,25.69,13.62,396.82,3418.97,1.482,49.9,7,4
2026-01-30 16:00:00,0.6598,13.36,32.9,25.08,40.57,133.025,33.195,71.59,286.91,29.74,28.27,1.01,26.59,14.85,383.79,3427.35,1.295,4.1,7,4
2026-01-30 17:00:00,0.6399,15.3,33.91,26.47,41.08,131.896,32.983,70.03,280.03,32.72,28.91,1.27,21.55,17.38,410.12,3502.66,1.711,21.3,7,4
2026-01-30 18:00:00,0.6187,15.68,33.31,26.26,41.78,131.504,33.331,67.9,267.9,30.94,31.65,1.42,24.65,18.65,424.85,3504.66,1.495,10.7,7,4
2026-01-30 19:00:00,0.5635,17.96,33.14,27.07,39.4,131.35,33.323,61.92,244.08,31.52,30.19,0.73,24.58,17.15,433.28,3437.42,1.414,103.4,7,4
2026-01-30 20:00:00,0.6124,17.15,34.49,27.56,42.31,131.273,32.747,67.34,269.94,27.85,32.31,1.44,23.87,17.74,384.82,3540.01,1.491,49.5,7,4
2026-01-30 21:00:00,0.5317,17.18,31.01,25.48,38.73,132.008,33.218,58.14,231.04,30.88,31.78,0.99,21.64,15.62,387.46,3519.67,1.691,39.3,7,4
2026-01-30 22:00:00,0.4481,18.03,28.55,24.34,33.33,132.56,32.738,48.79,197.56,29.82,33.03,0.71,29.98,15.21,399.57,3344.28,1.573,37.2,7,4
2026-01-30 23:00:00,0.458,15.19,26.09,21.73,31.66,132.862,33.014,49.76,200.24,29.5,31.65,1.09,22.2,15.71,412.66,3564.6,1.375,34.1,7,4
2026-01-31 00:00:00,0.3548,13.7,20.94,18.04,25.0,131.68,33.173,38.89,154.37,28.07,36.73,0.98,26.73,16.36,398.94,3456.6,1.448,34.0,7,4
2026-01-31 01:00:00,0.4046,13.3,22.24,18.67,26.11,131.974,32.779,44.25,178.17,32.85,38.11,0.58,25.48,18.24,416.49,3566.65,1.586,0.7,7,4
2026-01-31 02:00:00,0.4034,10.48,19.37,15.81,24.61,131.931,33.208,44.13,175.32,31.14,36.13,0.68,29.26,16.3,410.02,3668.54,1.454,6.1,7,4
2026-01-31 03:00:00,0.4015,9.85,18.67,15.14,22.42,131.581,32.867,44.04,176.3,30.84,36.88,1.5,29.4,18.74,375.52,3496.8,1.419,31.8,7,4
2026-01-31 04:00:00,0.4893,7.89,20.0,15.15,26.89,132.486,32.847,53.31,215.03,36.26,38.84,1.09,26.22,18.13,402.87,3450.58,1.131,94.9,7,4
2026-01-31 05:00:00,0.4631,7.9,18.99,14.55,23.97,132.239,33.187,50.55,201.41,31.53,38.21,1.45,27.07,17.99,383.45,3612.47,1.618,30.0,7,4
2026-01-31 06:00:00,0.4889,6.05,18.15,13.31,23.7,132.094,32.779,53.42,215.28,33.71,42.29,0.88,26.02,20.4,393.55,3435.04,1.29,52.8,7,4
2026-01-31 07:00:00,0.4612,5.52,16.53,12.13,21.22,132.236,32.766,50.34,203.16,30.93,36.82,0.76,29.98,17.87,395.85,3653.56,1.15,87.5,7,4
2026-01-31 08:00:00,0.4811,6.45,18.24,13.52,23.43,132.406,33.275,52.45,208.71,29.05,41.8,0.5,31.48,21.69,413.15,3465.09,1.17,0.0,7,4
2026-01-31 09:00:00,0.5327,6.07,19.94,14.39,26.49,132.4,33.029,58.08,232.8,26.93,40.48,1.3,29.64,21.02,401.58,3452.02,1.338,102.2,7,4
2026-01-31 10:00:00,0.5544,4.78,19.57,13.65,24.97,131.447,32.616,60.88,245.35,30.83,39.09,1.13,30.5,18.52,395.03,3691.44,1.55,146.5,7,4
2026-01-31 11:00:00,0.507,6.05,18.86,13.74,25.24,132.592,33.226,55.2,220.27,22.12,46.45,0.88,35.28,22.05,433.46,3531.21,1.628,23.8,7,4
2026-01-31 12:00:00,0.5658,7.39,22.67,16.56,29.95,132.169,32.893,61.79,248.29,30.93,47.35,0.77,33.8,18.82,388.61,3631.93,1.534,367.5,7,4
2026-01-31 13:00:00,0.5745,8.86,24.52,18.25,33.07,131.713,32.63,62.96,254.15,31.05,42.79,1.34,35.09,22.65,406.33,3500.08,1.748,1.9,7,4
2026-01-31 14:00:00,0.5648,11.45,26.68,20.59,34.82,132.155,32.338,61.68,252.08,29.46,44.72,0.95,28.38,21.45,412.02,3494.39,1.422,12.0,7,4
2026-01-31 15:00:00,0.5383,12.55,26.66,21.01,33.46,132.227,33.239,58.76,233.77,29.83,43.51,0.96,34.43,18.81,404.53,3268.16,1.434,7.5,7,4
2026-01-31 16:00:00,0.533,14.6,28.49,22.93,35.45,132.714,32.773,57.97,234.76,26.36,44.46,0.83,34.31,19.47,388.53,3583.11,1.187,48.9,7,4
2026-01-31 17:00:00,0.5263,15.32,28.93,23.49,36.02,131.31,32.672,57.85,232.52,34.27,43.44,0.88,31.77,21.04,387.76,3533.0,1.377,91.5,7,4
2026-01-31 18:00:00,0.5138,16.44,29.53,24.3,37.84,132.874,33.169,55.82,223.6,29.1,43.77,1.17,32.65,23.19,411.31,3493.24,1.151,103.6,7,4
2026-01-31 19:00:00,0.5073,16.47,29.3,24.17,35.71,132.015,33.213,55.46,220.45,27.19,50.65,0.58,34.77,21.86,417.67,3549.53,1.252,26.7,7,4
2026-01-31 20:00:00,0.4995,16.25,28.76,23.76,35.18,131.666,32.792,54.76,219.88,31.74,47.5,1.03,33.0,22.06,401.21,3505.25,1.544,80.4,7,4
2026-01-31 21:00:00,0.4378,16.97,27.1,23.05,32.27,131.646,33.241,48.0,190.09,30.44,48.31,1.29,34.55,22.65,382.23,3426.71,1.166,49.7,7,4
2026-01-31 22:00:00,0.4153,16.29,25.6,21.88,30.22,131.339,33.542,45.64,178.72,29.03,47.21,0.98,35.69,19.83,402.15,3531.2,1.169,22.9,7,4
2026-01-31 23:00:00,0.4286,14.95,24.75,20.83,31.05,130.851,33.356,47.28,185.48,28.72,49.84,1.32,38.23,24.29,424.71,3486.93,1.151,108.2,7,4
2026-02-01 00:00:00,0.426,14.95,24.65,20.77,30.89,132.447,33.314,46.42,184.55,30.09,47.07,1.41,36.14,25.3,386.9,3561.47,1.529,79.5,7,4
2026-02-01 01:00:00,0.3917,10.12,18.61,15.21,25.3,133.307,33.083,42.41,170.9,34.15,49.16,1.28,37.13,24.71,397.23,3479.77,1.642,41.7,7,4
2026-02-01 02:00:00,0.4314,10.88,20.78,16.82,27.9,130.932,32.883,47.55,189.34,31.52,48.93,0.84,40.54,23.12,402.86,3464.7,1.404,142.2,7,4
2026-02-01 03:00:00,0.4455,9.58,20.0,15.83,28.48,131.373,32.985,48.95,194.95,30.01,54.54,0.99,35.43,22.67,418.31,3458.65,1.564,5.1,7,4
2026-02-01 04:00:00,0.4684,9.83,21.12,16.6,28.04,132.496,33.116,51.03,204.15,32.67,49.28,1.11,39.88,22.61,394.05,3431.47,1.26,75.0,7,4
2026-02-01 05:00:00,0.5006,9.21,21.77,16.75,29.13,131.97,32.668,54.75,221.18,30.19,50.85,0.86,40.68,22.76,409.25,3460.39,1.635,33.7,7,4
2026-02-01 06:00:00,0.4418,5.39,15.68,11.56,21.33,132.551,32.797,48.1,194.41,31.31,49.74,0.85,41.2,28.09,422.86,3536.74,1.314,24.1,7,4
2026-02-01 07:00:00,0.4902,7.76,19.9,15.04,27.98,131.933,32.623,53.62,216.87,30.56,52.68,0.84,39.83,24.81,379.76,3442.22,1.545,130.9,7,4
2026-02-01 08:00:00,0.5121,5.0,18.03,12.82,26.08,131.617,33.062,56.16,223.56,31.88,54.16,1.77,39.18,26.52,382.32,3408.16,1.452,28.9,7,4
2026-02-01 09:00:00,0.5293,5.2,18.94,13.44,27.78,131.851,33.022,57.94,231.36,28.78,57.66,0.92,44.81,26.67,400.58,3565.35,1.177,5.4,7,4
2026-02-01 10:00:00,0.5304,6.61,20.39,14.88,27.88,130.428,32.828,58.69,233.19,26.69,55.89,1.33,40.53,25.85,416.69,3491.14,1.332,33.0,7,4
2026-02-01 11:00:00,0.5188,7.32,20.62,15.3,29.16,131.245,33.217,57.05,225.43,32.83,56.14,0.74,40.48,24.47,406.98,3563.64,1.485,67.3,7,4
2026-02-01 12:00:00,0.5746,7.12,22.78,16.51,32.3,132.626,32.724,62.54,253.45,34.62,58.18,1.52,43.22,26.88,418.03,3484.57,1.21,11.9,7,4
2026-02-01 13:00:00,0.5517,10.53,25.2,19.33,34.3,132.787,32.818,59.97,242.64,26.83,57.32,0.89,42.17,24.71,376.46,3456.46,1.52,0.7,7,4
2026-02-01 14:00:00,0.5744,11.85,27.51,21.25,36.44,132.928,33.206,62.37,249.69,30.65,63.65,1.02,46.22,27.48,407.18,3362.74,1.275,67.5,7,4
2026-02-01 15:00:00,0.5395,13.52,27.68,22.02,37.52,132.291,33.245,58.87,234.25,28.76,58.28,0.46,44.06,25.25,359.29,3411.81,1.551,21.7,7,4
2026-02-01 16:00:00,0.5169,13.24,26.46,21.17,36.64,130.511,32.79,57.16,227.52,32.76,60.91,1.34,47.42,26.39,421.89,3432.39,1.254,106.6,7,4
2026-02-01 17:00:00,0.5393,14.67,28.82,23.16,36.94,131.581,33.061,59.16,235.43,30.85,62.36,1.41,46.42,26.62,419.82,3524.68,1.536,67.0,7,4
2026-02-01 18:00:00,0.5163,15.47,28.67,23.39,37.9,132.874,32.794,56.08,227.23,40.09,60.09,0.65,45.22,29.61,397.06,3493.49,1.581,37.8,7,4
2026-02-01 19:00:00,0.5071,17.69,30.51,25.39,36.77,133.071,32.948,55.01,222.16,29.21,62.29,1.36,48.69,24.09,367.34,3420.17,1.428,11.8,7,4
2026-02-01 20:00:00,0.5333,13.34,27.24,21.68,36.86,132.899,33.038,57.92,233.0,34.72,61.58,0.6,45.63,31.48,398.86,3279.75,1.455,45.8,7,4
2026-02-01 21:00:00,0.4556,15.05,25.85,21.53,32.19,131.844,33.148,49.87,198.37,35.01,63.76,1.2,46.76,27.0,418.74,3539.22,1.651,0.7,7,4
2026-02-01 22:00:00,0.4442,15.51,25.88,21.73,33.19,131.138,33.084,48.89,193.79,31.71,64.03,0.92,48.93,28.26,408.2,3572.4,1.305,6.8,7,4
2026-02-01 23:00:00,0.3838,13.62,21.84,18.55,27.73,131.973,33.072,41.98,167.51,30.22,64.18,1.41,48.79,29.3,429.72,3579.38,1.312,34.9,7,4
2026-02-02 00:00:00,0.4417,13.56,23.84,19.73,31.48,132.01,32.715,48.29,194.88,30.4,62.77,1.08,47.46,29.41,397.54,3425.03,1.517,20.7,7,4
2026-02-02 01:00:00,0.5244,12.48,26.01,20.6,35.92,133.033,33.103,56.89,228.65,30.14,69.44,1.28,46.2,30.42,432.44,3584.36,1.526,44.4,7,4
2026-02-02 02:00:00,0.4526,10.66,21.35,17.07,27.97,132.15,33.145,49.43,197.09,33.51,67.51,1.38,49.71,30.3,371.65,3547.49,1.39,9.1,7,4
2026-02-02 03:00:00,0.459,10.09,21.02,16.65,29.0,132.011,33.182,50.18,199.65,27.49,63.78,0.92,48.76,32.68,390.59,3547.11,1.247,6.2,7,4
2026-02-02 04:00:00,0.505,9.44,22.18,17.09,30.86,132.049,32.81,55.2,222.17,29.63,66.74,1.0,50.74,30.95,382.55,3453.46,1.599,67.5,7,4
2026-02-02 05:00:00,0.5242,7.54,21.06,15.66,31.81,132.264,33.242,57.2,227.61,29.26,65.07,0.67,50.31,29.91,413.02,3491.6,1.276,103.4,7,4
2026-02-02 06:00:00,0.5239,6.53,20.04,14.64,29.93,132.413,32.652,57.11,231.61,24.93,70.36,0.92,50.18,29.49,383.8,3648.74,1.804,28.6,7,4
2026-02-02 07:00:00,0.5678,6.32,21.68,15.54,31.16,131.522,32.886,62.31,249.19,32.69,69.41,1.58,51.55,29.69,417.08,3636.41,1.305,81.1,7,4
2026-02-02 08:00:00,0.6397,6.31,24.9,17.46,36.48,131.302,32.927,70.32,280.4,33.3,70.09,1.23,52.41,32.73,412.27,3498.36,1.354,74.5,7,4
2026-02-02 09:00:00,0.6027,4.75,21.65,14.89,34.13,132.905,32.667,65.46,266.31,28.21,69.02,0.69,54.41,33.66,404.68,3517.56,1.553,2.3,7,4
2026-02-02 10:00:00,0.6058,7.45,24.49,17.67,36.42,130.917,32.923,66.79,265.59,33.2,70.7,1.49,54.34,32.77,400.27,3326.62,1.585,134.5,7,4
2026-02-02 11:00:00,0.6918,7.33,28.4,19.97,40.99,133.081,33.058,75.03,302.04,25.36,73.53,1.12,58.15,26.75,386.16,3598.54,1.4,4.4,7,4
2026-02-02 12:00:00,0.6883,10.08,30.98,22.62,44.07,130.739,32.518,75.99,305.5,30.18,74.7,1.25,54.71,28.36,410.97,3561.87,1.798,157.3,7,4
2026-02-02 13:00:00,0.6583,10.61,30.08,22.29,42.57,131.614,32.896,72.19,288.84,29.73,74.9,1.15,53.55,31.95,394.3,3529.83,1.579,49.3,7,4
2026-02-02 14:00:00,0.626,12.49,30.45,23.26,42.05,132.641,32.538,68.12,277.7,30.37,70.73,1.13,55.04,31.95,413.39,3454.04,1.476,43.7,7,4
2026-02-02 15:00:00,0.6412,11.6,30.26,22.8,41.32,132.0,33.539,70.11,275.93,30.36,74.09,0.41,56.97,32.46,424.34,3507.54,1.578,3.7,7,4
2026-02-02 16:00:00,0.646,13.44,32.33,24.78,44.38,131.131,33.056,71.1,282.06,29.88,75.59,1.34,58.31,34.54,397.23,3619.49,1.705,70.9,7,4
2026-02-02 17:00:00,0.6619,13.61,33.24,25.39,47.36,132.281,33.033,72.22,289.2,28.95,74.24,0.33,59.46,34.7,421.67,3531.19,1.772,4.1,7,4
2026-02-02 18:00:00,0.5717,14.94,30.47,24.26,41.35,132.044,33.061,62.49,249.58,29.79,73.02,1.31,55.21,33.4,404.71,3712.77,1.515,46.9,7,4
2026-02-02 19:00:00,0.5744,17.4,33.05,26.79,44.26,131.857,33.16,62.87,250.01,34.2,74.39,1.04,60.27,31.08,410.81,3567.15,1.296,8.6,7,4
2026-02-02 20:00:00,0.5713,17.8,33.32,27.11,44.73,131.588,33.258,62.66,247.93,28.38,80.58,1.26,58.09,31.76,382.03,3428.73,1.297,83.7,7,4
2026-02-02 21:00:00,0.4555,15.0,25.79,21.48,36.91,131.977,32.587,49.81,201.74,36.88,75.83,1.05,56.8,33.94,391.56,3469.37,1.215,27.2,7,4
2026-02-02 22:00:00,0.5372,15.19,29.25,23.62,40.04,131.616,33.346,58.91,232.53,28.21,78.93,1.32,58.71,34.7,391.4,3445.45,1.372,16.8,7,4
2026-02-02 23:00:00,0.4548,14.78,25.55,21.24,35.88,133.607,33.329,49.14,196.97,30.83,79.15,1.01,62.01,32.48,422.05,3570.86,1.433,98.0,7,4
2026-02-03 00:00:00,0.491,14.55,26.72,21.85,36.34,131.842,32.982,53.75,214.87,31.83,79.78,1.09,60.97,35.53,396.6,3594.52,1.478,1.7,7,4
2026-02-03 01:00:00,0.485,10.99,22.93,18.16,32.79,131.753,32.969,53.13,212.34,29.24,80.07,1.13,58.1,32.15,411.29,3639.54,1.612,144.3,7,4
2026-02-03 02:00:00,0.5136,9.86,22.94,17.71,33.56,131.643,32.181,56.31,230.34,34.26,82.91,1.57,58.58,31.02,400.72,3475.65,1.146,88.0,7,4
2026-02-03 03:00:00,0.5075,10.66,23.5,18.36,33.44,133.173,32.672,55.01,224.23,31.75,82.03,1.19,59.0,33.93,396.51,3539.68,1.452,37.2,7,4
2026-02-03 04:00:00,0.4356,7.01,17.06,13.04,26.38,130.918,33.137,48.02,189.73,29.5,81.33,0.61,60.47,37.54,379.78,3604.68,1.487,83.8,7,4
2026-02-03 05:00:00,0.5041,7.48,20.18,15.1,31.52,132.237,33.317,55.02,218.38,34.23,83.31,0.84,62.55,38.0,373.22,3626.23,1.031,25.5,7,4
2026-02-03 06:00:00,0.5559,7.29,22.14,16.2,33.13,131.842,33.192,60.86,241.73,27.07,81.28,1.19,60.62,33.56,396.78,3403.8,1.546,110.3,7,4
2026-02-03 07:00:00,0.5718,7.05,22.58,16.37,34.58,131.061,32.98,62.97,250.24,28.42,85.41,1.38,62.48,33.91,397.65,3551.86,1.895,65.8,7,4
2026-02-03 08:00:00,0.6178,6.32,23.9,16.87,37.46,131.459,33.508,67.84,266.13,31.8,83.72,0.79,66.61,37.56,388.68,3406.8,1.625,99.2,7,4
2026-02-03 09:00:00,0.6513,6.26,25.4,17.75,38.51,132.209,33.265,71.11,282.6,32.52,84.46,1.68,67.51,35.99,404.04,3454.11,1.572,62.7,7,4
2026-02-03 10:00:00,0.6666,7.97,27.83,19.89,42.89,131.43,32.896,73.21,292.48,31.08,87.36,1.06,67.84,38.94,431.32,3397.71,1.492,51.3,7,4
2026-02-03 11:00:00,0.6578,8.21,27.65,19.87,41.75,132.171,33.576,71.83,282.77,29.73,86.14,1.13,61.62,38.24,424.26,3452.58,1.564,24.3,7,4
2026-02-03 12:00:00,0.6188,8.31,25.94,18.89,39.07,133.141,32.711,67.09,273.06,29.36,86.88,0.63,69.03,38.73,401.61,3386.28,1.74,40.5,7,4
2026-02-03 13:00:00,0.664,10.2,29.94,22.04,42.64,132.113,32.611,72.54,293.87,33.51,90.54,1.34,66.33,36.36,402.13,3407.7,1.48,98.0,7,4
2026-02-03 14:00:00,0.6867,11.84,32.67,24.34,47.26,131.041,32.889,75.64,301.37,30.83,86.89,0.87,66.77,38.49,410.87,3429.89,1.722,94.4,7,4
2026-02-03 15:00:00,0.6315,14.47,32.69,25.4,46.7,131.441,32.8,69.35,277.9,27.5,90.46,0.78,69.15,41.08,404.95,3526.51,1.585,56.7,7,4
2026-02-03 16:00:00,0.6673,14.75,34.64,26.68,50.6,131.812,32.904,73.07,292.71,27.32,91.98,0.91,68.96,38.51,410.89,3504.97,1.778,4.2,7,4
2026-02-03 17:00:00,0.6549,16.21,35.51,27.79,50.32,131.768,33.211,71.73,284.62,34.65,93.04,1.42,64.29,38.46,405.38,3370.74,1.691,149.3,7,4
2026-02-03 18:00:00,0.6073,15.18,32.29,25.45,46.59,132.1,32.991,66.36,265.7,27.96,95.69,1.15,67.27,38.11,402.65,3721.57,1.532,114.7,7,4
2026-02-03 19:00:00,0.4857,15.77,27.73,22.95,37.96,132.206,32.998,53.03,212.46,30.93,90.68,0.74,68.23,36.59,391.46,3463.18,1.462,50.4,7,4
2026-02-03 20:00:00,0.5134,16.22,29.3,24.07,40.93,133.142,33.016,55.66,224.45,34.17,90.85,0.85,66.77,37.58,406.48,3395.92,1.41,24.3,7,4
2026-02-03 21:00:00,0.5842,16.15,32.23,25.79,46.32,131.998,32.39,63.88,260.34,31.74,94.84,1.43,71.89,38.13,367.12,3548.87,1.639,11.3,7,4
2026-02-03 22:00:00,0.4905,14.78,26.94,22.08,37.69,131.24,32.6,53.95,217.18,27.84,95.72,0.93,73.25,37.23,405.02,3501.9,1.357,20.4,7,4
2026-02-03 23:00:00,0.4315,16.26,26.16,22.2,37.54,132.762,32.898,46.91,189.31,27.07,92.88,1.17,70.82,37.62,370.04,3437.26,1.433,16.1,7,4
2026-02-04 00:00:00,0.5188,14.99,28.29,22.97,40.95,132.834,32.777,56.37,228.46,35.72,96.05,1.25,71.9,36.5,405.03,3533.52,1.43,55.8,7,4
2026-02-04 01:00:00,0.4787,12.59,24.29,19.61,35.97,132.153,32.939,52.29,209.78,26.99,101.16,0.0,71.75,39.23,386.37,3448.48,1.238,12.4,7,4
2026-02-04 02:00:00,0.5149,12.25,25.39,20.13,37.26,131.837,33.371,56.37,222.7,28.45,96.54,1.38,72.44,41.65,420.22,3478.62,1.491,6.1,7,4
2026-02-04 03:00:00,0.5,10.54,23.07,18.06,34.22,132.411,32.98,54.51,218.84,31.23,98.81,0.75,74.95,40.4,402.39,3619.52,1.221,262.5,7,4
2026-02-04 04:00:00,0.5214,9.83,23.23,17.87,37.02,131.861,32.651,57.07,230.48,29.46,100.74,0.9,69.65,40.64,401.07,3512.16,1.393,61.6,7,4
2026-02-04 05:00:00,0.5392,6.73,20.87,15.21,34.13,130.643,32.791,59.57,237.36,31.84,103.22,1.47,74.62,42.49,407.14,3551.4,1.57,52.1,7,4
2026-02-04 06:00:00,0.5734,7.13,22.74,16.49,36.47,132.372,33.452,62.52,247.4,25.71,99.33,1.44,74.14,44.11,388.09,3460.51,1.512,79.7,7,4
2026-02-04 07:00:00,0.6467,6.72,25.64,18.07,40.35,132.589,33.405,70.4,279.41,29.48,101.97,1.15,73.16,45.22,417.88,3514.53,1.546,43.6,7,4
2026-02-04 08:00:00,0.6333,7.23,25.53,18.21,40.38,132.951,33.157,68.76,275.7,32.15,98.51,1.22,74.05,42.26,411.45,3440.61,1.387,9.7,7,4
2026-02-04 09:00:00,0.5809,6.15,22.08,15.71,27.95,131.518,32.588,63.76,257.31,32.16,20.14,1.3,18.72,11.62,392.79,3437.07,1.648,36.3,7,0
2026-02-04 10:00:00,0.6624,4.78,24.44,16.57,32.22,132.149,33.081,72.35,289.04,28.4,19.19,1.43,12.4,11.42,385.17,3469.29,1.398,39.7,7,0
2026-02-04 11:00:00,0.6992,6.99,28.42,19.85,37.32,132.164,33.101,76.36,304.88,27.05,16.31,1.47,14.72,12.93,394.74,3446.72,1.656,9.8,7,0
2026-02-04 12:00:00,0.711,9.05,31.06,22.26,39.03,132.056,33.007,77.71,310.92,30.76,16.88,1.04,18.32,11.81,398.73,3585.33,1.75,4.3,7,0
2026-02-04 13:00:00,0.6655,10.38,30.19,22.26,36.54,132.076,32.85,72.73,292.43,26.18,20.95,0.78,12.52,11.81,384.07,3548.62,1.303,0.3,7,0
2026-02-04 14:00:00,0.7099,13.29,35.25,26.47,43.89,132.025,32.904,77.61,311.39,33.97,20.99,0.93,14.14,11.91,393.49,3318.9,1.494,41.0,7,0
2026-02-04 15:00:00,0.6928,13.48,34.6,26.16,41.37,132.14,32.831,75.67,304.57,30.59,18.0,1.04,15.14,10.63,391.47,3640.22,1.472,47.4,7,0
2026-02-04 16:00:00,0.7262,14.19,36.96,27.85,45.67,132.489,32.698,79.12,320.58,28.02,23.2,0.99,15.88,8.54,397.31,3553.58,1.604,25.7,7,0
2026-02-04 17:00:00,0.6058,15.11,32.15,25.34,37.99,132.805,33.361,65.84,262.12,26.95,17.87,0.7,14.9,11.04,397.43,3593.86,1.361,89.2,7,0
2026-02-04 18:00:00,0.589,17.04,33.33,26.82,39.62,131.501,33.233,64.65,255.81,28.22,20.6,1.14,13.27,14.23,407.67,3488.62,1.32,56.1,7,0
2026-02-04 19:00:00,0.5692,15.85,31.27,25.1,38.36,131.886,32.925,62.29,249.51,25.43,19.26,0.54,15.95,14.16,400.81,3382.77,1.477,33.4,7,0
2026-02-04 20:00:00,0.5377,16.47,30.55,24.92,33.91,131.721,33.093,58.93,234.54,31.6,20.3,1.03,14.86,13.45,406.38,3396.37,1.385,2.5,7,0
2026-02-04 21:00:00,0.5016,15.35,27.95,22.91,34.05,131.627,33.103,55.01,218.73,27.71,21.88,1.05,16.31,11.3,404.08,3638.88,1.429,22.3,7,0
2026-02-04 22:00:00,0.4247,17.36,27.01,23.15,29.89,130.933,33.619,46.82,182.36,31.31,21.6,1.04,16.9,10.86,397.42,3372.12,1.546,29.7,7,0
2026-02-04 23:00:00,0.4787,15.53,27.23,22.55,31.4,132.016,33.23,52.34,207.92,31.73,21.5,1.26,12.09,14.48,410.6,3386.65,1.197,176.3,7,0
2026-02-05 00:00:00,0.4935,13.55,25.82,20.91,28.83,132.316,33.22,53.84,214.43,33.01,21.25,1.22,17.12,10.42,359.19,3467.67,1.43,35.0,7,0
2026-02-05 01:00:00,0.4642,12.94,24.07,19.61,28.53,131.898,33.01,50.8,202.99,30.87,17.54,1.67,14.55,12.1,394.96,3391.52,1.343,2.8,7,0
2026-02-05 02:00:00,0.5405,12.27,26.46,20.78,31.46,131.994,32.885,59.11,237.24,33.49,22.36,0.85,16.71,14.58,391.79,3544.95,1.474,1.8,7,0
2026-02-05 03:00:00,0.4928,10.21,22.46,17.56,26.54,132.276,33.365,53.78,213.2,34.27,17.97,1.09,16.05,12.23,402.14,3551.17,1.358,139.0,7,0
2026-02-05 04:00:00,0.5471,8.72,23.2,17.41,26.73,132.931,33.172,59.4,238.03,30.89,19.87,1.07,18.77,11.6,390.83,3535.4,1.297,7.6,7,0
2026-02-05 05:00:00,0.5369,7.57,21.61,15.99,26.57,131.723,32.781,58.83,236.39,31.07,19.38,1.06,15.07,13.78,408.58,3453.17,1.527,122.0,7,0
2026-02-05 06:00:00,0.578,7.76,23.57,17.25,29.92,131.227,33.12,63.57,251.87,28.44,20.79,0.63,14.25,12.15,411.23,3525.41,1.905,17.9,7,0
2026-02-05 07:00:00,0.5874,6.57,22.79,16.3,28.47,131.94,33.221,64.26,255.22,27.15,19.12,0.65,14.03,12.34,379.59,3644.99,1.479,17.4,7,0
2026-02-05 08:00:00,0.646,6.3,25.19,17.63,33.22,133.243,32.447,69.98,287.36,33.96,19.77,1.01,12.98,14.32,403.7,3387.59,1.414,67.4,7,0
2026-02-05 09:00:00,0.6307,5.59,23.77,16.5,31.44,131.234,32.756,69.37,277.92,31.93,23.32,0.53,16.67,8.23,381.13,3591.65,1.406,61.4,7,0
2026-02-05 10:00:00,0.6646,7.5,27.27,19.36,34.27,132.429,33.096,72.44,289.86,32.18,17.5,0.91,12.85,12.58,407.54,3566.95,1.673,22.7,7,0
2026-02-05 11:00:00,0.6766,8.04,28.38,20.24,37.44,132.764,32.492,73.56,300.58,28.34,20.08,0.81,16.66,10.89,393.35,3493.89,1.407,144.4,7,0
2026-02-05 12:00:00,0.667,8.93,28.81,20.86,36.41,130.439,32.534,73.81,295.91,34.99,17.86,0.92,14.61,11.73,388.28,3515.62,1.728,82.4,7,0
2026-02-05 13:00:00,0.6912,10.66,31.7,23.29,39.87,132.271,32.929,75.42,302.97,29.43,21.44,1.35,11.53,12.21,374.69,3530.85,1.3,10.9,7,0
2026-02-05 14:00:00,0.7427,12.5,36.11,26.67,45.57,132.398,33.13,80.96,323.56,27.71,18.63,0.68,18.03,11.03,398.96,3424.2,1.6,70.4,7,0
2026-02-05 15:00:00,0.6575,13.75,33.18,25.41,40.59,131.824,33.142,72.0,286.36,28.39,20.16,1.27,8.31,12.39,382.98,3371.74,1.628,48.4,7,0
2026-02-05 16:00:00,0.6623,14.81,34.46,26.6,39.82,131.573,33.418,72.66,286.07,34.83,17.44,0.83,14.89,12.62,378.09,3574.84,1.646,5.2,7,0
2026-02-05 17:00:00,0.6668,15.05,34.92,26.97,42.33,131.61,33.022,73.13,291.45,26.78,22.67,0.87,15.53,12.35,403.14,3402.73,1.637,26.1,7,0
2026-02-05 18:00:00,0.6391,15.52,34.08,26.66,39.94,131.783,32.902,70.0,280.38,27.86,20.23,1.15,10.45,12.21,414.89,3414.87,1.559,142.1,7,0
2026-02-05 19:00:00,0.5794,15.54,31.41,25.06,38.42,131.801,32.655,63.45,256.1,38.81,20.36,0.92,15.94,11.87,406.27,3461.08,1.663,45.9,7,0
2026-02-05 20:00:00,0.4817,16.16,27.97,23.25,33.18,131.676,32.898,52.8,211.32,32.94,21.75,0.74,13.72,11.9,378.88,3525.09,1.292,75.8,7,0
2026-02-05 21:00:00,0.5445,16.6,30.97,25.23,36.7,131.773,33.187,59.65,236.83,27.92,17.58,0.89,14.56,12.16,398.3,3462.38,1.376,7.1,7,0
2026-02-05 22:00:00,0.4417,15.3,25.58,21.47,28.71,132.786,33.199,48.02,192.06,26.87,18.86,0.47,17.74,10.63,410.56,3444.41,1.36,62.0,7,0
2026-02-05 23:00:00,0.5365,15.39,29.42,23.81,33.51,131.198,33.07,59.03,234.18,25.1,20.43,1.12,15.34,13.95,398.3,3578.55,1.691,146.6,7,0
2026-02-06 00:00:00,0.4882,13.44,25.51,20.68,29.03,130.846,33.144,53.86,212.61,30.41,16.56,0.08,14.36,11.91,405.23,3475.68,1.514,108.5,7,0
2026-02-06 01:00:00,0.5097,11.54,24.47,19.3,30.44,132.796,33.337,55.4,220.69,32.3,16.78,1.27,14.72,11.44,393.79,3438.45,1.557,4.4,7,0
2026-02-06 02:00:00,0.4561,12.73,23.55,19.22,18.5,131.873,33.02,49.92,199.36,34.67,18.45,1.19,18.61,12.64,394.58,3533.9,1.401,84.3,7,0
2026-02-06 03:00:00,0.4466,10.14,20.6,16.41,22.11,131.744,33.361,48.92,193.21,24.43,17.81,1.49,15.87,11.87,390.46,3507.02,1.546,59.2,7,0
2026-02-06 04:00:00,0.5168,8.57,21.79,16.5,27.15,131.927,32.808,56.55,227.38,26.14,19.4,1.66,13.29,13.91,409.53,3504.63,1.226,30.4,7,0
2026-02-06 05:00:00,0.5287,7.28,20.98,15.5,26.94,132.138,32.981,57.75,231.39,29.76,21.13,1.29,14.08,13.39,410.48,3537.81,1.403,178.5,7,0
2026-02-06 06:00:00,0.5391,8.0,22.14,16.48,28.41,131.654,32.873,59.1,236.71,38.48,21.59,0.82,12.68,12.18,392.02,3491.34,1.437,37.8,7,0
2026-02-06 07:00:00,0.5823,8.45,24.45,18.05,31.04,132.334,33.209,63.51,253.07,32.77,23.71,1.66,14.16,13.45,411.67,3569.92,1.42,1.1,7,0
2026-02-06 08:00:00,0.6886,6.5,27.42,19.06,36.45,131.365,32.732,75.66,303.67,31.24,20.04,0.65,18.27,12.4,378.95,3388.07,1.496,55.3,7,0
2026-02-06 09:00:00,0.6548,6.86,26.16,18.44,33.49,131.801,32.915,71.71,287.13,26.44,20.4,0.44,14.73,10.31,397.78,3601.64,1.609,62.9,7,0
2026-02-06 10:00:00,0.6819,8.65,29.24,21.01,35.49,130.538,32.509,75.4,302.77,23.76,20.04,1.56,12.38,13.38,380.05,3429.29,1.577,61.5,7,0
2026-02-06 11:00:00,0.6917,6.56,27.63,19.2,35.78,132.774,33.157,75.19,301.09,30.23,20.73,1.19,15.92,9.19,383.37,3371.41,1.725,36.0,7,0
2026-02-06 12:00:00,0.7207,11.37,33.87,24.87,43.2,131.884,33.329,78.88,312.12,29.82,20.88,0.44,14.27,6.77,379.87,3439.28,1.247,168.9,7,0
2026-02-06 13:00:00,0.674,13.06,33.27,25.19,40.89,132.442,33.24,73.46,292.68,29.31,21.93,0.6,16.18,13.09,390.52,3474.39,1.76,143.5,7,0
2026-02-06 14:00:00,0.6147,9.2,26.64,19.67,32.92,132.315,33.215,67.05,267.12,28.98,21.92,1.17,14.57,12.71,409.65,3443.55,1.41,16.0,7,0
2026-02-06 15:00:00,0.6607,13.1,32.68,24.85,39.33,132.363,33.222,72.05,287.05,27.87,21.13,0.74,17.95,12.61,399.18,3425.14,1.728,37.9,7,0
2026-02-06 16:00:00,0.6748,13.69,33.94,25.84,40.88,131.995,33.185,73.79,293.51,27.18,23.11,0.79,13.24,14.13,391.59,3583.2,1.475,66.0,7,0
2026-02-06 17:00:00,0.6006,15.18,31.99,25.26,39.59,132.256,33.162,65.55,261.43,34.29,20.14,1.6,12.73,12.01,397.75,3432.7,1.556,49.4,7,0
2026-02-06 18:00:00,0.6003,15.82,32.61,25.9,40.24,131.366,33.179,65.96,261.16,27.46,18.87,1.65,16.93,11.48,369.51,3321.73,1.339,54.4,7,0
2026-02-06 19:00:00,0.559,17.55,32.53,26.54,37.84,131.227,32.827,61.48,245.78,29.29,19.19,1.05,11.05,13.24,408.93,3474.32,1.297,75.1,7,0
2026-02-06 20:00:00,0.5989,16.79,33.53,26.83,39.85,131.933,32.947,65.52,262.38,30.0,19.88,0.96,14.72,10.97,366.64,3665.99,1.587,55.5,7,0
2026-02-06 21:00:00,0.5522,15.83,30.52,24.64,34.92,131.551,33.019,60.59,241.4,32.24,17.92,1.28,16.66,11.69,389.75,3417.24,1.077,13.6,7,0
2026-02-06 22:00:00,0.5286,16.06,29.77,24.29,35.03,132.941,32.911,57.39,231.81,27.56,18.86,0.84,10.67,12.42,399.17,3430.39,1.282,19.1,7,0
2026-02-06 23:00:00,0.5118,15.96,28.97,23.76,34.83,132.248,32.586,55.86,226.69,33.05,17.81,0.34,15.19,12.54,407.04,3470.07,1.571,38.4,7,0
2026-02-07 00:00:00,0.4101,13.38,22.51,18.85,24.14,131.527,32.674,45.01,181.18,28.38,20.78,0.18,12.07,11.54,403.94,3625.9,1.343,229.3,7,0
2026-02-07 01:00:00,0.4143,11.71,20.99,17.28,24.28,131.821,33.061,45.36,180.87,29.63,20.8,0.98,11.37,11.31,399.61,3473.6,1.275,76.7,7,0
2026-02-07 02:00:00,0.3757,14.05,21.99,18.81,24.82,132.088,33.239,41.05,163.14,35.05,16.55,1.27,12.93,10.36,422.22,3420.5,1.616,25.9,7,0
2026-02-07 03:00:00,0.3542,10.12,17.34,14.46,19.9,131.955,33.002,38.74,154.89,27.21,18.78,1.01,14.69,10.86,430.58,3531.41,1.658,70.7,7,0
2026-02-07 04:00:00,0.4378,9.42,19.56,15.5,24.13,132.179,33.73,47.8,187.33,32.28,23.74,1.25,13.65,14.77,400.46,3525.46,1.419,133.4,7,0
2026-02-07 05:00:00,0.4606,8.13,19.12,14.72,24.35,132.045,32.757,50.35,202.94,33.13,21.35,1.28,17.27,11.65,398.85,3541.3,1.621,19.4,7,0
2026-02-07 06:00:00,0.5076,8.28,21.12,15.98,25.32,131.082,33.117,55.9,221.25,31.05,21.0,1.42,15.22,12.33,397.96,3417.38,1.681,124.0,7,0
2026-02-07 07:00:00,0.5405,9.0,23.2,17.52,28.71,130.58,33.341,59.74,233.99,29.77,18.76,1.06,14.08,9.81,391.19,3457.21,1.468,33.8,7,0
2026-02-07 08:00:00,0.5625,7.64,22.77,16.72,28.22,131.753,33.281,61.62,243.93,36.5,20.66,1.09,12.44,15.89,405.99,3592.42,1.404,2.8,7,0
2026-02-07 09:00:00,0.5059,5.71,18.49,13.38,22.33,132.37,33.173,55.17,220.13,30.08,20.06,0.99,15.51,10.75,419.43,3535.09,1.466,40.3,7,0
2026-02-07 10:00:00,0.5429,6.35,20.65,14.93,25.87,131.761,33.283,59.47,235.44,30.73,18.5,0.93,19.18,10.28,363.0,3567.07,1.253,60.5,7,0
2026-02-07 11:00:00,0.5814,8.13,24.08,17.7,30.37,132.816,33.015,63.18,254.18,29.11,19.1,0.53,13.65,11.95,397.81,3498.05,1.576,1.4,7,0
2026-02-07 12:00:00,0.6514,9.29,28.43,20.78,35.82,131.969,33.439,71.25,281.18,30.57,19.15,1.36,13.89,10.71,422.69,3586.89,1.476,115.6,7,0
2026-02-07 13:00:00,0.6228,9.04,26.86,19.73,32.74,132.896,33.339,67.64,269.62,33.01,17.11,0.89,12.94,12.59,406.25,3525.83,1.52,66.1,7,0
2026-02-07 14:00:00,0.609,12.88,30.07,23.19,36.0,132.76,32.775,66.22,268.22,29.29,17.44,0.87,17.43,9.78,406.56,3460.49,1.511,44.7,7,0
2026-02-07 15:00:00,0.5553,12.27,27.1,21.16,31.97,132.694,33.085,60.41,242.27,23.79,19.69,0.84,16.91,13.75,376.34,3562.02,1.351,23.1,7,0
2026-02-07 16:00:00,0.527,16.05,29.69,24.23,33.74,131.206,32.592,57.97,233.38,31.66,18.39,0.6,14.17,13.45,410.89,3432.38,1.458,67.3,7,0
2026-02-07 17:00:00,0.5595,17.42,32.42,26.42,38.0,132.011,33.402,61.18,241.79,26.88,19.49,0.98,13.86,11.87,415.49,3625.87,1.276,32.8,7,0
2026-02-07 18:00:00,0.4823,16.14,27.98,23.24,32.27,132.807,33.059,52.42,210.59,32.34,16.88,1.16,13.17,9.56,403.36,3583.03,1.369,67.4,7,0
2026-02-07 19:00:00,0.4862,17.33,29.32,24.52,34.12,132.18,33.356,53.09,210.39,30.12,21.69,0.79,14.48,10.83,390.52,3478.97,1.276,12.2,7,0
2026-02-07 20:00:00,0.4679,15.83,27.1,22.59,30.14,132.366,32.971,51.02,204.84,32.95,24.25,1.32,17.1,12.14,407.0,3487.59,1.302,123.2,7,0
2026-02-07 21:00:00,0.4986,17.51,29.99,25.0,33.76,131.084,32.51,54.91,221.39,27.27,22.14,0.9,15.14,10.23,384.79,3512.98,1.111,67.5,7,0
2026-02-07 22:00:00,0.4226,15.89,25.47,21.64,29.75,133.266,33.696,45.77,181.03,28.51,22.35,0.55,17.63,10.47,382.81,3488.56,1.347,14.5,7,0
2026-02-07 23:00:00,0.3466,14.51,21.48,18.69,23.39,131.478,33.035,38.05,151.43,29.1,21.34,1.42,13.62,13.62,412.39,3607.91,1.446,25.0,7,0
2026-02-08 00:00:00,0.427,14.43,24.16,20.27,27.29,130.684,32.736,47.16,188.26,25.67,20.62,1.07,10.43,12.28,416.8,3459.29,1.44,35.3,7,0
2026-02-08 01:00:00,0.388,13.04,21.4,18.06,23.82,131.768,33.302,42.5,168.15,33.45,20.26,1.26,20.27,12.23,389.22,3382.19,1.557,60.8,7,0
2026-02-08 02:00:00,0.4131,11.89,21.13,17.43,24.94,130.385,33.537,45.73,177.79,25.24,18.26,1.27,15.49,12.84,382.88,3481.7,1.264,54.2,7,0
2026-02-08 03:00:00,0.4177,11.87,21.27,17.51,25.18,131.284,32.947,45.93,183.0,33.41,21.47,0.72,16.62,11.8,387.19,3562.6,1.337,20.7,7,0
2026-02-08 04:00:00,0.4256,8.93,18.62,14.74,22.59,133.689,32.974,45.95,186.31,31.39,21.35,0.85,13.48,11.96,403.32,3583.57,1.55,5.7,7,0
2026-02-08 05:00:00,0.4751,10.42,21.97,17.35,25.83,131.749,33.063,52.05,207.43,29.52,19.16,1.32,12.33,12.73,382.9,3511.5,1.425,10.0,7,0
2026-02-08 06:00:00,0.426,6.56,16.26,12.38,18.65,131.058,32.707,46.91,187.98,31.16,21.14,1.56,15.37,13.26,419.62,3451.69,1.441,88.4,7,0
2026-02-08 07:00:00,0.4784,9.0,20.68,16.01,26.11,132.017,32.818,52.31,210.42,31.07,18.7,1.02,11.08,12.79,393.39,3498.87,1.756,34.9,7,0
2026-02-08 08:00:00,0.5365,6.2,20.23,14.62,25.81,131.407,33.47,58.92,231.34,28.92,18.83,0.82,14.53,14.24,405.85,3449.98,1.43,7.0,7,0
2026-02-08 09:00:00,0.518,7.39,20.65,15.35,24.85,132.571,32.965,56.4,226.81,31.01,21.64,1.51,17.1,12.08,389.21,3317.98,1.386,82.2,7,0
2026-02-08 10:00:00,0.5058,7.4,20.16,15.06,25.65,131.413,32.779,55.55,222.71,32.31,20.95,0.82,15.96,10.02,409.12,3434.23,1.304,10.0,7,0
2026-02-08 11:00:00,0.5876,8.34,24.57,18.08,30.01,132.179,32.881,64.17,257.94,27.29,19.63,1.1,15.57,13.68,410.35,3543.23,1.45,103.7,7,0
2026-02-08 12:00:00,0.6097,10.52,27.74,20.85,35.19,131.243,33.283,67.06,264.42,31.16,19.39,0.88,18.55,11.68,375.19,3480.75,1.658,33.9,7,0
2026-02-08 13:00:00,0.5776,12.42,28.21,21.9,35.07,133.715,32.478,62.35,256.69,22.24,20.44,1.09,15.81,10.89,390.17,3477.72,1.575,113.4,7,0
2026-02-08 14:00:00,0.5172,13.41,26.64,21.35,30.45,132.332,33.067,56.41,225.76,24.33,16.42,0.72,11.25,13.11,398.01,3590.95,1.673,60.0,7,0
2026-02-08 15:00:00,0.5887,13.11,29.39,22.87,35.74,131.904,33.65,64.42,252.53,31.81,18.57,0.89,14.76,12.6,392.48,3425.29,1.548,107.1,7,0
2026-02-08 16:00:00,0.5042,14.9,27.61,22.52,32.55,131.807,33.536,55.22,217.02,28.87,17.56,0.82,18.91,10.13,413.43,3433.11,1.116,123.9,7,0
2026-02-08 17:00:00,0.5457,14.97,29.39,23.62,36.54,131.635,33.151,59.84,237.59,27.56,20.11,1.2,14.44,13.05,391.4,3528.88,1.567,30.6,7,0
2026-02-08 18:00:00,0.4893,15.56,27.66,22.82,31.14,131.498,33.348,53.71,211.79,29.96,22.27,1.05,18.79,14.86,411.08,3445.46,1.46,13.5,7,0
2026-02-08 19:00:00,0.4591,15.9,26.84,22.46,31.57,131.48,33.345,50.4,198.74,28.93,21.04,1.27,17.11,12.53,407.63,3445.06,1.43,105.2,7,0
2026-02-08 20:00:00,0.4587,16.78,27.7,23.33,31.29,133.108,32.967,49.74,200.82,27.15,19.07,0.76,14.24,11.66,398.74,3626.35,1.612,24.7,7,0
2026-02-08 21:00:00,0.4459,17.3,27.73,23.56,30.12,131.635,33.244,48.9,193.61,25.2,18.68,0.94,12.9,9.54,411.71,3416.65,1.382,21.0,7,0
2026-02-08 22:00:00,0.4145,14.63,23.92,20.21,26.75,130.595,33.472,45.81,178.74,24.22,18.58,1.19,15.74,15.12,377.29,3443.81,1.494,22.1,7,0
2026-02-08 23:00:00,0.438,15.71,25.85,21.79,29.11,131.23,32.666,48.17,193.53,32.34,24.09,1.26,17.6,11.27,399.44,3537.52,1.257,21.1,7,0
2026-02-09 00:00:00,0.4718,16.39,27.81,23.24,30.75,132.612,33.152,51.35,205.41,28.85,20.23,0.57,11.9,9.93,388.75,3498.5,1.208,3.8,7,0
2026-02-09 01:00:00,0.5112,14.79,27.78,22.58,32.47,131.833,33.095,55.97,222.94,33.03,20.49,1.1,15.3,12.21,398.76,3392.54,1.366,47.2,7,0
2026-02-09 02:00:00,0.4936,11.79,24.07,19.16,28.98,131.912,33.027,54.01,215.72,28.82,15.87,0.76,10.98,13.56,393.32,3645.14,1.4,32.0,7,0
2026-02-09 03:00:00,0.4742,9.68,21.2,16.59,25.22,132.772,33.004,51.56,207.4,31.19,17.73,1.28,14.38,13.9,401.26,3438.88,1.519,28.1,7,0
2026-02-09 04:00:00,0.4851,10.33,22.28,17.5,25.84,131.487,33.061,53.25,211.78,29.74,20.0,1.56,11.75,11.04,400.51,3482.78,1.278,124.5,7,0
2026-02-09 05:00:00,0.4823,6.52,18.36,13.62,22.19,132.417,33.083,52.58,210.44,30.25,19.09,0.22,16.18,11.9,402.44,3537.37,1.667,169.2,7,0
2026-02-09 06:00:00,0.5646,9.15,24.38,18.29,29.8,131.559,33.295,61.95,244.76,30.4,20.36,0.81,13.68,12.05,403.04,3675.41,1.337,131.5,7,0
2026-02-09 07:00:00,0.5711,7.33,22.84,16.64,28.56,132.38,33.126,62.27,248.86,28.78,20.33,1.09,17.38,13.51,408.96,3469.64,1.472,34.3,7,0
2026-02-09 08:00:00,0.5365,9.21,23.24,17.62,29.02,131.742,32.953,58.78,234.99,26.43,21.29,1.0,13.98,12.93,381.48,3428.87,1.47,4.0,7,0
2026-02-09 09:00:00,0.6157,5.82,23.31,16.31,29.97,131.841,32.778,67.41,271.12,32.42,16.35,1.29,13.8,12.45,408.0,3542.24,1.553,48.0,7,0
2026-02-09 10:00:00,0.6255,8.96,26.9,19.72,32.43,132.541,32.875,68.11,274.6,34.9,17.88,1.03,11.83,13.42,377.67,3669.48,1.58,55.9,7,0
2026-02-09 11:00:00,0.7156,8.74,30.99,22.09,39.24,132.494,33.069,77.96,312.36,35.1,19.89,0.85,15.84,10.0,358.45,3513.3,1.897,6.7,7,0
2026-02-09 12:00:00,0.6273,9.54,27.56,20.35,34.38,131.891,32.814,68.65,275.92,28.46,18.8,0.7,16.04,12.68,429.95,3479.59,1.423,13.3,7,0
2026-02-09 13:00:00,0.6385,9.71,28.25,20.83,36.08,131.689,33.25,69.99,277.19,27.92,19.47,0.65,16.94,12.38,386.28,3533.73,1.566,86.1,7,0
2026-02-09 14:00:00,0.7117,12.97,35.02,26.2,44.67,133.055,33.114,77.2,310.2,28.46,20.31,0.78,16.37,11.97,393.64,3336.4,1.543,16.5,7,0
2026-02-09 15:00:00,0.7091,14.35,36.27,27.5,46.23,132.389,33.302,77.31,307.33,29.59,18.6,0.84,15.86,11.67,372.41,3453.23,1.702,23.1,7,0
2026-02-09 16:00:00,0.6301,16.66,34.81,27.55,41.66,131.742,32.831,69.04,277.03,29.96,20.48,1.12,16.25,12.25,393.55,3356.41,1.582,7.0,7,0
2026-02-09 17:00:00,0.6128,16.92,34.28,27.33,41.27,131.569,32.781,67.23,269.83,27.13,21.18,0.96,16.45,11.19,403.47,3473.64,1.539,11.7,7,0
2026-02-09 18:00:00,0.6261,16.11,34.08,26.89,39.58,132.676,33.3,68.12,271.4,25.68,20.22,0.81,16.88,16.14,404.01,3461.4,1.289,142.4,7,0
2026-02-09 19:00:00,0.512,16.2,29.22,24.01,34.02,132.076,33.034,55.95,223.69,30.27,21.53,0.7,12.01,14.08,382.26,3291.44,1.388,31.1,7,0
2026-02-09 20:00:00,0.5001,16.01,28.54,23.53,31.93,131.892,32.947,54.72,219.07,19.53,15.75,0.8,14.14,13.69,393.71,3516.78,1.304,37.8,7,0
2026-02-09 21:00:00,0.5233,18.68,32.16,26.77,36.77,132.076,33.184,57.19,227.63,29.82,18.92,0.84,11.81,11.25,405.9,3551.89,1.395,144.9,7,0
2026-02-09 22:00:00,0.5576,15.93,30.85,24.88,38.56,132.223,33.175,60.86,242.58,27.29,21.88,0.78,15.73,10.61,403.94,3486.97,1.355,17.0,7,0
2026-02-09 23:00:00,0.4821,17.39,29.22,24.49,33.41,131.963,32.668,52.73,213.0,32.46,18.36,1.21,18.32,11.73,402.29,3380.17,1.363,42.8,7,0
2026-02-10 00:00:00,0.4889,15.56,27.65,22.82,31.02,132.794,33.366,53.14,211.48,33.27,18.09,1.42,16.85,12.22,411.77,3603.66,1.383,48.2,7,0
2026-02-10 01:00:00,0.5164,14.16,27.36,22.08,32.22,132.831,32.892,56.12,226.63,33.34,19.84,0.65,13.85,9.87,398.73,3654.22,1.399,107.1,7,0
2026-02-10 02:00:00,0.549,12.23,26.79,20.96,31.5,132.351,33.449,59.88,236.92,29.08,20.06,1.34,16.07,12.77,421.25,3534.46,1.43,48.8,7,0
2026-02-10 03:00:00,0.4785,11.9,23.59,18.91,26.71,132.907,32.648,51.97,211.56,26.72,19.02,1.21,15.76,13.67,395.97,3474.12,1.3,45.0,7,0
2026-02-10 04:00:00,0.5112,10.02,23.01,17.81,29.13,132.006,33.084,55.9,223.03,27.68,23.78,1.06,15.53,8.69,410.79,3475.16,1.461,130.0,7,0
2026-02-10 05:00:00,0.5871,8.63,24.84,18.36,31.55,132.456,32.951,63.98,257.17,30.99,20.66,1.46,12.45,10.7,411.32,3537.12,1.358,7.0,7,0
2026-02-10 06:00:00,0.5109,8.9,21.88,16.69,26.59,132.663,32.479,55.58,227.04,25.19,18.29,0.96,17.69,13.89,375.78,3509.65,1.366,62.2,7,0
2026-02-10 07:00:00,0.6133,7.56,24.94,17.99,31.02,132.673,33.174,66.72,266.83,34.3,17.21,1.13,12.71,12.61,406.98,3537.3,1.499,6.1,7,0
2026-02-10 08:00:00,0.5778,6.74,22.53,16.22,27.96,132.605,32.492,62.89,256.66,29.13,20.9,1.04,14.33,10.75,390.77,3538.45,1.102,36.6,7,0
2026-02-10 09:00:00,0.6355,8.31,26.7,19.34,34.8,132.417,32.923,69.27,278.61,31.62,18.24,1.02,16.98,13.15,385.24,3443.4,1.891,9.5,7,0
2026-02-10 10:00:00,0.6459,8.14,27.02,19.47,34.36,133.292,33.292,69.94,280.02,24.78,24.4,1.14,14.31,11.15,394.0,3436.63,1.602,4.4,7,0
2026-02-10 11:00:00,0.6403,9.49,28.11,20.66,32.61,131.644,32.86,70.2,281.25,27.34,20.95,1.02,15.22,11.69,402.79,3480.03,1.568,6.4,7,0
2026-02-10 12:00:00,0.6495,9.58,28.63,21.01,37.74,131.898,32.761,71.08,286.17,24.41,21.21,1.15,15.3,10.34,376.9,3539.86,1.446,56.7,7,0
2026-02-10 13:00:00,0.6907,10.03,31.05,22.65,39.31,131.858,33.211,75.61,300.19,33.19,20.59,0.81,15.19,12.07,400.77,3377.71,1.559,36.4,7,0
2026-02-10 14:00:00,0.7089,14.27,36.18,27.42,45.0,131.757,32.934,77.66,310.68,29.64,22.34,0.81,15.29,13.57,397.11,3484.17,1.373,36.1,7,0
2026-02-10 15:00:00,0.6651,15.38,35.17,27.25,43.56,130.687,32.893,73.46,291.87,31.84,15.3,0.8,15.49,11.33,415.94,3499.59,1.606,45.2,7,0
2026-02-10 16:00:00,0.6552,15.92,35.24,27.51,42.91,132.907,33.337,71.16,283.7,30.31,17.69,0.9,15.21,13.01,390.87,3463.53,1.275,4.0,7,0
2026-02-10 17:00:00,0.6496,15.68,34.74,27.12,42.51,131.323,32.692,71.39,286.79,31.53,22.16,1.31,13.27,11.97,418.22,3614.69,1.334,246.1,7,0
2026-02-10 18:00:00,0.5792,16.57,32.42,26.08,37.79,132.112,32.879,63.28,254.25,29.11,23.09,0.87,11.96,13.66,406.17,3601.03,1.383,0.5,7,0
2026-02-10 19:00:00,0.6046,18.75,35.74,28.94,40.97,131.062,33.229,66.59,262.63,29.51,17.62,1.2,17.06,11.35,399.87,3535.72,1.729,58.5,7,0
2026-02-10 20:00:00,0.5811,17.18,33.13,26.75,39.09,132.41,32.675,63.35,256.71,29.85,16.46,1.09,17.15,14.38,419.48,3644.11,1.325,1.4,7,0
2026-02-10 21:00:00,0.6105,16.73,33.99,27.09,41.47,131.482,33.469,67.02,263.3,31.34,20.43,0.87,15.74,13.07,429.21,3572.74,1.555,7.9,7,0
2026-02-10 22:00:00,0.5004,18.74,31.29,26.27,35.03,131.25,32.943,55.03,219.27,31.42,21.06,1.4,15.72,12.41,397.21,3513.21,1.141,78.0,7,0
2026-02-10 23:00:00,0.4821,16.02,27.85,23.12,31.22,132.128,33.231,52.66,209.39,38.56,20.39,1.23,13.23,12.47,389.27,3464.32,1.445,2.6,7,0
2026-02-11 00:00:00,0.5096,16.97,29.89,24.72,35.28,131.538,33.23,55.91,221.33,35.17,19.97,1.01,10.18,11.35,406.81,3470.86,1.715,32.8,7,0
2026-02-11 01:00:00,0.5077,12.59,25.44,20.3,29.45,131.621,32.96,55.67,222.31,24.79,16.39,0.98,14.56,11.25,379.03,3532.92,1.529,78.1,7,0
2026-02-11 02:00:00,0.4704,13.22,24.59,20.04,28.02,132.113,32.874,51.4,206.55,29.69,19.34,1.03,11.27,12.44,380.86,3472.74,1.124,39.7,7,0
2026-02-11 03:00:00,0.4844,13.48,25.39,20.62,29.08,132.528,32.989,52.75,211.94,28.91,19.64,0.55,15.43,10.25,419.98,3381.13,1.449,5.7,7,0
2026-02-11 04:00:00,0.5286,10.23,23.93,18.45,28.63,131.46,33.188,58.04,229.89,33.96,19.0,0.76,17.67,11.14,408.95,3472.03,1.395,44.7,7,0
2026-02-11 05:00:00,0.5083,8.9,21.77,16.62,24.9,131.346,32.74,55.85,224.07,29.18,16.26,1.14,13.83,10.64,387.5,3584.69,1.638,136.6,7,0
2026-02-11 06:00:00,0.5449,7.2,21.58,15.83,26.2,132.015,32.682,59.57,240.64,31.52,21.26,0.53,13.94,12.9,447.4,3296.56,1.457,0.7,7,0
2026-02-11 07:00:00,0.5858,8.95,25.1,18.64,42.08,132.356,33.392,63.88,253.2,23.11,21.82,0.78,13.05,12.93,379.64,3614.73,1.277,7.1,7,0
2026-02-11 08:00:00,0.6388,6.93,25.48,18.06,32.6,132.965,32.806,69.35,281.07,25.58,18.5,0.89,15.15,13.95,409.67,3548.41,1.499,38.4,7,0
2026-02-11 09:00:00,0.6149,7.77,25.23,18.25,32.58,131.293,33.093,67.6,268.21,36.4,19.72,1.88,15.0,11.54,388.43,3483.73,1.403,43.3,7,0
2026-02-11 10:00:00,0.5985,7.13,23.85,17.16,31.41,131.79,32.947,65.55,262.21,30.28,19.1,1.21,13.02,10.84,427.09,3525.5,1.175,34.3,7,0
2026-02-11 11:00:00,0.6122,10.72,28.05,21.12,35.63,132.776,32.958,66.55,268.1,27.13,19.12,1.34,16.89,9.84,392.41,3579.38,1.48,2.7,7,0
2026-02-11 12:00:00,0.6419,11.35,30.05,22.57,37.78,133.302,33.378,69.5,277.58,30.85,21.08,0.76,20.47,12.45,396.1,3505.16,1.522,8.6,7,0
2026-02-11 13:00:00,0.6437,11.37,30.15,22.64,37.08,131.345,32.978,70.74,281.73,26.97,21.13,1.11,17.44,14.14,373.24,3578.39,1.579,24.4,7,0
2026-02-11 14:00:00,0.675,11.54,31.81,23.7,39.06,131.512,32.906,74.09,296.1,29.27,22.24,0.48,14.84,11.93,431.61,3570.56,1.69,33.3,7,0
2026-02-11 15:00:00,0.634,15.53,33.86,26.53,40.71,132.252,32.929,69.2,277.91,25.77,22.2,0.91,14.82,12.09,391.11,3516.51,1.475,164.1,7,0
2026-02-11 16:00:00,0.6327,14.83,33.1,25.79,40.38,131.619,32.867,69.39,277.86,27.76,19.75,1.16,14.04,12.04,407.58,3413.64,1.291,60.9,7,0
2026-02-11 17:00:00,0.6099,15.13,32.35,25.46,39.33,131.499,32.823,66.94,268.18,28.88,25.78,0.58,13.99,12.43,400.45,3494.68,1.379,52.4,7,0
2026-02-11 18:00:00,0.5957,15.27,31.86,25.22,38.39,132.161,32.868,65.06,261.62,33.49,23.19,1.12,16.98,13.54,392.1,3339.2,1.495,12.6,7,0
2026-02-11 19:00:00,0.6228,16.88,34.69,27.57,41.19,133.023,33.439,67.57,268.81,31.52,18.78,1.15,17.07,14.93,366.96,3538.16,1.694,38.9,7,0
2026-02-11 20:00:00,0.5771,16.24,32.01,25.7,38.3,131.136,33.188,63.52,250.97,32.04,20.35,0.83,12.72,12.79,396.95,3468.93,1.489,37.0,7,0
2026-02-11 21:00:00,0.5336,16.91,30.81,25.25,36.66,132.989,32.909,57.91,234.02,30.05,16.12,0.76,15.8,12.89,396.3,3453.28,1.447,50.0,7,0
2026-02-11 22:00:00,0.4985,17.77,30.25,25.26,35.18,131.621,33.259,54.67,216.36,32.59,20.15,0.79,17.28,11.69,405.16,3554.95,1.414,16.0,7,0
2026-02-11 23:00:00,0.4835,15.86,27.74,22.99,31.69,132.228,32.581,52.78,214.19,27.5,23.44,0.9,14.36,11.89,432.56,3400.87,1.441,60.8,7,0
2026-02-12 00:00:00,0.497,15.72,28.13,23.17,31.66,133.05,33.363,53.91,215.0,27.93,25.66,0.91,14.64,11.87,410.04,3511.48,1.735,41.4,7,0
2026-02-12 01:00:00,0.5012,13.43,26.02,20.99,29.6,132.215,33.342,54.72,216.99,31.35,19.85,1.16,16.45,11.5,413.27,3475.33,1.438,48.6,7,0
2026-02-12 02:00:00,0.4599,12.93,23.89,19.51,26.95,131.804,33.59,50.36,197.62,29.29,20.76,0.85,16.51,12.24,395.8,3488.08,1.39,30.8,7,0
2026-02-12 03:00:00,0.4982,13.49,25.95,20.97,30.38,132.474,33.267,54.28,216.16,30.08,21.3,1.49,15.92,12.98,380.68,3525.26,1.455,6.4,7,0
2026-02-12 04:00:00,0.4521,10.01,20.68,16.42,24.57,131.886,33.115,49.47,197.04,29.63,24.05,1.48,15.57,12.14,396.19,3648.39,1.325,50.5,7,0
2026-02-12 05:00:00,0.5401,9.71,23.89,18.22,27.72,132.344,33.341,58.9,233.81,33.89,18.13,1.08,15.84,11.63,389.36,3534.39,1.236,7.5,7,0
2026-02-12 06:00:00,0.5807,6.97,22.89,16.52,28.22,131.865,32.835,63.56,255.27,34.04,25.41,0.9,14.51,12.24,399.63,3611.18,1.229,28.1,7,0
2026-02-12 07:00:00,0.5753,9.55,25.24,18.97,31.07,132.568,32.896,62.64,252.44,28.25,19.46,0.85,12.83,10.61,392.97,3614.15,1.379,13.7,7,0
2026-02-12 08:00:00,0.6641,7.39,27.13,19.23,33.9,131.08,32.983,73.13,290.62,24.85,17.75,1.1,11.95,13.25,375.21,3564.09,1.709,43.8,7,0
2026-02-12 09:00:00,0.6073,9.08,26.19,19.35,32.81,131.331,33.361,66.74,262.74,27.99,19.46,1.15,16.25,11.43,419.38,3355.01,1.679,51.2,7,0
2026-02-12 10:00:00,0.661,8.41,28.0,20.16,35.18,131.07,32.774,72.79,291.09,27.44,18.48,0.95,15.28,10.31,398.27,3483.35,1.363,55.1,7,0
2026-02-12 11:00:00,0.6692,9.94,29.93,21.93,36.96,131.963,32.746,73.2,294.99,32.62,20.93,0.89,15.97,12.74,395.43,3415.27,1.511,39.9,7,0
2026-02-12 12:00:00,0.6773,11.03,31.41,23.26,39.25,130.991,33.062,74.63,295.68,32.89,16.79,1.11,13.41,12.81,383.81,3731.62,1.558,13.6,7,0
2026-02-12 13:00:00,0.6803,11.12,31.63,23.43,39.81,131.543,33.189,74.65,295.85,27.03,20.38,1.03,15.27,10.76,393.25,3422.22,1.431,12.1,7,0
2026-02-12 14:00:00,0.6835,13.96,34.63,26.36,41.89,131.269,32.814,75.16,300.66,27.86,21.42,0.83,15.22,12.98,387.43,3382.75,1.738,18.5,7,0
2026-02-12 15:00:00,0.6958,13.4,34.67,26.16,42.7,132.977,33.177,75.52,302.69,25.69,23.06,1.04,17.62,13.0,382.47,3280.9,1.662,30.5,7,0
2026-02-12 16:00:00,0.6958,16.14,37.41,28.9,46.01,131.346,33.361,76.46,301.02,30.53,21.46,0.82,16.77,15.01,402.82,3419.63,1.602,35.7,7,0
2026-02-12 17:00:00,0.6337,16.01,34.32,27.0,40.54,131.151,33.317,69.74,274.52,29.99,22.94,0.78,13.58,11.69,393.35,3512.36,1.527,35.0,7,0
2026-02-12 18:00:00,0.6341,17.54,35.87,28.54,41.38,132.164,33.093,69.25,276.55,32.49,18.88,1.0,16.07,11.97,411.61,3589.51,1.283,9.8,7,0
2026-02-12 19:00:00,0.5627,17.23,32.37,26.32,36.53,133.113,32.976,61.01,246.28,31.62,20.88,0.83,13.57,11.14,394.97,3416.92,1.685,30.8,7,0
2026-02-12 20:00:00,0.5808,17.91,33.84,27.47,39.24,131.923,33.458,63.55,250.56,31.96,15.64,0.79,9.84,12.79,402.1,3596.26,1.577,4.0,7,0
2026-02-12 21:00:00,0.5109,16.62,29.59,24.4,32.97,131.974,33.004,55.87,223.42,25.5,19.87,1.32,18.52,12.04,401.68,3497.44,1.517,108.6,7,0
2026-02-12 22:00:00,0.5457,17.44,31.86,26.09,36.65,132.852,33.248,59.29,236.91,28.25,20.87,0.89,14.31,13.53,406.15,3463.71,1.362,58.6,7,0
2026-02-12 23:00:00,0.5634,16.44,31.62,25.55,38.35,132.58,33.517,61.34,242.64,32.97,21.05,1.56,17.14,11.4,387.76,3516.37,1.384,25.4,7,0
2026-02-13 00:00:00,0.4841,14.99,26.89,22.13,29.77,132.281,33.221,52.82,210.33,28.51,16.95,1.19,13.74,12.76,413.87,3615.95,1.516,78.2,7,0
2026-02-13 01:00:00,0.4186,14.27,23.7,19.93,26.45,131.616,32.737,45.9,184.55,25.24,19.32,0.76,13.45,11.69,382.68,3506.63,1.575,80.0,7,0
2026-02-13 02:00:00,0.4713,13.16,24.57,20.01,30.05,132.301,32.673,51.42,208.21,32.55,19.59,1.35,13.97,9.28,401.02,3413.88,1.694,100.6,7,0
2026-02-13 03:00:00,0.5347,11.12,25.08,19.49,30.26,131.102,32.921,58.87,234.43,28.4,19.24,0.79,15.57,12.99,382.31,3536.48,1.357,47.7,7,0
2026-02-13 04:00:00,0.5302,10.4,24.17,18.66,28.66,131.588,33.187,58.16,230.61,33.32,21.55,1.6,15.42,9.43,398.57,3535.2,1.441,32.8,7,0
2026-02-13 05:00:00,0.5418,8.49,22.74,17.04,27.61,132.945,33.117,58.83,236.14,30.07,19.66,1.07,16.06,11.81,413.74,3487.33,1.157,67.9,7,0
2026-02-13 06:00:00,0.5887,11.05,27.33,20.81,33.56,132.859,33.583,63.96,253.04,29.3,20.29,1.17,14.07,11.83,408.71,3584.27,1.125,67.0,7,0
2026-02-13 07:00:00,0.5989,9.26,25.99,19.3,33.45,132.289,33.115,65.34,261.04,34.22,19.12,1.02,15.14,12.04,416.26,3319.42,1.578,1.6,7,0
2026-02-13 08:00:00,0.6468,8.3,27.23,19.66,33.91,130.727,32.914,71.41,283.63,26.22,22.23,1.09,13.38,12.12,395.83,3531.12,1.395,68.9,7,0
2026-02-13 09:00:00,0.6619,9.37,29.01,21.16,35.85,131.203,32.701,72.82,292.17,34.43,22.37,0.94,18.0,12.1,414.02,3565.3,1.235,11.2,7,0
2026-02-13 10:00:00,0.7007,6.72,28.23,19.63,35.48,131.552,33.312,76.88,303.62,28.21,19.48,0.73,12.44,12.59,390.0,3386.65,1.376,61.1,7,0
2026-02-13 11:00:00,0.6817,6.94,27.52,19.29,35.51,131.887,32.998,74.61,298.19,30.61,25.8,1.11,13.42,11.88,393.51,3383.89,1.592,27.0,7,0
2026-02-13 12:00:00,0.7081,10.13,32.01,23.26,39.41,131.175,32.602,77.92,313.49,30.64,18.56,1.31,14.22,15.97,402.33,3582.41,1.612,32.1,7,0
2026-02-13 13:00:00,0.6751,10.36,30.63,22.52,38.0,131.837,33.006,73.92,295.24,28.85,22.11,0.65,19.84,11.53,413.13,3596.51,1.292,5.2,7,0
2026-02-13 14:00:00,0.6629,12.79,32.48,24.6,39.22,133.166,32.737,71.85,292.27,27.84,18.19,1.47,16.6,10.21,392.17,3611.34,1.717,32.9,7,0
2026-02-13 15:00:00,0.7222,14.53,37.1,28.07,46.83,132.265,32.888,78.81,316.94,29.02,21.64,1.19,13.36,9.93,410.81,3447.12,1.457,21.4,7,0
2026-02-13 16:00:00,0.6615,16.45,36.07,28.22,43.1,132.144,33.002,72.26,289.34,27.08,21.49,0.88,16.71,13.04,403.85,3518.65,1.572,41.2,7,0
2026-02-13 17:00:00,0.6585,15.43,34.9,27.11,42.59,131.328,32.761,72.37,290.12,36.01,18.07,0.87,16.1,9.66,405.44,3529.23,1.535,173.3,7,0
2026-02-13 18:00:00,0.6139,17.76,35.17,28.21,40.29,130.918,32.871,67.69,269.58,28.68,19.84,1.57,15.61,10.23,387.57,3365.99,1.505,94.6,7,0
2026-02-13 19:00:00,0.5668,17.87,33.19,27.07,38.76,131.189,32.804,62.36,249.38,33.61,23.83,1.29,16.46,10.02,394.61,3515.15,1.343,33.2,7,0
2026-02-13 20:00:00,0.5588,18.38,33.35,27.36,37.7,130.892,32.811,61.62,245.82,33.21,18.47,1.35,15.18,12.73,398.98,3513.67,1.476,32.4,7,0
2026-02-13 21:00:00,0.5774,17.34,33.12,26.81,38.45,132.05,32.734,63.12,254.61,31.22,20.9,0.93,15.41,14.04,405.45,3562.2,1.529,30.3,7,0
2026-02-13 22:00:00,0.5303,18.74,32.52,27.01,39.07,132.253,32.873,57.88,232.85,29.72,20.77,1.17,11.96,10.63,388.27,3456.85,1.435,11.2,7,0
2026-02-13 23:00:00,0.4464,16.46,26.92,22.74,31.05,131.363,32.764,49.05,196.66,30.71,20.01,1.11,17.95,12.68,381.01,3602.61,1.438,2.5,7,0
2026-02-14 00:00:00,0.4087,17.47,26.55,22.92,29.29,132.098,33.155,44.65,177.91,31.85,16.63,0.95,14.17,8.09,368.39,3509.0,1.57,63.6,7,0
2026-02-14 01:00:00,0.4657,13.7,24.89,20.42,31.14,132.97,33.053,50.55,203.36,30.43,21.75,1.04,12.59,10.93,411.57,3639.35,1.362,29.2,7,0
2026-02-14 02:00:00,0.4087,13.94,23.02,19.39,25.13,133.292,33.315,44.26,177.07,25.43,20.12,1.34,14.06,12.95,414.55,3562.31,1.502,20.9,7,0
2026-02-14 03:00:00,0.3696,11.85,19.58,16.48,22.83,132.508,33.498,40.26,159.25,24.67,22.3,1.49,14.14,11.58,370.24,3524.79,1.353,12.4,7,0
2026-02-14 04:00:00,0.4939,10.37,22.66,17.75,25.58,131.885,33.179,54.06,214.87,34.66,20.56,0.93,13.46,13.54,401.52,3408.03,1.661,3.4,7,0
2026-02-14 05:00:00,0.4752,10.3,21.85,17.23,25.5,132.487,33.119,51.77,207.1,22.22,20.23,0.61,16.62,8.7,394.73,3396.98,1.227,104.3,7,0
2026-02-14 06:00:00,0.4731,8.57,20.05,15.46,22.77,132.892,33.195,51.39,205.72,30.72,20.84,1.5,17.01,10.95,418.64,3630.65,1.632,4.0,7,0
2026-02-14 07:00:00,0.4861,5.71,17.69,12.9,21.91,130.675,33.123,53.69,211.82,29.42,18.12,1.5,11.15,12.73,397.23,3572.8,1.363,207.8,7,0
2026-02-14 08:00:00,0.5517,5.14,19.81,13.94,25.03,132.978,33.013,59.88,241.21,30.61,23.21,1.13,14.04,12.71,408.57,3479.78,1.793,58.6,7,0
2026-02-14 09:00:00,0.5235,9.64,23.13,17.74,27.54,131.641,32.992,57.4,229.01,26.71,19.35,1.54,14.18,12.82,394.01,3469.24,1.527,197.4,7,0
2026-02-14 10:00:00,0.5918,10.1,26.51,19.95,33.34,131.647,32.73,64.88,260.97,31.18,19.37,1.1,14.72,12.36,390.08,3520.34,1.623,1.7,7,0
2026-02-14 11:00:00,0.5871,11.55,27.76,21.28,33.17,131.766,33.221,64.31,255.08,30.75,22.68,0.73,18.48,10.33,411.9,3394.97,1.469,25.4,7,0
2026-02-14 12:00:00,0.5867,10.68,26.87,20.4,32.98,132.211,32.992,64.05,256.67,38.41,20.59,0.61,13.44,10.88,416.56,3465.17,1.595,62.4,7,0
2026-02-14 13:00:00,0.5866,10.61,26.8,20.32,33.3,131.267,33.383,64.5,253.63,30.52,19.62,0.61,18.19,15.52,381.35,3551.59,1.595,117.5,7,0
2026-02-14 14:00:00,0.5741,12.78,28.42,22.16,32.83,131.812,33.242,62.86,249.27,34.17,20.92,1.01,14.77,10.16,417.53,3562.29,1.466,54.6,7,0
2026-02-14 15:00:00,0.6022,14.51,31.39,24.63,36.95,132.347,32.835,65.68,264.72,25.63,21.35,0.87,18.21,9.93,385.77,3473.14,1.616,19.4,7,0
2026-02-14 16:00:00,0.5314,14.69,28.51,22.98,33.35,132.144,33.329,58.04,230.12,33.19,19.86,0.83,14.44,13.07,365.41,3630.61,0.962,50.4,7,0
2026-02-14 17:00:00,0.4911,18.38,30.56,25.69,35.17,132.251,32.324,53.59,219.28,30.81,21.94,0.97,14.21,10.46,400.55,3586.19,1.349,2.0,7,0
2026-02-14 18:00:00,0.5377,19.77,33.85,28.22,39.9,131.786,33.51,58.89,231.59,30.94,17.56,1.26,15.02,14.74,408.0,3441.09,1.472,13.0,7,0
2026-02-14 19:00:00,0.5162,18.51,31.7,26.42,36.05,132.458,32.647,56.25,228.21,30.98,20.62,0.84,17.65,16.15,377.65,3400.53,1.533,47.7,7,0
2026-02-14 20:00:00,0.4896,18.19,30.31,25.46,34.13,132.697,33.131,53.26,213.31,35.25,21.7,0.79,15.38,11.69,370.65,3550.16,1.591,57.7,7,0
2026-02-14 21:00:00,0.467,16.73,27.97,23.48,30.98,132.658,33.113,50.81,203.55,30.9,21.34,0.86,15.48,12.51,392.97,3466.59,1.396,45.6,7,0
2026-02-14 22:00:00,0.4275,19.08,28.83,24.93,32.2,132.282,33.297,46.65,185.32,27.78,15.62,1.28,16.34,9.31,390.96,3451.4,1.355,11.3,7,0
2026-02-14 23:00:00,0.4472,16.81,27.3,23.1,30.46,132.62,32.913,48.68,196.13,28.28,19.84,0.99,13.31,13.6,420.93,3520.43,1.554,99.5,7,0
2026-02-15 00:00:00,0.4143,15.58,24.86,21.15,27.56,132.575,32.434,45.1,184.36,32.58,17.67,1.09,15.74,8.69,400.57,3560.15,1.58,71.3,7,0
2026-02-15 01:00:00,0.3981,15.15,23.85,20.37,26.47,133.766,32.914,42.96,174.59,31.47,22.67,1.47,13.81,10.04,411.41,3565.96,1.51,30.2,7,0
2026-02-15 02:00:00,0.4063,12.79,21.78,18.18,25.03,132.804,32.942,44.16,178.02,25.54,19.32,1.86,18.01,12.23,403.54,3507.02,1.38,114.1,7,0
2026-02-15 03:00:00,0.4848,12.22,24.15,19.38,27.7,131.941,32.459,53.03,215.56,31.67,22.45,1.2,15.9,12.87,423.92,3319.09,1.825,36.1,7,0
2026-02-15 04:00:00,0.3856,9.43,17.7,14.39,19.61,131.398,33.012,42.36,168.59,26.88,17.66,1.17,16.45,9.82,387.02,3578.96,1.405,68.8,7,0
2026-02-15 05:00:00,0.4702,10.92,22.29,17.74,26.39,131.828,32.716,51.49,207.46,31.45,20.88,0.65,10.99,11.24,399.07,3438.12,1.468,27.0,7,0
2026-02-15 06:00:00,0.4254,8.94,18.61,14.74,19.27,131.781,33.171,46.59,185.09,27.71,20.11,1.12,16.48,9.56,376.86,3527.28,1.658,36.8,7,0
2026-02-15 07:00:00,0.4945,9.7,22.02,17.09,25.69,132.338,32.935,53.93,216.71,29.29,25.63,1.03,14.71,11.57,412.56,3492.84,1.676,51.1,7,0
2026-02-15 08:00:00,0.5067,8.17,20.98,15.85,24.42,131.538,33.518,55.6,218.22,28.5,22.45,1.27,12.19,10.85,417.1,3682.13,1.559,13.1,7,0
2026-02-15 09:00:00,0.4777,8.4,20.06,15.4,24.9,132.787,32.932,51.92,209.37,34.69,22.33,0.89,15.26,11.1,413.48,3667.24,1.304,8.1,7,0
2026-02-15 10:00:00,0.5695,7.83,23.27,17.09,28.43,131.083,33.114,62.71,248.25,31.34,24.15,1.07,12.03,13.03,398.52,3465.85,1.502,56.0,7,0
2026-02-15 11:00:00,0.56,10.59,25.62,19.61,30.5,130.923,32.944,61.73,245.34,33.91,20.67,1.19,16.29,12.47,378.05,3395.04,1.558,54.9,7,0
2026-02-15 12:00:00,0.5169,9.99,23.21,17.93,27.72,131.911,32.571,56.56,229.05,38.82,19.9,1.58,17.93,12.89,399.1,3401.3,1.751,186.9,7,0
2026-02-15 13:00:00,0.6079,11.59,28.73,21.87,34.53,131.444,32.946,66.76,266.34,30.27,19.67,1.48,11.48,11.86,390.23,3524.34,1.946,55.5,7,0
2026-02-15 14:00:00,0.6229,13.37,31.19,24.06,37.46,131.17,33.199,68.54,270.82,34.64,20.75,1.39,15.01,13.12,414.23,3459.44,1.422,70.2,7,0
2026-02-15 15:00:00,0.6161,14.79,32.29,25.29,38.82,131.58,33.159,67.58,268.17,28.03,14.56,1.22,14.74,12.0,393.99,3413.73,1.636,203.2,7,0
2026-02-15 16:00:00,0.5686,14.16,29.56,23.4,34.72,131.497,32.923,62.41,249.29,33.9,20.1,0.88,11.09,11.31,393.67,3460.73,1.362,58.6,7,0
2026-02-15 17:00:00,0.5416,16.68,30.92,25.22,35.57,132.007,32.615,59.22,239.69,27.71,20.55,1.22,16.9,12.9,433.0,3538.72,1.452,7.3,7,0
2026-02-15 18:00:00,0.5596,18.5,33.51,27.5,38.02,131.59,33.17,61.38,243.5,30.08,19.79,0.77,16.32,11.41,412.38,3496.36,1.35,4.3,7,0
2026-02-15 19:00:00,0.5482,17.82,32.35,26.54,36.53,131.644,33.111,60.11,238.98,31.74,17.04,0.94,19.12,11.55,416.53,3464.03,1.724,111.6,7,0
2026-02-15 20:00:00,0.5098,18.15,31.07,25.9,35.54,131.997,33.223,55.74,221.46,32.21,19.8,1.54,16.06,13.65,392.71,3474.07,1.491,29.3,7,0
2026-02-15 21:00:00,0.427,18.36,28.1,24.21,31.45,132.669,32.928,46.46,187.17,26.31,17.03,1.17,13.31,13.51,383.89,3489.67,1.458,70.6,7,0
2026-02-15 22:00:00,0.4437,17.57,27.93,23.79,30.13,132.971,32.555,48.16,196.71,27.53,23.65,1.07,16.09,11.6,416.4,3520.44,1.429,71.3,7,0
2026-02-15 23:00:00,0.4373,15.88,25.99,21.95,29.85,132.098,33.141,47.78,190.46,31.97,19.58,1.11,17.64,13.36,422.78,3525.13,1.475,142.7,7,0
2026-02-16 00:00:00,0.4353,16.01,26.05,22.03,29.88,132.149,32.998,47.55,190.41,29.03,15.97,0.98,14.14,10.13,381.1,3370.76,1.479,53.7,7,0
2026-02-16 01:00:00,0.5003,15.83,28.38,23.36,33.41,131.879,33.367,54.75,216.4,25.94,19.69,0.36,16.77,11.61,392.63,3515.97,1.347,131.2,7,0
2026-02-16 02:00:00,0.5578,12.49,27.42,21.45,32.95,132.318,33.008,60.84,243.91,29.92,21.89,0.63,10.36,10.92,386.68,3473.67,1.226,37.3,7,0
2026-02-16 03:00:00,0.5188,11.88,25.17,19.85,30.26,132.258,32.988,56.62,226.99,29.77,20.45,1.19,18.02,12.05,407.62,3421.53,1.26,3.9,7,0
2026-02-16 04:00:00,0.5597,9.66,24.68,18.67,31.75,132.875,33.11,60.8,243.98,30.66,18.27,0.73,16.67,13.15,416.69,3472.82,1.238,1.7,7,0
2026-02-16 05:00:00,0.5417,10.95,25.2,19.5,29.94,130.753,32.842,59.79,238.06,31.72,18.74,0.97,9.98,12.88,394.87,3595.13,1.5,46.2,7,0
2026-02-16 06:00:00,0.5581,9.12,24.07,18.09,28.53,131.845,32.83,61.1,245.37,31.53,19.53,0.64,15.83,12.68,394.83,3567.33,1.357,175.2,7,0
2026-02-16 07:00:00,0.5976,7.86,24.54,17.87,29.38,132.224,32.974,65.24,261.6,27.83,19.22,0.79,11.09,12.26,371.04,3510.41,1.646,59.2,7,0
2026-02-16 08:00:00,0.5876,8.64,24.87,18.37,32.14,131.983,32.757,64.26,258.91,28.9,17.58,1.01,13.84,11.81,386.08,3430.87,1.53,75.4,7,0
2026-02-16 09:00:00,0.6073,7.51,24.62,17.78,32.3,131.38,32.94,66.72,266.1,32.92,19.96,1.28,16.42,13.85,423.01,3393.87,1.228,2.1,7,0
2026-02-16 10:00:00,0.6949,8.18,29.41,20.92,36.87,131.142,33.512,76.48,299.29,28.5,17.43,1.34,14.79,9.73,407.79,3427.3,1.486,66.3,7,0
2026-02-16 11:00:00,0.714,8.55,30.71,21.85,38.8,132.532,33.275,77.76,309.69,28.95,22.0,0.79,17.58,11.05,414.29,3503.62,1.239,36.3,7,0
2026-02-16 12:00:00,0.653,9.98,29.19,21.51,36.18,131.5,33.081,71.68,284.93,25.62,22.24,1.1,15.19,12.67,394.92,3505.31,1.355,27.6,7,0
2026-02-16 13:00:00,0.7152,13.61,35.83,26.94,45.51,130.842,33.41,78.9,308.99,30.05,18.09,0.58,14.99,14.34,396.3,3450.54,1.484,76.9,7,0
2026-02-16 14:00:00,0.6802,12.81,33.32,25.12,40.16,132.565,32.782,74.06,299.47,31.17,18.67,1.02,17.26,11.53,400.68,3572.87,1.398,46.5,7,0
2026-02-16 15:00:00,0.683,15.3,35.95,27.69,42.31,132.303,33.657,74.51,292.89,24.21,19.25,1.29,14.39,11.66,405.26,3533.41,1.824,4.5,7,0
2026-02-16 16:00:00,0.6707,15.21,35.26,27.24,44.64,131.924,32.878,73.38,294.44,26.92,20.04,0.99,15.02,10.11,421.04,3290.55,1.648,11.7,7,0
2026-02-16 17:00:00,0.666,17.84,37.67,29.74,45.46,131.396,33.529,73.16,286.71,25.87,20.61,1.4,15.28,11.24,390.31,3511.39,1.484,15.7,7,0
2026-02-16 18:00:00,0.6145,16.85,34.28,27.31,41.07,131.925,33.528,67.24,264.56,32.5,21.03,1.26,14.93,13.11,398.33,3563.09,1.721,62.9,7,0
2026-02-16 19:00:00,0.6285,18.41,36.49,29.26,43.04,132.802,32.537,68.31,278.8,24.4,20.98,1.08,17.39,14.42,388.5,3518.85,1.368,54.5,7,0
2026-02-16 20:00:00,0.5696,18.6,34.04,27.86,39.93,130.934,33.387,62.79,246.24,29.9,23.21,0.93,13.73,11.61,370.88,3549.18,1.435,41.5,7,0
2026-02-16 21:00:00,0.5549,20.7,35.51,29.59,39.53,130.968,32.925,61.16,243.26,32.29,20.22,0.85,13.41,10.85,414.2,3481.58,1.606,65.4,7,0
2026-02-16 22:00:00,0.4905,18.5,30.66,25.8,34.08,131.586,32.85,53.8,215.51,30.7,17.49,0.57,12.94,12.15,426.61,3497.44,1.278,1.5,7,0
2026-02-16 23:00:00,0.5643,16.49,31.7,25.62,37.2,131.982,33.139,61.72,245.8,28.81,16.88,0.62,10.78,9.63,411.88,3499.11,1.585,14.4,7,0
2026-02-17 00:00:00,0.5043,16.9,29.61,24.53,32.12,131.672,32.734,55.28,222.36,31.17,23.37,1.31,18.03,13.9,403.85,3517.39,1.496,16.7,7,0
2026-02-17 01:00:00,0.5082,17.15,30.02,24.87,34.16,132.424,33.133,55.39,221.37,33.24,21.12,1.46,13.27,10.2,428.2,3456.34,1.542,7.9,7,0
2026-02-17 02:00:00,0.4419,12.09,22.38,18.26,25.41,132.719,32.752,48.06,194.76,29.81,20.51,0.68,14.59,12.52,407.28,3590.06,1.691,4.6,7,0
2026-02-17 03:00:00,0.4755,11.58,23.15,18.52,26.75,132.184,33.047,51.92,207.68,23.42,21.0,1.03,18.18,12.5,412.44,3616.49,1.506,13.4,7,0
2026-02-17 04:00:00,0.5532,10.98,25.72,19.82,30.48,132.37,33.353,60.32,239.4,33.58,20.42,0.53,14.78,12.99,402.51,3460.19,1.496,2.6,7,0
2026-02-17 05:00:00,0.5454,9.77,24.17,18.41,28.43,132.18,33.102,59.55,237.81,31.33,20.97,0.71,16.1,12.43,404.81,3409.17,1.248,40.8,7,0
2026-02-17 06:00:00,0.5035,9.06,21.73,16.66,24.58,132.006,32.905,55.05,220.85,30.03,19.35,1.08,12.23,12.05,398.41,3395.05,1.483,0.6,7,0
2026-02-17 07:00:00,0.6179,7.59,25.18,18.14,31.78,131.146,33.143,68.01,269.1,24.19,22.21,0.85,17.86,12.69,412.89,3535.07,1.437,7.3,7,0
2026-02-17 08:00:00,0.5963,10.12,26.74,20.09,32.55,131.322,32.629,65.54,263.8,29.24,19.05,0.43,14.82,13.3,384.03,3549.7,1.48,55.6,7,0
2026-02-17 09:00:00,0.6791,7.47,27.93,19.74,34.67,131.108,32.779,74.76,299.04,27.51,18.29,1.52,13.03,14.74,406.69,3535.41,1.469,51.8,7,0
2026-02-17 10:00:00,0.6548,9.19,28.49,20.77,35.83,131.902,32.886,71.66,287.41,26.48,16.72,0.99,13.03,10.4,387.61,3542.29,1.601,30.9,7,0
2026-02-17 11:00:00,0.6795,11.23,31.71,23.52,39.32,132.153,33.208,74.22,295.35,29.72,19.62,0.68,18.45,9.29,408.05,3457.21,1.391,34.3,7,0
2026-02-17 12:00:00,0.7187,11.19,33.59,24.63,42.0,131.043,33.107,79.16,313.35,28.53,22.64,1.05,13.89,9.73,436.31,3343.47,1.591,84.9,7,0
2026-02-17 13:00:00,0.6598,11.45,30.98,23.17,36.66,132.048,33.141,72.13,287.38,28.72,19.19,0.98,13.07,9.33,410.9,3462.9,1.374,3.6,7,0
2026-02-17 14:00:00,0.6536,12.37,31.61,23.92,39.42,131.422,32.993,71.78,285.93,32.35,17.34,1.13,14.2,10.25,418.01,3634.99,1.257,7.3,7,0
2026-02-17 15:00:00,0.6675,14.78,34.68,26.72,41.27,131.294,32.792,73.38,293.8,30.9,20.67,0.9,15.16,10.06,413.94,3523.87,1.482,60.7,7,0
2026-02-17 16:00:00,0.6823,15.46,36.07,27.83,44.04,131.587,33.393,74.84,294.92,28.65,18.8,1.1,15.37,11.43,365.52,3536.65,1.611,25.3,7,0
2026-02-17 17:00:00,0.5968,17.46,34.1,27.44,39.51,131.26,32.816,65.63,262.52,28.27,23.2,1.29,15.96,13.33,398.43,3575.07,1.382,123.0,7,0
2026-02-17 18:00:00,0.5626,16.65,31.79,25.73,36.86,132.4,33.111,61.33,245.26,28.77,22.25,0.61,15.54,12.99,407.12,3435.48,1.502,51.2,7,0
2026-02-17 19:00:00,0.6115,19.36,36.66,29.74,43.94,131.889,32.97,66.92,267.69,29.39,17.56,0.8,16.36,11.12,369.07,3520.57,1.451,53.4,7,0
2026-02-17 20:00:00,0.5428,18.83,33.13,27.41,38.56,132.538,33.149,59.11,236.35,31.89,19.75,1.26,14.52,11.25,396.15,3543.67,1.316,3.7,7,0
2026-02-17 21:00:00,0.525,18.74,32.29,26.87,37.88,131.707,32.84,57.54,230.75,27.01,18.59,0.84,19.21,15.07,399.22,3428.09,1.546,11.7,7,0
2026-02-17 22:00:00,0.4604,19.49,30.47,26.08,34.34,131.732,33.278,50.44,199.67,34.51,17.78,0.98,14.09,12.94,381.93,3531.8,1.332,24.5,7,0
2026-02-17 23:00:00,0.4798,16.82,28.55,23.86,32.78,133.236,33.364,51.98,207.57,31.89,19.99,0.87,17.77,12.31,385.86,3606.32,1.496,45.3,7,0
2026-02-18 00:00:00,0.4905,15.67,27.83,22.96,30.49,130.929,33.262,54.08,212.86,21.92,21.74,0.88,13.87,12.23,420.46,3470.64,1.226,16.9,7,0
2026-02-18 01:00:00,0.5153,14.64,27.8,22.53,32.05,132.848,33.042,55.98,225.08,30.39,19.94,0.86,12.21,11.62,346.69,3364.91,1.478,1.6,7,0
2026-02-18 02:00:00,0.4676,13.7,24.97,20.46,28.5,133.092,32.885,50.71,205.24,33.26,19.07,0.63,11.73,15.06,404.48,3516.51,1.527,8.4,7,0
2026-02-18 03:00:00,0.5505,12.51,27.13,21.28,33.26,132.505,33.745,59.96,235.45,31.3,15.69,1.14,15.68,11.77,417.86,3450.18,1.528,29.3,7,0
2026-02-18 04:00:00,0.4961,10.57,22.94,17.99,26.72,131.782,32.738,54.34,218.72,28.9,18.77,1.33,17.39,12.27,400.0,3517.19,1.582,12.4,7,0
2026-02-18 05:00:00,0.5169,8.34,21.56,16.27,26.31,132.942,33.233,56.12,224.48,29.95,21.2,0.95,12.77,9.58,421.53,3435.33,1.555,2.2,7,0
2026-02-18 06:00:00,0.6076,9.0,26.13,19.28,32.58,131.788,33.088,66.54,265.04,30.67,17.42,1.29,13.31,11.1,393.99,3507.58,1.549,109.6,7,0
2026-02-18 07:00:00,0.5937,9.43,25.93,19.33,32.84,131.534,32.983,65.15,259.8,32.44,22.67,0.86,15.84,11.22,386.83,3600.88,1.624,130.4,7,0
2026-02-18 08:00:00,0.5967,9.03,25.66,19.01,31.61,131.744,33.049,65.37,260.59,25.89,18.93,0.84,15.06,12.78,400.26,3500.48,1.442,19.9,7,0
2026-02-18 09:00:00,0.6327,10.27,28.53,21.23,36.0,131.624,32.865,69.38,277.87,28.32,20.49,1.13,13.9,10.89,394.68,3370.77,1.595,7.1,7,0
2026-02-18 10:00:00,0.6987,11.52,32.93,24.37,39.86,131.375,33.113,76.76,304.54,35.05,19.3,1.13,12.51,12.12,391.83,3532.77,1.553,42.2,7,0
2026-02-18 11:00:00,0.7179,11.12,33.48,24.54,40.95,132.733,33.084,78.07,313.22,30.23,17.75,0.97,15.69,11.14,397.7,3504.3,1.837,18.5,7,0
2026-02-18 12:00:00,0.6594,12.78,32.3,24.49,37.86,131.49,33.707,72.39,282.38,34.72,20.98,1.21,16.37,10.4,388.53,3519.77,1.571,37.5,7,0
2026-02-18 13:00:00,0.6861,13.37,34.16,25.85,42.8,131.98,33.283,75.03,297.53,39.09,18.91,0.62,16.05,10.34,387.84,3580.57,1.35,21.2,7,0
2026-02-18 14:00:00,0.6866,15.61,36.43,28.1,44.98,131.047,33.136,75.63,299.1,28.66,18.44,0.92,15.12,11.79,383.58,3460.71,1.581,16.3,7,0
2026-02-18 15:00:00,0.6444,17.04,35.85,28.33,43.63,132.02,33.152,70.45,280.54,26.54,15.35,1.3,12.96,12.21,406.66,3479.67,1.379,105.2,7,0
2026-02-18 16:00:00,0.6564,17.35,36.72,28.97,43.5,131.237,33.486,72.19,282.93,29.34,22.71,1.3,15.7,11.76,385.42,3420.36,1.637,21.8,7,0
2026-02-18 17:00:00,0.6375,18.14,36.63,29.23,43.09,131.221,32.744,70.12,281.02,33.43,20.11,1.26,15.55,10.8,381.78,3518.19,1.631,3.5,7,0
2026-02-18 18:00:00,0.6474,18.02,36.97,29.39,44.0,131.928,32.952,70.83,283.59,33.85,22.32,1.31,12.44,11.84,384.3,3516.09,1.432,40.0,7,0
2026-02-18 19:00:00,0.6236,18.68,36.53,29.39,44.3,132.698,32.497,67.83,276.97,36.95,21.34,0.9,14.46,11.57,403.49,3481.95,1.356,117.4,7,0
2026-02-18 20:00:00,0.5516,18.56,33.23,27.36,39.75,132.291,33.148,60.18,240.18,30.03,22.32,0.5,15.8,10.49,410.45,3562.49,1.496,8.6,7,0
2026-02-18 21:00:00,0.5309,19.35,33.15,27.63,38.57,132.336,33.224,57.91,230.66,31.6,18.97,0.93,14.91,12.18,411.67,3419.79,1.33,5.1,7,0
2026-02-18 22:00:00,0.5366,17.51,31.54,25.93,36.7,131.914,32.737,58.71,236.57,28.0,17.36,1.2,11.15,14.77,403.62,3512.89,1.343,20.5,7,0
2026-02-18 23:00:00,0.4832,17.24,29.11,24.36,34.15,131.778,33.379,52.92,208.94,22.62,21.63,1.25,13.79,11.83,408.44,3550.82,1.366,2.4,7,0
2026-02-19 00:00:00,0.509,14.22,27.12,21.96,31.32,132.522,32.81,55.44,223.91,30.02,20.36,0.85,13.65,9.86,399.59,3459.37,1.548,32.5,7,0
2026-02-19 01:00:00,0.4853,17.09,29.04,24.26,32.73,131.628,32.91,53.21,212.84,26.68,19.17,0.72,16.19,14.25,407.24,3392.85,1.22,26.3,7,0
2026-02-19 02:00:00,0.4622,13.85,24.91,20.49,28.44,132.551,33.032,50.33,201.98,32.07,21.59,0.75,20.27,13.94,407.01,3367.1,1.318,38.6,7,0
2026-02-19 03:00:00,0.4726,13.24,24.69,20.11,27.71,132.816,33.421,51.36,204.11,24.49,20.72,0.84,15.34,14.2,389.47,3515.16,1.796,16.8,7,0
2026-02-19 04:00:00,0.5606,13.03,28.09,22.06,33.29,131.445,32.773,61.56,246.9,27.92,21.38,0.44,12.67,11.99,384.28,3638.26,1.773,24.0,7,0
2026-02-19 05:00:00,0.5332,10.84,24.73,19.18,28.67,131.542,33.077,58.51,232.68,30.94,18.06,0.85,14.75,10.88,420.69,3453.96,1.648,22.3,7,0
2026-02-19 06:00:00,0.6112,11.19,28.48,21.56,35.65,131.64,33.205,67.02,265.7,31.25,22.06,1.02,15.09,10.71,402.29,3538.84,1.512,112.1,7,0
2026-02-19 07:00:00,0.5725,8.0,23.57,17.34,29.58,131.032,33.15,63.06,249.27,29.99,20.09,0.98,16.58,13.76,416.19,3308.71,1.599,21.0,7,0
2026-02-19 08:00:00,0.6225,11.47,29.27,22.15,37.01,131.69,33.16,68.23,270.98,35.74,22.27,0.91,17.55,14.46,383.91,3532.6,1.454,52.7,7,0
2026-02-19 09:00:00,0.7097,10.33,32.29,23.5,39.54,132.859,33.201,77.1,308.53,34.85,22.04,0.8,17.85,10.67,394.33,3415.67,1.149,7.4,7,0
2026-02-19 10:00:00,0.6269,9.95,27.96,20.75,36.16,131.31,32.854,68.91,275.42,28.08,21.48,0.84,16.14,8.27,379.76,3471.28,1.428,17.7,7,0
2026-02-19 11:00:00,0.6176,11.96,29.54,22.51,34.77,132.875,33.446,67.09,266.52,34.97,19.88,0.84,15.07,12.02,410.11,3509.05,1.438,144.7,7,0
2026-02-19 12:00:00,0.7231,10.41,33.03,23.98,40.96,131.714,32.971,79.24,316.56,35.42,21.52,1.22,18.04,10.7,391.19,3369.88,1.566,43.5,7,0
2026-02-19 13:00:00,0.6631,12.49,32.19,24.31,39.16,133.395,32.936,71.75,290.6,29.77,22.32,1.01,14.37,10.99,392.1,3754.4,1.604,130.9,7,0
2026-02-19 14:00:00,0.6839,15.52,36.21,27.93,45.21,131.55,33.356,75.04,295.93,30.27,21.32,1.96,15.18,11.69,429.75,3454.33,1.79,320.4,7,0
2026-02-19 15:00:00,0.6569,13.5,32.9,25.14,40.42,131.905,32.834,71.89,288.79,29.99,20.51,0.91,14.58,12.67,410.41,3551.31,1.533,0.1,7,0
2026-02-19 16:00:00,0.6667,17.14,37.0,29.05,44.36,131.399,33.085,73.23,290.85,28.2,21.53,1.14,10.81,10.88,410.22,3622.17,1.383,127.6,7,0
2026-02-19 17:00:00,0.6094,18.14,35.35,28.46,41.03,131.546,32.809,66.87,268.09,28.5,19.05,0.91,17.61,12.26,382.38,3526.21,1.475,6.9,7,0
2026-02-19 18:00:00,0.6084,20.37,37.53,30.67,42.72,132.883,33.665,66.08,260.85,34.1,23.13,0.91,16.42,11.86,372.55,3404.54,1.601,116.8,7,0
2026-02-19 19:00:00,0.6014,17.32,34.17,27.43,41.22,132.313,33.609,65.61,258.28,31.45,16.74,1.48,10.33,8.59,414.97,3510.98,1.484,26.5,7,0
2026-02-19 20:00:00,0.5318,20.68,34.52,28.98,39.97,132.679,32.971,57.85,232.8,28.48,20.17,1.31,17.07,12.87,366.81,3355.75,1.345,161.3,7,0
2026-02-19 21:00:00,0.5169,18.34,31.57,26.28,37.19,131.132,33.137,56.9,225.15,27.36,19.29,0.48,14.46,11.38,392.89,3476.28,1.537,5.5,7,0
2026-02-19 22:00:00,0.5068,17.96,30.77,25.64,35.45,132.432,33.001,55.23,221.65,27.86,18.82,0.7,17.05,10.16,388.24,3636.91,1.282,180.5,7,0
2026-02-19 23:00:00,0.4584,16.39,27.3,22.93,28.76,131.359,32.908,50.37,201.08,29.65,20.71,0.97,15.22,10.96,386.54,3389.87,1.297,68.8,7,0
2026-02-20 00:00:00,0.4792,15.67,27.38,22.69,30.29,131.117,33.032,52.75,209.4,32.88,17.85,0.85,12.35,12.36,393.8,3436.83,1.502,1.9,7,0
2026-02-20 01:00:00,0.492,15.95,28.17,23.28,32.66,132.158,32.989,53.74,215.28,27.56,24.41,0.55,15.12,12.12,384.58,3651.06,1.328,86.3,7,0
2026-02-20 02:00:00,0.4799,13.14,24.88,20.19,28.5,132.151,32.599,52.41,212.48,32.84,17.4,1.04,13.27,13.02,382.18,3488.83,1.387,18.1,7,0
2026-02-20 03:00:00,0.4937,13.7,25.99,21.07,29.68,132.035,33.069,53.97,215.5,30.73,18.2,0.44,12.62,12.71,404.24,3431.27,1.449,99.6,7,0
2026-02-20 04:00:00,0.5172,11.09,24.32,19.03,27.99,132.474,32.989,56.35,226.28,30.57,18.01,1.04,16.8,10.29,416.41,3533.91,1.452,11.7,7,0
2026-02-20 05:00:00,0.5188,9.51,22.8,17.49,28.14,132.577,33.082,56.48,226.35,33.22,20.5,1.23,15.85,7.62,374.37,3465.27,1.314,131.5,7,0
2026-02-20 06:00:00,0.5833,9.4,25.44,19.02,31.59,132.97,32.98,63.32,255.29,32.67,22.13,1.27,18.06,12.23,403.35,3285.49,1.541,20.3,7,0
2026-02-20 07:00:00,0.6316,9.76,27.98,20.69,35.16,131.214,32.905,69.47,277.03,25.93,21.16,0.96,14.28,13.0,408.54,3393.94,1.378,24.7,7,0
2026-02-20 08:00:00,0.6004,8.98,25.78,19.06,31.4,132.991,33.231,65.16,260.79,26.89,23.05,1.46,13.14,11.75,407.11,3667.33,1.748,32.5,7,0
2026-02-20 09:00:00,0.653,9.46,28.68,20.99,36.07,133.242,33.141,70.74,284.41,29.45,18.45,1.11,16.35,13.04,397.1,3529.03,1.466,13.8,7,0
2026-02-20 10:00:00,0.652,10.62,29.79,22.12,35.95,131.758,33.369,71.42,282.02,31.21,21.42,1.26,13.4,10.55,391.46,3619.87,1.617,152.4,7,0
2026-02-20 11:00:00,0.686,11.8,32.6,24.28,40.49,130.899,33.131,75.65,298.88,34.23,19.5,0.79,14.45,11.53,411.8,3420.44,1.653,21.7,7,0
2026-02-20 12:00:00,0.732,11.45,34.51,25.29,41.6,131.087,32.948,80.6,320.69,30.33,20.56,1.46,16.12,10.67,405.45,3498.38,1.513,68.2,7,0
2026-02-20 13:00:00,0.7037,11.92,33.58,24.91,40.74,131.695,33.163,77.13,306.29,35.25,22.32,1.01,14.82,13.1,372.0,3489.27,1.407,0.5,7,0
2026-02-20 14:00:00,0.6319,14.33,32.56,25.27,39.09,133.329,32.477,68.4,280.82,28.02,16.72,1.48,14.09,10.69,397.1,3459.0,1.625,22.0,7,0
2026-02-20 15:00:00,0.6887,16.02,36.94,28.57,46.91,132.011,33.555,75.3,296.24,28.53,24.09,1.41,12.26,15.14,401.25,3519.6,1.331,88.2,7,0
2026-02-20 16:00:00,0.6962,15.29,36.58,28.07,43.38,131.593,33.072,76.36,303.83,29.22,19.81,1.08,16.94,11.3,384.01,3413.61,1.358,31.7,7,0
2026-02-20 17:00:00,0.6318,16.9,35.13,27.84,40.92,131.548,33.577,69.33,271.6,27.69,16.89,1.13,14.33,13.25,396.77,3599.55,1.607,103.4,7,0
2026-02-20 18:00:00,0.6442,17.87,36.67,29.15,43.9,131.127,32.77,70.91,283.75,33.62,18.72,0.95,16.31,11.32,407.79,3540.17,1.492,125.1,7,0
2026-02-20 19:00:00,0.5678,18.88,34.24,28.09,41.13,132.577,32.705,61.81,250.57,21.83,20.31,0.76,16.04,14.06,388.01,3488.86,1.378,116.5,7,0
2026-02-20 20:00:00,0.518,18.49,31.76,26.45,36.48,131.939,33.097,56.67,225.91,28.63,18.72,1.19,17.25,14.0,403.91,3513.46,1.384,81.5,7,0
2026-02-20 21:00:00,0.5427,19.79,34.08,28.37,39.65,133.386,33.096,58.73,236.69,33.58,16.01,1.17,14.6,11.57,385.58,3478.61,1.352,46.2,7,0
2026-02-20 22:00:00,0.4651,16.98,28.14,23.68,31.55,132.415,33.089,50.69,202.86,29.2,20.3,0.52,14.37,12.46,381.87,3364.91,1.76,18.9,7,0
2026-02-20 23:00:00,0.4947,16.21,28.53,23.6,32.28,132.548,33.049,53.87,216.04,33.36,18.66,0.98,12.85,13.96,409.65,3423.54,1.6,71.8,7,0
2026-02-21 00:00:00,0.4572,16.6,27.47,23.12,31.08,131.84,32.834,50.05,200.97,36.73,21.41,1.27,13.98,12.51,418.03,3488.39,1.305,8.7,7,0
2026-02-21 01:00:00,0.3584,15.56,22.91,19.97,24.57,131.28,32.608,39.4,158.63,30.38,17.97,1.45,15.75,10.67,382.66,3474.58,1.332,3.1,7,0
2026-02-21 02:00:00,0.3802,12.98,21.07,17.83,24.11,131.423,33.075,41.75,165.91,33.65,24.63,1.22,13.44,12.16,414.72,3554.61,1.48,72.6,7,0
2026-02-21 03:00:00,0.3961,12.54,21.17,17.72,22.55,131.096,32.661,43.61,175.04,37.4,21.13,0.55,15.7,10.93,400.22,3547.63,1.252,54.6,7,0
2026-02-21 04:00:00,0.4387,11.54,21.7,17.64,25.69,132.601,32.636,47.75,194.0,31.35,20.5,0.69,18.0,12.28,367.22,3458.02,1.336,25.0,7,0
2026-02-21 05:00:00,0.4472,10.51,20.99,16.8,24.42,131.746,32.9,48.99,196.19,30.0,21.35,0.9,14.18,10.87,378.9,3426.24,1.379,114.2,7,0
2026-02-21 06:00:00,0.5206,10.26,23.63,18.28,28.07,132.629,33.114,56.66,226.94,32.85,16.46,1.43,12.44,12.61,409.54,3563.19,1.328,6.4,7,0
2026-02-21 07:00:00,0.5293,8.95,22.68,17.18,26.13,132.09,33.525,57.84,227.88,33.69,19.11,0.82,14.24,9.37,376.06,3517.95,1.629,25.9,7,0
2026-02-21 08:00:00,0.5375,10.92,24.99,19.36,29.12,131.807,33.259,58.86,233.28,30.02,23.67,1.32,12.22,10.37,391.14,3453.08,1.362,98.4,7,0
2026-02-21 09:00:00,0.5475,10.1,24.59,18.79,30.65,131.228,33.378,60.22,236.77,28.69,19.47,0.82,17.74,10.86,399.2,3411.45,1.456,0.4,7,0
2026-02-21 10:00:00,0.5726,9.3,24.87,18.64,30.28,132.199,33.173,62.51,249.13,35.29,19.98,1.17,15.24,11.81,407.14,3448.74,1.504,21.6,7,0
2026-02-21 11:00:00,0.5484,11.0,25.53,19.72,30.87,131.856,33.097,60.03,239.17,29.33,19.17,0.73,13.61,9.78,403.19,3534.17,1.712,29.9,7,0
2026-02-21 12:00:00,0.6085,12.06,29.22,22.36,34.81,132.595,33.662,66.24,260.91,33.72,23.03,0.95,13.95,10.73,423.95,3637.76,1.491,0.5,7,0
2026-02-21 13:00:00,0.5523,14.36,29.06,23.18,34.22,131.528,32.651,60.61,244.15,30.93,19.62,0.67,12.71,13.22,388.18,3485.86,1.797,59.6,7,0
2026-02-21 14:00:00,0.6078,13.84,30.97,24.12,36.15,132.407,32.891,66.26,266.74,35.62,17.6,1.44,17.09,13.4,401.9,3436.17,1.45,112.2,7,0
2026-02-21 15:00:00,0.6099,16.5,33.72,26.83,40.13,133.083,32.912,66.14,267.46,27.59,25.26,0.8,18.74,8.25,407.21,3675.39,1.472,11.1,7,0
2026-02-21 16:00:00,0.5671,16.98,32.31,26.18,38.08,132.18,33.236,61.93,246.28,27.59,17.36,0.54,12.08,11.17,411.11,3473.07,1.624,13.0,7,0
2026-02-21 17:00:00,0.5379,19.46,33.55,27.92,38.73,132.518,32.742,58.58,237.12,32.7,19.91,0.52,17.16,13.97,416.19,3439.29,1.757,18.6,7,0
2026-02-21 18:00:00,0.5347,20.06,34.01,28.43,38.15,132.377,33.202,58.3,232.44,26.75,18.42,0.98,14.58,12.63,393.91,3470.24,1.428,23.0,7,0
2026-02-21 19:00:00,0.4148,19.46,28.76,25.04,31.41,133.253,33.153,44.93,180.6,30.49,18.7,0.87,17.61,12.66,410.2,3466.25,1.593,93.8,7,0
2026-02-21 20:00:00,0.4877,19.18,31.22,26.4,35.7,132.245,33.215,53.23,211.95,34.79,17.99,1.2,11.4,12.9,386.54,3604.47,1.571,78.5,7,0
2026-02-21 21:00:00,0.4548,19.77,30.54,26.24,33.89,132.462,33.21,49.55,197.65,24.79,19.03,0.94,15.52,10.61,399.26,3368.93,1.313,102.7,7,0
2026-02-21 22:00:00,0.439,18.59,28.77,24.7,31.82,131.976,33.406,48.02,189.7,31.35,22.07,1.36,14.25,12.37,407.94,3550.39,1.417,53.8,7,0
2026-02-21 23:00:00,0.4482,19.65,30.18,25.97,35.12,131.489,32.987,49.2,196.13,33.78,16.3,0.89,16.39,12.76,415.05,3501.95,1.418,1.7,7,0
2026-02-22 00:00:00,0.4168,17.2,26.57,22.82,28.76,131.203,33.14,45.85,181.52,30.06,22.63,1.32,15.19,12.21,408.98,3458.29,1.254,19.8,7,0
2026-02-22 01:00:00,0.3819,15.51,23.66,20.4,27.0,132.836,32.806,41.5,168.03,27.36,22.28,0.72,15.12,11.46,401.78,3475.95,1.416,39.2,7,0
2026-02-22 02:00:00,0.4148,14.16,23.46,19.74,25.46,131.334,32.745,45.58,182.83,29.35,21.12,0.56,14.86,11.98,399.23,3482.77,1.419,90.0,7,0
2026-02-22 03:00:00,0.4295,12.11,21.94,18.01,25.6,132.492,33.466,46.79,185.25,27.63,20.36,0.76,18.2,10.34,408.66,3509.88,1.471,75.7,7,0
2026-02-22 04:00:00,0.4445,12.68,23.06,18.91,26.99,132.275,32.786,48.5,195.67,30.35,20.66,0.67,14.72,12.97,433.26,3466.73,1.433,13.7,7,0
2026-02-22 05:00:00,0.4635,10.27,21.37,16.93,24.61,132.606,33.169,50.45,201.68,29.31,22.95,0.63,16.8,9.9,413.24,3497.59,1.332,17.6,7,0
2026-02-22 06:00:00,0.5103,11.39,24.34,19.16,27.79,131.66,33.14,55.94,222.25,28.6,16.61,1.13,16.33,10.83,406.15,3440.65,1.822,78.7,7,0
2026-02-22 07:00:00,0.4685,8.5,19.8,15.28,21.95,131.478,33.31,51.44,203.02,31.54,21.56,0.93,16.85,13.08,379.89,3677.39,1.467,73.6,7,0
2026-02-22 08:00:00,0.5284,9.75,23.44,17.96,27.7,132.25,32.562,57.67,234.22,34.88,18.61,1.05,13.04,12.49,387.76,3583.58,1.659,13.4,7,0
2026-02-22 09:00:00,0.5823,10.94,26.94,20.54,33.12,131.807,33.235,63.77,252.89,31.13,21.76,1.17,16.49,11.33,395.56,3541.92,1.557,16.0,7,0
2026-02-22 10:00:00,0.5092,8.14,21.04,15.88,24.59,131.188,32.985,56.02,222.81,34.17,18.88,0.5,15.74,9.48,414.08,3467.33,1.681,31.2,7,0
2026-02-22 11:00:00,0.5801,13.1,29.0,22.64,34.8,133.279,32.842,62.82,254.96,34.88,21.52,1.18,12.69,11.98,386.37,3568.56,1.374,39.0,7,0
2026-02-22 12:00:00,0.5657,11.7,26.97,20.86,31.23,131.478,32.934,62.1,247.91,28.38,17.01,0.65,14.65,11.11,410.06,3526.78,1.469,67.3,7,0
2026-02-22 13:00:00,0.575,13.47,29.14,22.87,34.58,131.344,33.274,63.19,249.43,30.97,16.72,0.83,19.66,12.77,402.22,3512.36,1.42,150.1,7,0
2026-02-22 14:00:00,0.5561,15.19,30.05,24.11,34.39,131.84,33.193,60.88,241.81,28.87,19.88,0.44,14.29,11.28,405.75,3460.2,1.392,46.0,7,0
2026-02-22 15:00:00,0.5696,16.64,32.08,25.91,37.54,132.827,32.966,61.9,249.41,25.7,22.98,1.2,14.34,9.43,397.19,3524.81,1.525,5.6,7,0
2026-02-22 16:00:00,0.6165,17.4,34.92,27.91,40.98,130.57,32.699,68.15,272.11,31.21,21.18,0.5,15.97,9.98,391.48,3637.53,1.471,204.0,7,0
2026-02-22 17:00:00,0.5057,19.15,31.92,26.81,35.31,132.772,32.718,54.97,223.09,26.99,21.16,0.65,13.99,11.41,385.82,3509.3,1.239,22.8,7,0
2026-02-22 18:00:00,0.488,19.47,31.53,26.71,35.05,131.398,33.199,53.61,212.18,31.6,21.83,0.67,15.35,12.22,409.6,3481.75,1.399,35.8,7,0
2026-02-22 19:00:00,0.4621,21.21,32.26,27.84,35.14,132.175,32.663,50.46,204.18,25.47,19.31,0.97,14.17,10.31,399.28,3510.79,1.373,52.9,7,0
2026-02-22 20:00:00,0.5309,20.14,33.94,28.42,37.68,131.554,32.969,58.25,232.44,30.66,21.33,0.96,15.88,10.92,384.27,3506.35,1.598,7.7,7,0
2026-02-22 21:00:00,0.4447,21.42,31.81,27.65,36.04,133.315,33.708,48.15,190.44,25.43,18.95,1.25,14.95,13.24,403.78,3459.08,1.205,44.5,7,0
2026-02-22 22:00:00,0.4402,19.85,30.08,25.99,33.08,132.082,33.121,48.11,191.85,32.16,19.48,0.98,18.98,13.72,451.78,3443.56,1.343,77.1,7,0
2026-02-22 23:00:00,0.4154,16.35,25.67,21.94,26.84,131.533,33.196,45.59,180.63,28.96,19.73,1.3,15.16,12.47,397.41,3566.32,1.295,3.5,7,0
2026-02-23 00:00:00,0.4651,19.92,31.08,26.62,34.26,131.801,32.72,50.94,205.19,28.67,19.02,1.12,14.63,11.63,425.24,3599.28,1.544,46.1,7,0
2026-02-23 01:00:00,0.483,15.53,27.39,22.64,32.09,132.059,32.676,52.79,213.36,33.52,19.98,0.72,17.13,11.12,361.65,3684.12,1.36,41.6,7,0
2026-02-23 02:00:00,0.5672,16.3,31.64,25.51,36.5,132.117,33.21,61.97,246.53,29.18,19.6,0.81,12.29,12.86,396.37,3539.52,1.641,87.4,7,0
2026-02-23 03:00:00,0.5452,13.54,27.94,22.18,34.19,132.29,32.925,59.49,239.02,30.48,18.69,1.46,18.45,11.58,414.75,3512.2,1.466,60.2,7,0
2026-02-23 04:00:00,0.4938,13.37,25.65,20.74,29.11,131.999,33.31,53.99,213.96,29.55,19.83,1.38,13.09,13.43,400.66,3575.0,1.52,57.9,7,0
2026-02-23 05:00:00,0.5595,10.58,25.59,19.59,31.31,131.091,33.038,61.6,244.44,31.67,20.42,1.25,17.46,13.51,390.79,3430.22,1.646,46.5,7,0
2026-02-23 06:00:00,0.5392,11.1,25.25,19.59,31.02,131.775,33.939,59.06,229.33,33.27,17.91,1.29,17.98,12.67,400.03,3554.27,1.289,52.9,7,0
2026-02-23 07:00:00,0.5368,9.72,23.77,18.15,29.03,132.4,32.875,58.52,235.67,32.65,20.94,1.15,14.02,11.31,415.21,3585.97,1.431,11.1,7,0
2026-02-23 08:00:00,0.6465,11.39,30.3,22.73,36.3,131.558,33.103,70.93,281.91,28.74,19.12,1.11,14.21,11.42,432.58,3584.8,1.586,31.1,7,0
2026-02-23 09:00:00,0.6749,10.42,30.67,22.57,37.66,132.444,32.79,73.55,297.07,33.77,20.5,1.02,14.85,9.59,416.41,3636.25,1.567,123.1,7,0
2026-02-23 10:00:00,0.6922,11.41,32.5,24.07,41.58,132.021,33.299,75.67,300.02,27.39,18.78,1.52,16.31,11.97,392.86,3455.0,1.352,101.7,7,0
2026-02-23 11:00:00,0.6626,9.11,28.78,20.91,35.59,131.856,33.143,72.53,288.55,27.92,22.21,0.87,13.08,11.93,396.94,3463.48,1.636,46.4,7,0
2026-02-23 12:00:00,0.6817,12.22,32.8,24.57,41.48,132.788,32.773,74.09,300.22,29.76,22.02,1.08,14.85,9.99,397.05,3485.66,1.548,5.8,7,0
2026-02-23 13:00:00,0.7126,13.92,36.02,27.18,44.31,130.853,32.943,78.6,312.21,33.28,18.01,0.49,14.44,15.6,387.42,3413.63,1.576,106.6,7,0
2026-02-23 14:00:00,0.6984,15.03,36.43,27.87,44.83,131.554,33.389,76.63,301.92,26.63,21.16,0.58,12.77,12.89,398.11,3545.95,1.516,21.7,7,0
2026-02-23 15:00:00,0.6649,17.06,36.84,28.93,43.24,132.813,33.357,72.26,287.69,32.82,23.0,1.55,12.98,10.79,396.32,3556.89,1.055,60.7,7,0
2026-02-23 16:00:00,0.6122,16.94,34.27,27.34,40.16,133.208,32.653,66.34,270.62,29.98,18.21,1.19,15.33,15.14,382.42,3547.8,1.588,35.7,7,0
2026-02-23 17:00:00,0.6435,18.39,37.16,29.65,43.5,133.509,32.903,69.57,282.28,28.84,18.37,0.94,15.29,11.31,413.0,3514.83,1.61,86.5,7,0
2026-02-23 18:00:00,0.6483,20.32,39.31,31.72,46.64,132.033,33.507,70.87,279.27,33.44,21.58,1.03,13.54,13.3,406.75,3583.35,1.461,15.8,7,0
2026-02-23 19:00:00,0.5541,17.36,32.13,26.22,37.43,132.302,32.982,60.45,242.5,27.74,17.49,0.6,15.23,12.19,390.82,3548.9,1.254,22.0,7,0
2026-02-23 20:00:00,0.5833,20.4,36.44,30.02,42.59,132.54,33.075,63.53,254.57,37.0,18.55,0.88,13.78,11.36,402.65,3454.68,1.411,7.5,7,0
2026-02-23 21:00:00,0.55,19.3,33.9,28.06,38.65,132.842,33.298,59.76,238.42,29.61,18.08,0.57,17.69,11.55,385.96,3266.89,1.624,11.7,7,0
2026-02-23 22:00:00,0.5419,18.22,32.48,26.78,36.73,132.207,32.675,59.16,239.36,30.59,21.6,0.92,14.87,14.21,392.15,3476.42,1.41,6.8,7,0
2026-02-23 23:00:00,0.5296,18.68,32.42,26.93,37.34,132.611,32.778,57.65,233.22,34.77,18.72,1.21,17.27,13.37,410.75,3506.01,1.468,91.3,7,0
2026-02-24 00:00:00,0.4732,18.72,30.2,25.61,33.18,132.303,32.941,51.62,207.32,30.67,19.54,1.14,11.69,11.87,407.5,3506.68,1.387,74.1,7,0
2026-02-24 01:00:00,0.4421,17.33,27.62,23.5,31.81,132.345,33.344,48.21,191.36,33.71,18.61,1.48,15.72,8.98,392.74,3488.56,1.468,22.0,7,0
2026-02-24 02:00:00,0.478,14.86,26.52,21.86,30.31,131.394,33.296,52.51,207.21,24.29,22.41,1.1,16.26,12.51,405.11,3459.95,1.241,19.8,7,0
2026-02-24 03:00:00,0.5306,14.58,28.36,22.85,32.89,131.783,33.216,58.12,230.59,28.82,18.39,0.26,14.8,10.18,399.32,3435.15,1.435,87.8,7,0
2026-02-24 04:00:00,0.5036,13.36,26.04,20.97,30.72,131.655,32.99,55.21,220.34,31.34,17.29,1.59,13.99,12.86,385.48,3420.26,1.616,77.6,7,0
2026-02-24 05:00:00,0.5198,11.37,24.71,19.37,29.24,131.215,33.325,57.17,225.12,33.39,17.22,0.76,14.76,10.98,397.93,3537.69,1.322,51.0,7,0
2026-02-24 06:00:00,0.5101,9.97,22.91,17.74,26.01,130.91,32.986,56.24,223.19,32.45,21.5,1.06,16.56,11.14,406.92,3589.96,1.414,84.6,7,0
2026-02-24 07:00:00,0.6432,9.53,28.28,20.78,34.47,131.72,33.179,70.48,279.79,32.17,21.64,1.04,12.65,11.1,405.03,3402.8,1.68,5.8,7,0
2026-02-24 08:00:00,0.6412,10.83,29.5,22.03,37.33,131.826,33.267,70.21,278.21,33.33,22.61,1.08,16.47,13.59,375.05,3498.0,1.633,84.1,7,0
2026-02-24 09:00:00,0.6637,10.12,29.84,21.95,37.4,132.069,33.474,72.53,286.17,31.57,17.59,1.02,15.71,9.41,402.93,3566.0,1.6,45.4,7,0
2026-02-24 10:00:00,0.6903,9.62,30.62,22.22,37.38,132.367,33.012,75.27,301.83,23.72,19.65,1.03,14.55,13.16,400.82,3487.79,1.603,33.0,7,0
2026-02-24 11:00:00,0.6945,9.77,30.98,22.5,39.46,132.124,32.931,75.87,304.4,34.47,24.96,0.61,14.64,12.57,371.96,3560.19,1.603,1.8,7,0
2026-02-24 12:00:00,0.6798,13.33,33.82,25.62,41.23,131.83,33.368,74.43,294.07,27.63,19.5,1.78,15.2,11.95,388.32,3589.17,1.505,102.8,7,0
2026-02-24 13:00:00,0.6857,13.15,33.93,25.62,41.22,131.396,33.389,75.32,296.41,31.09,18.98,1.2,18.39,11.38,407.81,3534.46,1.708,17.9,7,0
2026-02-24 14:00:00,0.6743,15.32,35.55,27.46,42.37,132.579,32.883,73.42,296.0,30.69,20.07,1.02,15.77,12.78,421.21,3463.26,1.467,9.8,7,0
2026-02-24 15:00:00,0.7562,17.53,41.83,32.11,52.35,131.933,32.735,82.73,333.44,30.29,21.17,1.56,13.19,11.39,375.83,3608.12,1.429,50.4,7,0
2026-02-24 16:00:00,0.678,16.18,36.59,28.43,42.83,131.714,33.348,74.29,293.44,26.83,21.14,0.69,14.2,11.38,415.13,3481.52,1.331,13.1,7,0
2026-02-24 17:00:00,0.6267,18.48,36.47,29.28,42.48,131.877,32.593,68.59,277.52,24.33,18.88,1.27,12.78,12.15,372.23,3481.52,1.421,19.3,7,0
2026-02-24 18:00:00,0.6304,19.15,37.32,30.05,44.17,131.516,32.58,69.19,279.3,27.14,18.94,0.84,11.29,14.63,421.4,3544.11,1.421,139.3,7,0
2026-02-24 19:00:00,0.5603,20.2,35.24,29.23,41.84,131.65,32.956,61.42,245.38,32.62,19.52,1.13,12.75,9.79,396.86,3478.8,1.373,4.1,7,0
2026-02-24 20:00:00,0.6098,21.23,38.46,31.57,45.22,131.629,33.027,66.87,266.51,25.81,18.65,1.13,15.31,12.81,389.72,3485.02,1.329,30.1,7,0
2026-02-24 21:00:00,0.5207,18.49,31.87,26.52,35.8,131.81,32.72,57.02,229.71,27.51,17.64,0.31,17.62,11.84,405.76,3473.02,1.516,7.2,7,0
2026-02-24 22:00:00,0.5349,19.89,33.86,28.27,39.95,132.433,33.059,58.3,233.54,31.4,23.73,0.58,17.06,11.72,386.0,3488.47,1.325,63.1,7,0
2026-02-24 23:00:00,0.536,19.56,33.57,27.97,37.37,132.269,33.07,58.49,233.92,27.06,19.3,1.48,12.76,9.76,408.18,3518.68,1.55,32.0,7,0
2026-02-25 00:00:00,0.506,17.5,30.27,25.16,34.84,133.021,32.873,54.91,222.18,28.52,19.41,0.93,13.48,9.42,398.58,3345.11,1.561,10.9,7,0
2026-02-25 01:00:00,0.4939,16.34,28.63,23.71,33.17,132.8,33.537,53.68,212.57,30.39,19.47,1.61,13.2,12.56,343.29,3495.1,1.833,101.1,7,0
2026-02-25 02:00:00,0.4948,15.6,27.93,23.0,31.39,133.291,33.113,53.58,215.68,30.99,19.95,1.4,9.91,10.15,388.28,3361.73,1.379,12.4,7,0
2026-02-25 03:00:00,0.5028,14.23,26.88,21.82,31.74,132.369,33.298,54.82,217.94,27.0,20.98,0.94,14.74,13.58,403.31,3470.4,1.427,18.1,7,0
2026-02-25 04:00:00,0.5031,13.26,25.92,20.86,29.81,132.358,32.616,54.86,222.63,30.57,19.18,0.91,16.68,10.53,416.44,3529.98,1.34,12.1,7,0
2026-02-25 05:00:00,0.5276,12.21,25.87,20.4,31.16,131.678,32.613,57.83,233.5,31.34,22.39,1.5,14.57,12.88,405.41,3476.74,1.288,16.7,7,0
2026-02-25 06:00:00,0.6096,9.87,27.08,20.2,31.93,132.545,33.121,66.38,265.64,26.33,21.31,1.64,12.54,11.19,416.2,3559.17,1.442,65.3,7,0
2026-02-25 07:00:00,0.5878,11.34,27.58,21.09,33.72,131.567,33.49,64.49,253.34,30.79,19.73,0.92,13.38,11.12,387.03,3530.75,1.378,61.5,7,0
2026-02-25 08:00:00,0.5934,11.35,27.84,21.24,33.49,131.029,32.733,65.36,261.65,28.0,18.78,1.47,14.42,10.68,411.36,3330.45,1.319,110.3,7,0
2026-02-25 09:00:00,0.6256,10.54,28.48,21.3,36.05,133.007,33.038,67.89,273.31,30.52,22.28,1.32,16.61,12.71,411.61,3598.77,1.548,14.5,7,0
2026-02-25 10:00:00,0.6948,9.36,30.58,22.09,38.75,131.176,32.674,76.45,306.93,32.32,19.79,1.37,14.71,13.13,375.98,3522.92,1.387,5.9,7,0
2026-02-25 11:00:00,0.6979,11.53,32.91,24.36,42.19,132.29,32.81,76.15,307.04,29.62,17.62,1.04,16.34,11.58,416.93,3457.4,1.634,14.6,7,0
2026-02-25 12:00:00,0.7045,12.88,34.57,25.89,43.42,131.419,33.051,77.37,307.65,32.89,22.15,0.81,14.91,12.94,405.35,3465.36,1.681,12.7,7,0
2026-02-25 13:00:00,0.6833,12.74,33.41,25.14,41.24,132.744,32.87,74.3,300.07,32.52,18.66,0.69,15.55,12.07,396.22,3336.17,1.412,29.0,7,0
2026-02-25 14:00:00,0.7049,14.82,36.54,27.85,45.61,132.834,32.655,76.59,311.55,32.87,21.85,0.62,13.19,10.05,395.96,3520.37,1.762,12.6,7,0
2026-02-25 15:00:00,0.6584,15.07,34.54,26.75,42.54,132.349,32.649,71.8,291.05,31.36,15.08,1.58,13.7,12.62,384.87,3555.05,1.589,84.1,7,0
2026-02-25 16:00:00,0.654,18.29,37.55,29.85,45.2,132.823,32.502,71.07,290.43,33.45,19.37,1.01,12.56,11.6,409.9,3448.55,1.516,67.5,7,0
2026-02-25 17:00:00,0.6702,18.88,38.91,30.9,44.71,132.005,33.126,73.28,292.01,31.3,22.43,0.66,16.28,8.13,404.97,3430.56,1.268,211.2,7,0
2026-02-25 18:00:00,0.6432,17.87,36.62,29.12,42.87,133.475,33.158,69.55,279.98,25.15,20.12,1.31,14.49,11.47,409.19,3514.2,1.265,90.0,7,0
2026-02-25 19:00:00,0.5616,20.36,35.46,29.42,41.93,132.492,33.156,61.18,244.48,27.77,21.31,0.86,7.88,9.52,401.63,3598.53,1.717,13.0,7,0
2026-02-25 20:00:00,0.5395,20.13,34.28,28.62,38.23,131.406,32.76,59.26,237.71,29.51,18.31,0.81,16.04,10.21,403.53,3590.22,1.668,176.1,7,0
2026-02-25 21:00:00,0.5443,20.53,34.89,29.14,40.63,132.046,33.266,59.5,236.18,29.89,20.81,1.63,17.02,11.68,396.01,3569.27,1.712,93.1,7,0
2026-02-25 22:00:00,0.5721,19.12,34.67,28.45,40.8,131.899,33.187,62.61,248.84,31.22,20.12,0.61,13.45,11.94,416.6,3664.57,1.765,38.4,7,0
2026-02-25 23:00:00,0.447,17.92,28.39,24.2,31.21,131.835,33.002,48.94,195.5,27.73,20.6,1.08,16.03,10.8,409.54,3576.91,1.63,6.6,7,0
2026-02-26 00:00:00,0.5033,17.1,29.77,24.7,32.48,130.906,32.959,55.5,220.42,36.17,24.19,0.83,14.65,12.85,403.04,3595.5,1.487,23.5,7,0
2026-02-26 01:00:00,0.4503,16.13,26.73,22.49,29.72,132.255,32.829,49.14,197.97,29.84,22.72,0.78,10.84,11.88,398.43,3509.93,1.509,61.7,7,0
2026-02-26 02:00:00,0.4759,15.39,26.97,22.34,32.49,131.085,33.051,52.41,207.85,30.13,21.7,0.57,18.98,11.42,373.93,3475.23,1.335,50.9,7,0
2026-02-26 03:00:00,0.494,14.23,26.52,21.6,29.98,130.333,33.427,54.71,213.32,28.14,21.72,1.03,14.67,12.12,370.68,3593.74,1.483,20.5,7,0
2026-02-26 04:00:00,0.5082,12.68,25.55,20.4,29.3,131.773,33.3,55.67,220.29,27.14,18.29,0.75,15.48,13.86,394.92,3424.49,1.566,95.5,7,0
2026-02-26 05:00:00,0.5255,11.41,24.99,19.56,28.89,131.501,32.932,57.68,230.34,29.77,19.17,1.18,13.83,8.83,419.48,3536.87,1.577,133.3,7,0
2026-02-26 06:00:00,0.5659,10.69,25.97,19.86,32.39,131.431,33.142,62.15,246.45,30.23,17.05,0.99,14.48,14.0,389.87,3454.34,1.464,64.7,7,0
2026-02-26 07:00:00,0.5755,13.05,28.75,22.47,34.18,129.952,32.709,63.92,253.95,29.89,17.57,0.91,15.4,11.13,390.46,3530.11,1.183,6.1,7,0
2026-02-26 08:00:00,0.5736,9.6,25.22,18.97,30.31,131.438,33.193,62.99,249.41,35.11,18.34,0.75,12.99,10.89,385.86,3524.41,1.26,20.7,7,0
2026-02-26 09:00:00,0.665,9.98,29.77,21.85,38.41,131.885,32.781,72.77,292.79,29.77,20.05,1.44,18.46,11.45,381.09,3516.01,1.604,118.0,7,0
2026-02-26 10:00:00,0.6849,14.34,35.07,26.78,43.51,131.581,33.182,75.12,297.9,29.89,17.66,1.23,16.75,10.73,386.74,3501.56,1.467,131.8,7,0
2026-02-26 11:00:00,0.7035,12.26,33.9,25.24,41.58,132.256,33.784,76.77,300.54,32.59,20.03,0.8,16.11,10.5,404.63,3545.58,1.652,72.7,7,0
2026-02-26 12:00:00,0.6419,11.49,30.19,22.71,36.22,132.919,32.85,69.71,282.06,29.64,19.8,0.6,14.79,13.33,393.07,3558.4,1.338,91.6,7,0
2026-02-26 13:00:00,0.7005,14.92,36.42,27.82,45.69,132.341,33.772,76.4,299.4,31.77,17.84,0.44,13.55,12.3,392.39,3391.07,1.755,9.7,7,0
2026-02-26 14:00:00,0.7084,14.46,36.35,27.6,44.9,132.677,33.13,77.07,308.65,26.31,23.16,1.35,17.13,9.18,391.05,3499.35,1.414,27.1,7,0
2026-02-26 15:00:00,0.6472,17.58,36.52,28.94,42.4,132.732,32.802,70.38,284.8,26.34,17.46,1.28,16.3,13.07,404.0,3469.54,1.745,60.0,7,0
2026-02-26 16:00:00,0.6625,17.66,37.33,29.46,43.36,131.328,32.79,72.82,291.64,30.52,22.35,1.32,14.28,12.85,406.3,3518.52,1.299,23.7,7,0
2026-02-26 17:00:00,0.6381,18.47,36.98,29.58,43.01,132.29,33.624,69.62,273.9,29.45,15.6,0.97,12.91,9.83,372.41,3469.7,1.61,15.3,7,0
2026-02-26 18:00:00,0.6727,21.31,41.46,33.4,48.16,132.657,33.13,73.19,293.08,27.72,19.83,1.25,11.92,12.33,389.04,3605.0,1.397,41.8,7,0
2026-02-26 19:00:00,0.6493,20.77,39.81,32.19,45.34,131.712,32.851,71.15,285.28,30.52,17.72,1.32,15.13,12.99,399.11,3497.53,1.523,13.7,7,0
2026-02-26 20:00:00,0.5157,21.35,34.52,29.25,38.16,131.478,32.946,56.62,225.95,30.78,18.8,0.99,14.58,9.65,407.03,3581.92,1.619,27.3,7,0
2026-02-26 21:00:00,0.6164,20.64,38.16,31.15,43.88,132.35,33.114,67.22,268.67,28.02,23.73,0.9,17.45,12.48,402.36,3426.82,1.643,11.4,7,0
2026-02-26 22:00:00,0.4934,19.26,31.53,26.62,35.3,131.022,32.998,54.35,215.82,28.59,19.42,0.71,17.06,11.04,412.79,3480.54,1.323,16.6,7,0
2026-02-26 23:00:00,0.5344,19.52,33.46,27.88,39.67,131.282,33.091,58.75,233.08,30.8,17.9,1.14,15.15,12.87,379.27,3453.82,1.375,23.2,7,0
2026-02-27 00:00:00,0.5246,19.27,32.81,27.39,37.27,131.56,33.468,57.55,226.22,27.09,21.09,1.18,14.91,10.66,406.68,3534.5,1.226,25.5,7,0
2026-02-27 01:00:00,0.4622,16.99,28.04,23.62,31.54,132.297,32.702,50.42,203.98,28.34,19.4,0.89,12.77,13.62,431.22,3408.2,1.162,45.9,7,0
2026-02-27 02:00:00,0.5102,17.36,30.31,25.13,35.15,132.144,33.17,55.73,222.03,31.75,20.41,0.92,17.2,11.69,401.17,3366.3,1.33,52.4,7,0
2026-02-27 03:00:00,0.5022,15.12,27.74,22.69,31.84,132.681,32.981,54.63,219.78,30.08,18.28,0.94,14.96,11.13,401.78,3452.96,1.323,29.5,7,0
2026-02-27 04:00:00,0.538,13.28,27.37,21.73,32.61,131.392,32.868,59.1,236.24,28.72,18.38,1.24,16.29,10.97,408.24,3547.89,1.243,43.9,7,0
2026-02-27 05:00:00,0.549,12.28,26.84,21.01,32.18,131.356,33.283,60.32,238.06,27.44,18.54,0.6,17.43,13.37,392.27,3438.23,1.444,47.2,7,0
2026-02-27 06:00:00,0.602,11.37,28.24,21.49,34.5,132.346,32.614,65.66,266.44,27.11,21.71,0.68,13.94,10.97,386.25,3524.25,1.496,11.9,7,0
2026-02-27 07:00:00,0.5943,9.48,26.01,19.4,34.23,131.473,32.375,65.24,264.95,29.76,19.66,0.68,13.42,13.65,401.32,3451.22,1.495,25.8,7,0
2026-02-27 08:00:00,0.6129,10.47,27.83,20.89,34.95,131.602,33.059,67.22,267.58,36.23,18.02,0.96,20.01,12.38,375.64,3362.78,1.387,41.2,7,0
2026-02-27 09:00:00,0.6749,10.95,31.21,23.11,38.09,130.775,32.964,74.49,295.52,31.85,20.44,1.1,16.26,9.98,406.39,3571.17,1.451,7.2,7,0
2026-02-27 10:00:00,0.6802,10.82,31.33,23.12,39.49,132.192,32.643,74.26,300.74,26.15,20.27,0.69,14.52,12.1,408.92,3554.96,1.493,104.6,7,0
2026-02-27 11:00:00,0.7006,12.37,33.87,25.27,41.58,133.017,32.548,76.02,310.68,32.27,21.26,1.28,17.56,12.13,376.39,3499.83,1.673,4.3,7,0
2026-02-27 12:00:00,0.6687,13.08,33.04,25.06,41.0,131.321,33.51,73.5,288.03,27.87,19.15,1.45,14.46,9.93,402.9,3506.45,1.433,105.0,7,0
2026-02-27 13:00:00,0.6607,15.04,34.62,26.79,40.94,132.674,33.122,71.88,287.9,30.14,19.96,1.13,15.73,12.07,397.21,3486.42,1.279,64.6,7,0
2026-02-27 14:00:00,0.6716,16.23,36.32,28.29,43.11,131.961,33.005,73.46,293.7,28.38,20.96,1.34,13.94,12.87,422.62,3420.41,1.488,11.8,7,0
2026-02-27 15:00:00,0.66,17.02,36.57,28.75,44.25,130.835,33.58,72.81,283.7,36.22,18.09,0.73,15.04,13.75,420.1,3607.5,1.465,37.1,7,0
2026-02-27 16:00:00,0.6863,16.7,37.5,29.18,46.31,131.409,33.27,75.38,297.76,26.75,21.89,0.74,14.53,13.68,413.08,3494.98,1.301,0.0,7,0
2026-02-27 17:00:00,0.6713,20.89,40.97,32.94,49.04,131.369,33.467,73.76,289.52,31.09,20.15,1.16,13.57,15.64,418.61,3531.96,1.476,21.7,7,0
2026-02-27 18:00:00,0.6133,19.75,37.13,30.18,44.21,131.791,32.688,67.16,270.79,28.1,17.91,1.0,15.56,12.06,394.98,3463.12,1.374,50.9,7,0
2026-02-27 19:00:00,0.635,20.31,38.68,31.34,45.84,132.277,32.679,69.29,280.45,32.37,17.9,0.74,13.8,12.89,404.35,3538.46,1.506,51.7,7,0
2026-02-27 20:00:00,0.6072,20.22,37.33,30.48,43.73,133.22,33.163,65.79,264.28,31.03,19.91,1.44,16.23,11.15,396.67,3594.65,1.567,98.4,7,0
2026-02-27 21:00:00,0.5493,19.9,34.48,28.65,39.2,131.055,33.109,60.5,239.48,33.92,19.01,1.1,14.47,14.88,385.5,3516.36,1.394,32.1,7,0
2026-02-27 22:00:00,0.4967,21.44,33.84,28.88,38.68,131.68,33.33,54.44,215.08,32.31,21.62,1.22,11.64,10.72,401.7,3531.88,1.525,58.4,7,0
2026-02-27 23:00:00,0.5527,20.48,35.2,29.31,41.21,131.409,32.569,60.71,244.93,28.07,19.54,0.81,16.32,14.82,399.21,3573.28,1.43,135.3,7,0
2026-02-28 00:00:00,0.4197,18.7,28.17,24.38,31.12,131.163,33.186,46.18,182.54,38.9,20.72,1.51,16.35,14.62,397.42,3559.63,1.37,72.2,7,0
2026-02-28 01:00:00,0.4224,16.94,26.51,22.68,29.45,132.063,33.261,46.17,183.3,31.82,18.42,0.96,19.58,10.88,399.57,3586.57,1.365,2.6,7,0
2026-02-28 02:00:00,0.4113,16.38,25.55,21.88,29.7,132.001,33.247,44.98,178.57,28.5,20.07,1.31,15.11,13.61,401.37,3528.71,1.377,79.5,7,0
2026-02-28 03:00:00,0.4033,14.54,23.42,19.87,26.17,130.803,32.893,44.5,176.98,30.77,22.75,0.83,15.44,12.74,413.77,3528.67,1.195,14.5,7,0
2026-02-28 04:00:00,0.3995,13.07,21.82,18.32,24.59,132.012,33.137,43.67,173.99,32.04,19.82,1.06,16.03,11.44,391.69,3522.19,1.125,10.5,7,0
2026-02-28 05:00:00,0.4801,12.56,24.31,19.61,28.61,131.204,32.795,52.82,211.3,31.93,19.01,1.17,17.12,11.85,381.26,3572.22,1.608,87.2,7,0
2026-02-28 06:00:00,0.4581,10.98,21.88,17.52,25.37,132.008,32.923,50.09,200.84,31.64,18.39,1.61,16.99,12.46,410.63,3468.5,1.461,21.8,7,0
2026-02-28 07:00:00,0.5954,11.18,27.75,21.12,33.12,132.838,32.725,64.69,262.61,33.05,20.08,0.88,15.71,12.6,413.31,3545.49,1.416,37.3,7,0
2026-02-28 08:00:00,0.493,10.96,23.22,18.31,27.65,132.306,32.8,53.79,216.96,32.76,22.93,1.07,15.01,14.3,405.83,3686.84,1.606,37.9,7,0
2026-02-28 09:00:00,0.5084,11.53,24.4,19.25,28.77,132.117,32.936,55.54,222.79,27.61,17.39,1.19,16.76,12.91,383.38,3531.76,1.884,9.2,7,0
2026-02-28 10:00:00,0.579,10.81,26.66,20.32,33.83,131.651,32.87,63.48,254.26,36.48,20.01,0.58,14.93,10.9,398.49,3407.28,1.265,37.8,7,0
2026-02-28 11:00:00,0.6231,12.93,30.76,23.63,37.99,132.044,32.8,68.11,274.2,36.06,16.69,0.36,12.5,13.17,404.73,3479.84,1.506,43.4,7,0
2026-02-28 12:00:00,0.5877,12.35,28.58,22.09,33.98,132.372,32.657,64.08,259.73,32.56,19.29,0.71,12.07,9.44,384.43,3552.72,1.594,94.8,7,0
2026-02-28 13:00:00,0.6058,13.89,30.93,24.11,37.75,132.306,33.518,66.09,260.87,30.27,20.64,1.3,14.49,11.48,388.99,3449.41,1.258,67.8,7,0
2026-02-28 14:00:00,0.5304,15.23,29.0,23.49,34.03,131.935,32.868,58.03,232.93,30.32,16.95,1.52,15.32,11.62,398.26,3424.82,1.236,2.1,7,0
2026-02-28 15:00:00,0.5569,15.98,30.87,24.91,37.19,132.143,33.087,60.83,242.94,29.18,19.22,0.73,20.02,13.04,418.2,3392.72,1.621,63.2,7,0
2026-02-28 16:00:00,0.5315,19.27,33.09,27.57,37.48,131.131,32.536,58.5,235.79,29.57,20.7,0.64,14.84,14.71,403.84,3486.39,1.458,57.1,7,0
2026-02-28 17:00:00,0.4893,18.32,30.43,25.59,19.38,131.515,33.358,53.7,211.7,23.59,20.38,1.47,15.17,12.38,391.87,3632.0,1.341,56.8,7,0
2026-02-28 18:00:00,0.5291,19.39,33.11,27.62,37.79,132.467,33.044,57.65,231.12,34.74,20.79,0.84,14.27,11.52,397.43,3460.57,1.218,81.3,7,0
2026-02-28 19:00:00,0.4363,21.84,31.92,27.89,35.2,132.556,32.883,47.51,191.53,33.69,18.17,0.9,16.31,11.01,390.47,3573.13,1.467,22.3,7,0
2026-02-28 20:00:00,0.442,20.19,30.47,26.36,33.09,132.062,32.885,48.3,193.98,25.12,20.7,1.45,15.64,13.31,394.28,3480.74,1.211,31.2,7,0
2026-02-28 21:00:00,0.445,20.4,30.8,26.64,34.63,132.976,33.23,48.3,193.29,32.82,18.91,1.4,13.8,11.77,411.29,3472.08,1.27,41.9,7,0
2026-02-28 22:00:00,0.4186,19.07,28.51,24.73,31.82,132.335,32.22,45.65,187.51,30.13,21.54,1.29,13.05,11.3,371.66,3544.42,1.266,68.4,7,0
2026-02-28 23:00:00,0.4419,20.12,30.41,26.3,34.76,131.846,32.782,48.38,194.56,29.56,15.49,0.49,14.27,13.48,420.18,3380.37,1.37,63.9,7,0
2026-03-01 00:00:00,0.4311,19.3,29.18,25.23,32.33,131.195,32.969,47.42,188.72,31.63,19.54,0.63,13.39,13.81,433.3,3636.62,1.25,13.5,7,0
2026-03-01 01:00:00,0.4458,17.98,28.42,24.24,31.47,132.95,32.966,48.4,195.2,24.93,20.31,1.34,14.61,10.62,402.9,3546.05,1.28,26.6,7,0
2026-03-01 02:00:00,0.4445,16.49,26.87,22.72,30.86,132.508,33.661,48.41,190.58,30.12,22.81,1.1,15.36,9.81,387.99,3587.18,1.564,97.9,7,0
2026-03-01 03:00:00,0.4646,14.73,25.88,21.42,28.91,133.187,32.911,50.35,203.76,30.39,20.29,0.77,14.07,11.91,417.91,3482.44,1.457,62.5,7,0
2026-03-01 04:00:00,0.4438,12.93,23.28,19.14,27.5,133.43,33.261,48.01,192.6,30.39,20.49,0.9,17.99,10.35,404.63,3542.78,1.424,17.1,7,0
2026-03-01 05:00:00,0.4706,11.6,22.98,18.43,27.61,131.151,33.478,51.79,202.89,26.05,20.87,1.34,17.4,10.14,392.57,3577.7,1.501,39.4,7,0
2026-03-01 06:00:00,0.4973,12.91,25.34,20.37,30.55,131.152,33.177,54.73,216.37,31.49,22.62,1.47,14.62,10.5,385.88,3495.82,1.29,13.2,7,0
2026-03-01 07:00:00,0.5082,11.88,24.75,19.61,29.45,130.11,32.822,56.38,223.51,33.33,19.35,1.01,13.15,13.63,394.37,3433.22,1.509,37.9,7,0
2026-03-01 08:00:00,0.5141,10.26,23.36,18.12,27.46,132.606,32.661,55.96,227.19,31.38,17.31,0.8,15.02,13.03,403.35,3427.63,1.521,24.9,7,0
2026-03-01 09:00:00,0.5365,11.16,25.19,19.58,30.17,132.433,33.197,58.48,233.28,29.47,16.93,0.93,14.81,15.74,413.89,3469.25,1.315,36.9,7,0
2026-03-01 10:00:00,0.5396,11.32,25.48,19.82,30.73,132.065,33.434,58.97,232.94,38.22,21.44,1.41,14.95,11.09,404.72,3521.24,1.559,89.7,7,0
2026-03-01 11:00:00,0.5903,11.29,27.63,21.09,33.11,131.191,33.144,64.94,257.05,27.38,20.56,1.4,14.28,14.05,407.27,3490.05,1.53,2.8,7,0
2026-03-01 12:00:00,0.5833,13.63,29.67,23.25,36.52,131.941,33.326,63.81,252.63,32.47,19.6,1.07,12.98,12.8,395.46,3463.93,1.531,37.0,7,0
2026-03-01 13:00:00,0.5691,14.24,29.66,23.49,35.63,132.122,33.684,62.17,243.86,30.88,18.94,0.85,15.15,11.22,413.29,3557.32,1.734,21.4,7,0
2026-03-01 14:00:00,0.5662,15.0,30.29,24.17,35.03,132.517,33.221,61.67,246.02,36.19,20.48,1.33,14.38,11.84,397.36,3466.2,1.501,40.7,7,0
2026-03-01 15:00:00,0.5413,15.76,30.0,24.3,36.48,132.18,32.709,59.11,238.86,31.31,20.54,1.49,14.55,11.22,428.03,3455.28,1.332,103.7,7,0
2026-03-01 16:00:00,0.5935,16.89,33.38,26.78,39.44,132.438,33.013,64.68,259.47,31.96,21.08,0.57,15.27,12.45,390.67,3578.24,1.516,13.1,7,0
2026-03-01 17:00:00,0.5489,19.11,33.67,27.84,37.91,131.918,33.362,60.05,237.46,31.67,17.9,0.94,14.94,13.54,406.39,3547.13,1.476,87.8,7,0
2026-03-01 18:00:00,0.5001,20.19,32.73,27.72,36.32,132.78,32.934,54.36,219.18,26.98,16.59,1.35,15.22,11.51,433.3,3405.09,1.284,24.4,7,0
2026-03-01 19:00:00,0.5283,19.9,33.59,28.12,39.53,132.417,33.398,57.58,228.3,27.55,18.29,1.03,14.28,13.33,416.09,3396.62,1.161,1.2,7,0
2026-03-01 20:00:00,0.4652,21.6,32.77,28.3,37.91,131.217,32.982,51.17,203.57,29.33,17.41,0.86,15.8,13.96,411.65,3414.47,1.423,158.7,7,0
2026-03-01 21:00:00,0.4193,20.71,30.17,26.39,33.97,132.917,33.088,45.53,182.91,33.03,17.31,1.06,13.64,14.3,404.92,3500.64,1.551,106.0,7,0
2026-03-01 22:00:00,0.4745,20.86,32.39,27.77,37.27,132.809,32.907,51.57,208.14,30.85,23.26,1.12,12.9,10.3,401.26,3597.37,1.58,82.0,7,0
2026-03-01 23:00:00,0.4143,19.3,28.58,24.87,32.47,132.307,33.042,45.19,180.97,29.53,15.58,0.67,13.3,11.98,397.86,3618.89,1.45,164.6,7,0
2026-03-02 00:00:00,0.4845,17.86,29.78,25.01,34.21,132.185,33.056,52.91,211.56,34.27,21.06,1.03,13.72,13.12,392.04,3563.14,1.678,62.4,7,0
2026-03-02 01:00:00,0.4946,17.55,29.87,24.94,34.29,133.095,32.575,53.64,219.16,24.21,21.93,1.12,12.5,10.43,377.43,3656.13,1.473,12.9,7,0
2026-03-02 02:00:00,0.5311,14.88,28.69,23.16,33.91,130.922,32.883,58.55,233.1,26.27,22.09,0.86,11.69,10.09,410.07,3519.23,1.436,121.5,7,0
2026-03-02 03:00:00,0.5074,15.39,28.22,23.09,33.19,132.819,32.674,55.14,224.13,22.67,20.67,0.77,16.08,12.02,377.39,3591.82,1.484,25.0,7,0
2026-03-02 04:00:00,0.4867,12.71,24.71,19.91,28.15,131.686,32.893,53.34,213.57,33.78,22.76,0.85,17.63,11.44,410.24,3457.41,1.333,31.1,7,0
2026-03-02 05:00:00,0.5597,13.53,28.54,22.54,34.45,132.723,32.79,60.87,246.37,29.87,23.68,0.72,16.19,11.8,395.83,3378.62,1.29,26.3,7,0
2026-03-02 06:00:00,0.5529,11.48,26.2,20.31,32.57,132.079,33.267,60.43,239.91,33.05,19.51,1.26,14.11,11.35,386.13,3478.41,1.33,46.0,7,0
2026-03-02 07:00:00,0.65,12.38,31.45,23.82,38.47,131.18,33.27,71.52,282.0,29.83,21.01,0.71,11.64,15.3,421.55,3493.1,1.453,2.0,7,0
2026-03-02 08:00:00,0.6192,10.02,27.67,20.61,33.94,131.672,33.148,67.88,269.63,33.22,22.67,1.06,15.46,11.37,378.73,3709.9,1.64,20.7,7,0
2026-03-02 09:00:00,0.5763,10.64,26.37,20.08,32.4,132.674,32.665,62.7,254.66,29.78,18.39,0.9,11.86,12.94,390.47,3503.07,1.271,76.2,7,0
2026-03-02 10:00:00,0.6748,12.2,32.45,24.35,39.67,131.861,32.974,73.87,295.38,31.39,19.63,0.8,14.9,12.84,391.88,3421.69,1.391,28.7,7,0
2026-03-02 11:00:00,0.7383,13.78,37.17,27.81,45.38,131.59,32.644,80.98,326.45,30.95,18.87,1.42,13.48,9.53,402.71,3580.28,1.69,81.9,7,0
2026-03-02 12:00:00,0.7372,15.31,38.64,29.31,48.8,131.585,32.961,80.87,322.84,31.17,21.04,0.97,10.52,14.26,391.28,3442.35,1.515,25.5,7,0
2026-03-02 13:00:00,0.7483,14.89,38.79,29.23,47.95,132.424,33.171,81.56,325.61,35.21,16.32,0.81,18.04,13.0,422.39,3514.6,1.544,27.1,7,0
2026-03-02 14:00:00,0.6594,17.98,37.5,29.69,44.9,133.155,33.262,71.47,286.13,25.28,22.99,0.78,12.57,12.29,379.9,3573.3,1.473,33.7,7,0
2026-03-02 15:00:00,0.7073,17.15,38.99,30.25,47.0,130.587,33.125,78.18,308.22,29.95,21.18,1.11,14.37,13.64,461.75,3428.59,1.844,103.2,7,0
2026-03-02 16:00:00,0.6424,19.74,38.46,30.98,46.5,133.848,33.332,69.28,278.19,30.75,21.3,1.26,14.82,11.99,384.59,3624.52,1.605,2.3,7,0
2026-03-02 17:00:00,0.6501,18.74,37.82,30.19,45.68,132.134,33.069,71.01,283.76,30.3,15.39,1.39,14.14,13.38,444.81,3593.27,1.563,9.0,7,0
2026-03-02 18:00:00,0.5811,20.9,36.84,30.46,42.38,132.383,32.938,63.35,254.63,28.96,18.04,0.96,16.01,9.24,416.86,3531.39,1.52,92.2,7,0
2026-03-02 19:00:00,0.574,18.63,34.27,28.01,38.93,131.712,33.231,62.91,249.33,28.55,23.1,0.94,13.6,13.28,398.82,3643.26,1.548,228.3,7,0
2026-03-02 20:00:00,0.5472,20.02,34.5,28.71,39.32,131.998,33.239,59.84,237.62,34.75,19.76,1.05,15.84,12.33,403.87,3472.55,1.751,24.7,7,0
2026-03-02 21:00:00,0.5703,21.44,36.91,30.73,42.9,132.127,32.862,62.3,250.5,29.94,16.67,1.06,15.72,12.36,394.79,3566.67,1.429,110.7,7,0
2026-03-02 22:00:00,0.5467,19.16,33.62,27.84,38.85,131.308,33.1,60.09,238.39,37.47,20.56,0.78,12.32,10.8,405.68,3525.44,1.499,5.4,7,0
2026-03-02 23:00:00,0.5151,20.11,33.25,27.99,37.85,131.468,32.922,56.55,225.82,31.74,21.48,1.45,15.55,11.73,389.42,3452.11,1.462,5.8,7,0
2026-03-03 00:00:00,0.4567,19.75,30.59,26.25,34.31,132.782,32.47,49.64,203.01,29.29,21.18,1.01,12.97,11.69,411.11,3454.51,1.564,24.5,7,0
2026-03-03 01:00:00,0.4844,17.13,29.05,24.28,33.65,130.975,33.116,53.39,211.15,31.81,19.82,1.17,12.75,10.35,403.2,3665.62,1.698,33.8,7,0
2026-03-03 02:00:00,0.4748,15.37,26.91,22.3,30.71,132.291,32.658,51.81,209.85,30.48,22.39,1.14,15.66,12.6,385.63,3587.88,1.349,105.6,7,0
2026-03-03 03:00:00,0.5333,14.57,28.47,22.91,33.66,131.755,33.087,58.42,232.64,34.18,18.71,1.13,14.26,14.42,406.88,3574.3,1.535,151.1,7,0
2026-03-03 04:00:00,0.5584,12.88,27.84,21.85,32.35,131.366,32.595,61.36,247.29,26.65,21.2,0.71,15.82,9.93,405.95,3453.12,1.506,1.7,7,0
2026-03-03 05:00:00,0.5755,12.7,28.4,22.12,36.08,133.301,32.81,62.31,253.17,24.75,20.39,1.01,15.84,12.79,389.71,3559.78,1.279,10.8,7,0
2026-03-03 06:00:00,0.5453,12.11,26.51,20.75,31.34,131.37,32.886,59.91,239.32,31.24,19.85,1.69,12.22,11.43,394.06,3473.7,1.618,46.2,7,0
2026-03-03 07:00:00,0.5116,11.21,24.21,19.01,28.82,131.254,33.317,56.26,221.64,32.66,19.36,1.48,16.56,11.26,408.16,3638.99,1.69,7.4,7,0
2026-03-03 08:00:00,0.5667,13.02,28.33,22.2,34.24,131.877,32.859,62.02,248.92,31.02,19.43,1.05,15.65,12.17,416.83,3600.18,1.606,119.6,7,0
2026-03-03 09:00:00,0.6864,10.79,31.61,23.28,39.29,131.493,32.716,75.35,302.85,32.17,20.18,0.9,13.91,12.19,398.34,3576.69,1.448,7.6,7,0
2026-03-03 10:00:00,0.6525,13.4,32.59,24.92,39.84,132.004,33.096,71.34,284.55,31.73,19.53,0.34,14.81,12.34,414.43,3568.57,1.323,25.7,7,0
2026-03-03 11:00:00,0.6579,11.76,31.21,23.43,38.56,132.103,32.943,71.88,288.25,25.72,21.58,0.86,16.62,10.36,417.98,3496.13,1.625,86.8,7,0
2026-03-03 12:00:00,0.7397,13.91,37.37,27.99,45.94,132.155,33.209,80.79,321.49,31.0,19.05,0.98,14.44,13.69,420.02,3542.13,1.408,20.6,7,0
2026-03-03 13:00:00,0.7317,16.23,39.28,30.06,48.74,131.918,32.733,80.06,322.67,34.11,23.25,0.91,19.31,12.18,406.73,3626.46,1.419,124.7,7,0
2026-03-03 14:00:00,0.6911,17.47,38.51,30.1,45.31,131.537,33.056,75.84,301.78,30.67,18.96,0.93,18.06,12.95,386.95,3540.49,1.577,232.2,7,0
2026-03-03 15:00:00,0.6716,17.21,37.31,29.27,46.38,132.425,33.652,73.2,288.06,26.23,21.96,1.19,15.31,13.88,413.84,3435.9,1.646,26.0,7,0
2026-03-03 16:00:00,0.6605,19.4,38.97,31.14,47.02,131.926,32.937,72.27,289.47,29.16,22.04,0.71,14.62,9.18,397.6,3603.56,1.48,1.7,7,0
2026-03-03 17:00:00,0.6506,20.3,39.4,31.76,47.11,131.673,33.049,71.32,284.14,31.83,20.45,1.09,14.71,13.01,408.07,3448.81,1.494,55.5,7,0
2026-03-03 18:00:00,0.6677,20.13,40.04,32.08,46.23,132.977,32.561,72.47,295.97,35.55,20.27,0.97,13.88,11.81,391.04,3500.8,1.517,53.1,7,0
2026-03-03 19:00:00,0.6065,21.79,38.86,32.03,44.48,131.92,32.775,66.36,267.08,24.29,18.66,0.74,15.33,13.59,391.47,3465.27,1.366,61.1,7,0
2026-03-03 20:00:00,0.5897,23.2,39.53,33.0,46.55,132.721,33.121,64.13,256.98,31.24,19.08,1.51,16.45,10.86,389.95,3294.45,1.438,4.6,7,0
2026-03-03 21:00:00,0.5789,21.64,37.49,31.15,46.51,132.81,32.913,62.91,253.86,27.36,20.56,1.23,12.38,13.46,380.6,3517.19,1.247,137.1,7,0
2026-03-03 22:00:00,0.488,21.24,33.29,28.47,38.3,132.85,33.162,53.02,212.4,31.68,20.03,0.77,16.36,10.48,391.67,3677.0,1.554,4.8,7,0
2026-03-03 23:00:00,0.5298,20.55,34.3,28.8,39.9,132.456,33.112,57.74,230.96,31.92,22.49,1.16,16.95,12.66,384.98,3528.77,1.883,10.6,7,0
2026-03-04 00:00:00,0.4888,17.58,29.67,24.83,34.15,132.0,32.652,53.45,216.06,29.46,19.21,0.59,16.22,12.49,408.97,3740.24,1.453,22.3,7,0
2026-03-04 01:00:00,0.4187,18.29,27.73,23.96,30.03,131.958,33.268,45.8,181.67,32.05,19.33,0.81,14.82,11.83,384.5,3490.92,1.588,25.1,7,0
2026-03-04 02:00:00,0.4338,15.52,25.51,21.51,29.5,131.839,32.672,47.49,191.63,33.58,16.79,1.41,16.14,10.51,390.44,3520.89,1.378,3.2,7,0
2026-03-04 03:00:00,0.4771,14.65,26.28,21.63,29.27,130.57,32.798,52.74,209.94,29.67,21.41,1.11,17.68,11.51,400.52,3494.84,1.237,184.9,7,0
2026-03-04 04:00:00,0.5394,16.2,30.35,24.69,34.33,132.474,33.061,58.77,235.51,26.15,21.23,1.09,14.96,13.44,427.66,3508.01,1.807,22.6,7,0
2026-03-04 05:00:00,0.5476,12.75,27.25,21.45,31.33,132.161,33.414,59.81,236.55,34.44,22.07,1.3,15.13,14.29,390.1,3532.78,1.347,60.0,7,0
2026-03-04 06:00:00,0.5739,11.47,27.09,20.84,33.47,132.545,32.735,62.49,253.03,32.65,22.19,1.19,19.34,14.99,379.74,3624.01,1.629,16.2,7,0
2026-03-04 07:00:00,0.6527,12.86,32.06,24.38,39.26,131.923,33.039,71.42,285.16,31.85,21.7,0.93,15.69,12.85,380.8,3436.08,1.559,34.4,7,0
2026-03-04 08:00:00,0.582,10.59,26.57,20.18,32.41,132.439,33.041,63.43,254.25,28.09,21.78,1.29,13.07,12.44,387.57,3503.88,1.669,7.9,7,0
2026-03-04 09:00:00,0.6434,11.26,30.03,22.52,37.05,131.091,33.174,70.84,279.93,33.12,21.34,0.5,16.83,12.73,390.63,3552.45,1.512,15.2,7,0
2026-03-04 10:00:00,0.674,13.46,33.67,25.59,40.5,131.228,33.313,74.14,292.05,36.29,21.65,0.81,15.88,14.95,435.05,3605.6,1.362,49.2,7,0
2026-03-04 11:00:00,0.6587,13.05,32.53,24.74,39.37,130.366,32.893,72.93,289.05,29.8,16.44,0.98,13.77,12.84,414.98,3330.57,1.43,6.7,7,0
2026-03-04 12:00:00,0.6916,12.48,33.54,25.12,41.18,131.911,33.267,75.68,300.09,30.44,17.92,1.17,12.87,12.19,395.75,3391.32,1.899,14.7,7,0
2026-03-04 13:00:00,0.6462,15.79,34.68,27.13,40.66,131.49,33.351,70.93,279.66,26.96,17.59,0.91,15.56,11.65,428.27,3506.44,1.571,16.1,7,0
2026-03-04 14:00:00,0.7331,16.14,39.26,30.02,48.0,131.404,33.471,80.52,316.13,28.0,22.66,0.47,14.96,11.82,391.29,3592.74,1.893,51.0,7,0
2026-03-04 15:00:00,0.6604,19.37,38.93,31.11,45.48,132.221,33.133,72.09,287.68,26.94,18.55,0.43,12.59,12.64,394.31,3464.75,1.475,129.9,7,0
2026-03-04 16:00:00,0.7259,18.43,41.19,32.09,50.61,131.719,33.042,79.54,317.08,30.55,18.87,0.99,14.9,10.93,393.41,3556.72,1.67,29.2,7,0
2026-03-04 17:00:00,0.6432,21.12,39.88,32.38,47.44,131.054,32.875,70.84,282.41,29.14,20.13,0.86,14.78,11.12,415.88,3661.43,1.329,31.7,7,0
2026-03-04 18:00:00,0.6509,22.64,41.76,34.11,47.93,133.68,32.615,70.28,288.07,31.28,17.63,0.74,14.96,11.96,399.43,3504.03,1.53,3.1,7,0
2026-03-04 19:00:00,0.5926,20.52,36.97,30.39,42.7,131.976,32.927,64.81,259.77,27.48,20.88,0.68,16.06,11.38,423.09,3484.95,1.83,100.1,7,0
2026-03-04 20:00:00,0.5674,21.34,36.69,30.55,43.65,131.285,33.03,62.38,247.95,29.66,15.86,1.05,11.56,12.95,406.99,3540.96,1.366,27.8,7,0
2026-03-04 21:00:00,0.5267,21.76,35.38,29.93,39.31,131.558,32.971,57.78,230.57,27.3,17.77,1.4,12.86,13.07,414.12,3517.61,1.36,31.0,7,0
2026-03-04 22:00:00,0.5271,20.01,33.65,28.19,38.71,131.886,33.158,57.68,229.43,30.72,20.52,1.05,14.11,12.45,373.24,3523.63,1.588,27.7,7,0
2026-03-04 23:00:00,0.5171,20.34,33.57,28.28,38.2,131.884,32.616,56.6,228.85,25.26,17.64,1.4,17.73,12.8,374.99,3488.74,1.476,53.6,7,0
2026-03-05 00:00:00,0.4745,19.01,30.54,25.93,35.24,132.859,32.952,51.55,207.83,30.62,22.72,0.9,19.82,12.24,375.49,3482.64,1.722,108.5,7,0
2026-03-05 01:00:00,0.4908,17.79,29.96,25.09,34.29,131.948,33.527,53.69,211.32,29.32,20.21,1.14,15.09,6.37,394.06,3422.86,1.409,37.8,7,0
2026-03-05 02:00:00,0.4797,16.79,28.52,23.82,32.08,133.224,33.263,51.97,208.16,30.7,22.38,1.41,15.17,10.75,377.4,3552.28,1.45,50.2,7,0
2026-03-05 03:00:00,0.577,15.51,31.28,24.97,36.99,131.715,33.163,63.23,251.13,25.2,20.84,0.96,10.19,13.12,419.09,3420.04,1.536,144.3,7,0
2026-03-05 04:00:00,0.5212,14.4,27.8,22.44,32.48,132.281,33.103,56.87,227.25,32.13,20.1,1.02,16.89,10.8,397.5,3437.85,1.299,8.7,7,0
2026-03-05 05:00:00,0.591,12.6,28.98,22.43,34.84,132.675,32.904,64.29,259.23,29.26,18.13,0.9,15.98,13.34,409.71,3407.39,1.301,7.4,7,0
2026-03-05 06:00:00,0.5628,11.85,27.0,20.94,31.33,132.789,32.537,61.18,249.69,30.81,21.98,1.19,15.65,13.43,393.1,3477.13,1.273,8.9,7,0
2026-03-05 07:00:00,0.6024,11.79,28.68,21.92,35.84,132.866,33.121,65.44,262.51,24.55,21.0,1.28,12.59,11.66,412.86,3505.3,1.005,119.7,7,0
2026-03-05 08:00:00,0.5808,11.69,27.62,21.25,34.21,131.82,32.354,63.6,259.13,26.43,24.29,1.11,19.04,11.17,371.01,3415.25,1.478,32.8,7,0
2026-03-05 09:00:00,0.6312,11.47,29.67,22.39,35.6,131.996,32.914,69.02,276.79,28.99,21.78,0.94,18.12,12.07,399.75,3481.92,1.32,0.1,7,0
2026-03-05 10:00:00,0.6716,12.73,32.83,24.79,40.26,130.364,32.999,74.36,293.77,34.29,19.33,0.56,15.67,11.99,408.0,3516.17,1.455,15.3,7,0
2026-03-05 11:00:00,0.7288,11.39,34.29,25.13,43.14,131.871,32.882,79.77,319.9,31.74,20.7,0.99,17.06,13.0,409.26,3377.68,1.717,53.4,7,0
2026-03-05 12:00:00,0.6979,13.51,34.88,26.33,42.23,132.72,33.573,75.89,300.02,30.55,20.97,0.95,15.18,8.55,395.72,3442.48,1.407,61.9,7,0
2026-03-05 13:00:00,0.7361,15.16,38.44,29.13,46.16,132.592,33.482,80.13,317.33,27.39,22.45,1.08,16.72,10.96,374.82,3647.61,1.672,52.0,7,0
2026-03-05 14:00:00,0.7104,15.88,37.87,29.07,45.91,131.943,33.273,77.71,308.18,26.84,22.77,1.04,12.47,10.54,415.65,3446.55,1.318,139.5,7,0
2026-03-05 15:00:00,0.73,19.66,42.63,33.44,51.4,133.121,32.756,79.15,321.68,30.99,19.8,1.48,10.53,8.28,394.6,3559.91,1.462,18.6,7,0
2026-03-05 16:00:00,0.6635,19.26,38.97,31.08,45.3,131.747,33.507,72.7,285.83,32.26,17.69,0.8,12.54,11.32,395.91,3462.64,1.793,204.9,7,0
2026-03-05 17:00:00,0.7163,20.45,42.73,33.82,51.59,131.527,33.163,78.61,311.76,30.79,16.41,0.54,13.47,9.81,433.77,3519.25,1.494,42.0,7,0
2026-03-05 18:00:00,0.6059,20.58,37.63,30.81,44.8,131.691,32.751,66.41,267.03,35.29,17.84,0.67,13.79,11.48,401.94,3439.46,1.696,15.3,7,0
2026-03-05 19:00:00,0.5716,21.55,37.08,30.87,43.31,131.259,33.009,62.86,249.95,28.11,18.94,0.82,15.98,11.33,392.7,3351.11,1.839,39.7,7,0
2026-03-05 20:00:00,0.5324,20.52,34.38,28.84,39.1,132.411,33.253,58.04,231.1,30.7,23.13,1.33,14.57,12.74,391.8,3467.97,1.403,29.9,7,0
2026-03-05 21:00:00,0.6145,21.4,38.83,31.86,43.78,132.19,32.842,67.1,270.08,25.08,23.16,0.62,15.02,11.69,410.17,3538.6,1.407,15.2,7,0
2026-03-05 22:00:00,0.5485,20.13,34.67,28.85,40.35,132.403,33.037,59.79,239.62,30.8,22.04,0.66,12.71,9.52,388.17,3557.51,1.15,205.5,7,0
2026-03-05 23:00:00,0.498,19.99,32.45,27.47,36.78,131.727,33.084,54.56,217.26,34.57,22.58,1.13,12.54,12.58,408.16,3514.7,1.493,5.4,7,0
2026-03-06 00:00:00,0.5359,16.88,30.88,25.28,36.1,131.962,32.709,58.61,236.46,27.04,18.71,1.26,15.16,15.69,417.01,3441.06,1.525,23.4,7,0
2026-03-06 01:00:00,0.5156,17.1,30.27,25.0,36.34,130.562,32.929,57.0,226.01,32.69,17.09,0.54,14.0,13.67,399.16,3576.88,1.573,78.5,7,0
2026-03-06 02:00:00,0.5574,18.4,33.31,27.35,37.94,132.248,32.729,60.83,245.8,34.49,18.11,0.48,15.09,13.08,415.31,3445.5,1.687,22.9,7,0
2026-03-06 03:00:00,0.4619,16.47,27.52,23.1,28.84,132.065,33.229,50.49,200.65,28.09,16.05,0.77,16.17,11.77,399.46,3450.4,1.277,4.2,7,0
2026-03-06 04:00:00,0.5163,15.75,28.95,23.67,32.64,131.274,32.76,56.77,227.48,31.56,17.89,1.21,18.36,11.32,390.18,3424.84,1.739,87.3,7,0
2026-03-06 05:00:00,0.5311,14.79,28.59,23.07,33.78,131.931,33.077,58.11,231.76,34.9,19.11,1.05,15.04,11.22,375.52,3469.42,1.423,30.5,7,0
2026-03-06 06:00:00,0.5099,13.28,26.21,21.04,30.65,131.83,32.633,55.83,225.53,30.85,20.46,0.78,18.71,12.42,404.62,3479.62,1.509,84.6,7,0
2026-03-06 07:00:00,0.6268,11.65,29.65,22.45,35.36,133.164,32.701,67.94,276.66,32.52,20.39,1.23,15.89,10.36,404.93,3526.73,1.503,23.1,7,0
2026-03-06 08:00:00,0.6128,10.9,28.25,21.31,33.5,131.3,32.688,67.36,270.57,24.84,18.74,1.05,16.46,12.39,415.21,3395.03,1.391,48.1,7,0
2026-03-06 09:00:00,0.6672,13.25,33.14,25.18,40.42,132.219,32.924,72.83,292.49,31.95,21.26,0.98,17.19,11.07,413.76,3466.44,1.354,33.5,7,0
2026-03-06 10:00:00,0.7365,12.67,35.96,26.65,44.19,131.28,33.048,80.97,321.66,31.72,18.78,0.52,16.52,9.49,431.5,3439.22,1.6,26.3,7,0
2026-03-06 11:00:00,0.671,15.89,35.96,27.94,44.03,131.632,33.096,73.58,292.63,26.18,20.14,0.78,13.48,11.04,391.78,3537.48,1.391,55.6,7,0
2026-03-06 12:00:00,0.6789,14.07,34.52,26.34,42.03,132.183,32.532,74.14,301.23,27.27,17.9,1.6,17.25,13.94,405.83,3527.47,1.506,97.8,7,0
2026-03-06 13:00:00,0.6985,17.61,39.02,30.46,46.81,131.861,32.955,76.46,305.95,31.98,22.3,0.91,14.33,12.27,390.18,3420.91,1.487,77.6,7,0
2026-03-06 14:00:00,0.7212,16.78,39.3,30.29,47.54,131.996,32.802,78.86,317.35,29.26,20.16,0.72,15.69,6.73,414.44,3542.66,1.506,12.7,7,0
2026-03-06 15:00:00,0.6646,19.57,39.33,31.42,47.05,132.22,33.141,72.55,289.44,33.5,21.48,0.89,15.35,11.05,386.59,3499.09,1.262,27.4,7,0
2026-03-06 16:00:00,0.6468,21.13,40.05,32.49,47.2,131.674,32.929,70.9,283.49,31.1,17.69,1.04,17.37,13.42,414.2,3566.73,1.048,36.4,7,0
2026-03-06 17:00:00,0.6767,19.45,39.79,31.65,47.74,132.584,32.979,73.67,296.17,30.33,20.47,1.27,15.87,11.61,389.44,3451.59,1.664,14.9,7,0
2026-03-06 18:00:00,0.6322,20.78,39.03,31.73,45.97,131.798,32.803,69.24,278.18,29.65,21.27,1.19,12.31,12.85,411.99,3550.52,1.685,4.2,7,0
2026-03-06 19:00:00,0.5336,20.73,34.64,29.08,39.43,131.936,33.455,58.38,230.23,31.04,16.04,0.81,19.27,11.47,418.59,3572.49,1.083,48.6,7,0
2026-03-06 20:00:00,0.5323,20.71,34.56,29.02,38.55,132.238,32.661,58.1,235.25,32.57,22.46,1.39,16.75,12.34,377.18,3508.8,1.529,167.3,7,0
2026-03-06 21:00:00,0.59,22.43,38.77,32.23,44.1,132.15,32.894,64.44,258.89,31.77,17.62,1.25,13.98,12.11,380.29,3671.12,1.528,44.5,7,0
2026-03-06 22:00:00,0.5363,21.07,35.09,29.48,39.67,132.425,33.028,58.46,234.38,28.9,20.55,0.87,12.81,11.09,404.02,3542.61,1.27,64.3,7,0
2026-03-06 23:00:00,0.4855,20.52,32.48,27.7,38.14,132.209,32.934,53.01,212.78,33.88,23.7,0.97,16.98,12.92,402.42,3644.32,1.577,14.3,7,0
2026-03-07 00:00:00,0.4188,20.19,29.63,25.86,31.54,132.31,32.798,45.69,184.32,32.14,22.03,1.19,13.04,14.36,396.11,3705.04,1.58,149.7,7,0
2026-03-07 01:00:00,0.4214,16.57,26.11,22.29,28.79,131.785,32.522,46.16,187.05,31.32,17.14,1.33,16.68,12.64,393.35,3369.46,1.57,121.5,7,0
2026-03-07 02:00:00,0.446,18.42,28.86,24.69,32.32,131.295,32.817,49.03,196.17,30.44,19.77,0.55,17.22,12.22,387.67,3595.43,1.685,1.5,7,0
2026-03-07 03:00:00,0.3917,15.49,23.97,20.58,26.34,131.058,32.747,43.14,172.64,31.67,22.59,1.03,13.78,10.8,405.46,3544.6,1.546,1.3,7,0
2026-03-07 04:00:00,0.4207,15.17,24.68,20.87,28.55,130.897,33.443,46.39,181.58,24.67,18.49,1.0,13.6,13.47,386.03,3522.77,1.286,24.4,7,0
2026-03-07 05:00:00,0.4717,14.22,25.64,21.07,29.18,133.163,33.598,51.13,202.66,30.89,19.4,0.84,14.14,11.3,405.99,3450.43,1.438,20.4,7,0
2026-03-07 06:00:00,0.4811,14.18,25.96,21.25,29.71,130.54,32.987,53.19,210.49,35.09,19.35,0.84,13.1,12.9,391.88,3432.0,1.498,30.8,7,0
2026-03-07 07:00:00,0.5232,12.2,25.68,20.29,30.99,132.788,32.629,56.87,231.44,30.83,21.26,1.32,15.54,13.2,394.15,3419.05,1.689,10.0,7,0
2026-03-07 08:00:00,0.4912,10.01,22.19,17.32,27.74,131.458,33.195,53.93,213.57,30.42,17.05,1.17,15.83,13.54,418.73,3681.17,1.408,9.2,7,0
2026-03-07 09:00:00,0.5593,12.36,27.36,21.36,33.8,132.783,32.741,60.79,246.55,28.38,21.38,1.64,16.54,13.57,414.81,3542.29,1.385,22.4,7,0
2026-03-07 10:00:00,0.5989,13.01,29.74,23.05,35.73,130.546,32.855,66.22,263.11,31.64,18.88,0.84,13.42,13.52,385.54,3394.57,1.251,57.5,7,0
2026-03-07 11:00:00,0.5943,12.57,29.09,22.48,35.06,131.845,32.834,65.06,261.24,29.58,20.1,1.05,16.76,10.18,387.4,3419.1,1.628,132.7,7,0
2026-03-07 12:00:00,0.5923,14.78,31.22,24.65,37.22,132.96,32.868,64.3,260.12,34.09,19.67,1.1,13.11,10.77,412.16,3341.3,1.528,90.0,7,0
2026-03-07 13:00:00,0.5882,15.48,31.74,25.23,37.73,132.471,32.906,64.09,257.99,27.57,21.32,1.28,16.76,10.0,378.99,3598.59,1.364,13.2,7,0
2026-03-07 14:00:00,0.5631,15.79,30.95,24.89,35.67,131.777,32.653,61.68,248.91,28.81,20.08,1.42,12.11,9.9,422.31,3506.93,1.597,74.4,7,0
2026-03-07 15:00:00,0.5775,19.1,34.89,28.57,41.31,130.718,32.815,63.77,254.02,28.36,23.01,1.04,18.22,14.35,402.52,3544.05,1.438,4.2,7,0
2026-03-07 16:00:00,0.6039,19.07,36.03,29.25,42.4,131.127,33.269,66.48,262.02,35.67,22.1,0.68,14.04,10.58,391.82,3503.51,1.303,6.2,7,0
2026-03-07 17:00:00,0.545,20.27,34.65,28.9,39.67,132.917,32.991,59.18,238.43,29.6,18.53,0.8,16.28,10.37,400.65,3579.14,1.672,59.3,7,0
2026-03-07 18:00:00,0.5014,21.0,33.59,28.56,36.85,131.77,33.033,54.92,219.07,28.52,22.85,1.05,16.44,11.98,420.91,3471.57,1.141,69.7,7,0
2026-03-07 19:00:00,0.4913,23.2,35.39,30.51,39.54,131.953,32.411,53.74,218.79,23.89,20.76,1.35,12.54,10.94,368.53,3526.95,1.467,46.3,7,0
2026-03-07 20:00:00,0.4901,22.1,34.23,29.38,36.8,132.187,33.25,53.51,212.74,27.43,20.46,0.57,16.75,15.46,415.89,3525.24,1.428,129.5,7,0
2026-03-07 21:00:00,0.4523,22.04,32.72,28.45,35.74,131.14,32.819,49.79,198.94,31.75,21.82,0.66,13.98,11.65,418.42,3410.5,1.18,143.0,7,0
2026-03-07 22:00:00,0.4605,21.03,32.01,27.62,35.17,132.269,33.297,50.25,199.62,31.74,18.04,1.24,14.47,12.73,395.68,3445.48,1.479,10.8,7,0
2026-03-07 23:00:00,0.4481,21.13,31.65,27.45,35.3,131.723,33.041,49.1,195.76,28.21,17.37,0.62,13.74,10.89,399.42,3479.09,1.32,25.0,7,0
2026-03-08 00:00:00,0.4509,21.19,31.81,27.56,36.77,132.194,32.852,49.23,198.12,28.38,20.17,0.67,18.31,9.57,402.55,3529.01,1.678,60.9,7,0
2026-03-08 01:00:00,0.4641,19.28,30.4,25.95,34.52,131.618,32.557,50.89,205.73,35.75,18.91,1.35,12.74,10.97,411.5,3614.4,1.583,52.0,7,0
2026-03-08 02:00:00,0.4541,18.02,28.77,24.47,33.43,130.962,33.574,50.05,195.23,38.26,24.27,0.94,15.94,10.99,389.55,3512.59,1.46,31.7,7,0
2026-03-08 03:00:00,0.4047,16.65,25.59,22.01,28.89,131.718,33.212,44.35,175.88,33.62,18.6,0.92,13.84,10.97,400.28,3496.31,1.029,59.2,7,0
2026-03-08 04:00:00,0.4191,13.46,22.91,19.13,26.8,132.423,33.228,45.69,182.07,34.84,20.21,1.42,17.27,9.66,399.0,3528.13,1.326,16.5,7,0
2026-03-08 05:00:00,0.4616,12.93,23.96,19.54,29.06,132.26,33.48,50.37,198.99,35.48,20.51,0.69,19.73,12.27,410.68,3490.77,1.336,41.4,7,0
2026-03-08 06:00:00,0.4708,12.8,24.19,19.63,27.37,132.02,33.059,51.47,205.56,36.81,22.59,0.63,13.82,11.56,440.63,3501.52,1.617,50.2,7,0
2026-03-08 07:00:00,0.4722,11.78,23.22,18.64,26.37,132.593,33.357,51.4,204.32,29.26,18.14,1.5,15.36,9.75,389.49,3624.61,1.463,31.8,7,0
2026-03-08 08:00:00,0.5151,11.27,24.42,19.16,29.46,131.866,32.874,56.38,226.16,27.53,16.9,1.08,14.31,12.22,401.68,3485.49,1.505,186.1,7,0
2026-03-08 09:00:00,0.5346,10.64,24.59,19.01,29.44,132.037,33.195,58.44,232.46,35.67,22.91,1.21,17.16,13.21,389.09,3524.29,1.62,354.7,7,0
2026-03-08 10:00:00,0.5463,11.66,26.1,20.33,31.35,131.683,32.834,59.88,240.15,27.27,20.29,0.92,14.59,13.86,393.17,3451.74,1.718,3.4,7,0
2026-03-08 11:00:00,0.5705,13.54,29.03,22.83,34.36,132.631,32.867,62.08,250.53,27.08,21.74,0.98,16.89,8.43,384.36,3604.2,1.704,3.6,7,0
2026-03-08 12:00:00,0.6238,14.77,32.63,25.48,38.77,132.192,33.026,68.11,272.63,27.15,21.84,0.8,14.29,10.97,377.54,3430.43,1.594,8.4,7,0
2026-03-08 13:00:00,0.5973,15.25,31.91,25.25,39.27,131.632,32.665,65.5,263.94,29.77,22.19,1.1,19.57,10.01,418.24,3497.59,1.458,38.1,7,0
2026-03-08 14:00:00,0.6626,17.42,37.09,29.22,43.67,131.017,33.087,73.0,289.05,24.21,19.37,1.26,10.7,11.08,405.84,3581.94,1.597,7.4,7,0
2026-03-08 15:00:00,0.5851,18.2,34.32,27.87,40.68,132.729,32.918,63.62,256.55,25.87,18.83,1.07,15.84,14.15,401.89,3434.07,1.488,3.8,7,0
2026-03-08 16:00:00,0.5578,20.93,35.86,29.89,41.57,131.509,32.475,61.22,247.9,28.3,16.13,1.33,15.06,10.97,387.39,3572.78,1.597,3.1,7,0
2026-03-08 17:00:00,0.549,20.71,35.27,29.44,39.13,132.048,32.879,60.01,241.0,26.58,18.14,1.21,14.99,11.35,399.38,3339.42,1.389,49.6,7,0
2026-03-08 18:00:00,0.536,22.36,36.38,30.77,40.6,133.553,32.909,57.93,235.11,33.35,20.25,0.69,15.65,10.82,383.16,3415.99,1.604,61.8,7,0
2026-03-08 19:00:00,0.5194,22.37,35.69,30.36,39.75,132.529,33.225,56.57,225.64,30.19,18.72,0.96,15.2,14.5,400.09,3495.82,1.467,56.3,7,0
2026-03-08 20:00:00,0.5467,20.93,35.39,29.61,40.93,133.063,33.075,59.3,238.55,31.9,17.84,0.87,15.52,8.61,405.51,3696.12,1.531,143.7,7,0
2026-03-08 21:00:00,0.4385,22.08,32.24,28.17,35.21,131.645,33.382,48.08,189.59,31.57,20.23,1.23,15.9,11.23,392.37,3514.99,1.24,73.7,7,0
2026-03-08 22:00:00,0.472,20.43,31.86,27.29,35.58,132.707,33.137,51.34,205.6,29.55,22.81,1.15,18.58,10.76,389.15,3516.7,1.395,61.5,7,0
2026-03-08 23:00:00,0.439,20.76,30.94,26.87,33.05,132.018,32.854,47.99,192.85,33.13,20.01,1.05,9.55,9.48,393.12,3595.17,1.486,159.8,7,0
2026-03-09 00:00:00,0.4523,19.29,29.97,25.7,35.31,132.242,32.985,49.37,197.93,31.52,17.86,1.31,18.78,13.72,412.73,3416.45,1.399,94.7,7,0
2026-03-09 01:00:00,0.5192,19.21,32.53,27.2,37.17,133.334,32.908,56.2,227.71,29.21,22.67,0.45,20.2,9.36,403.53,3260.69,1.108,0.1,7,0
2026-03-09 02:00:00,0.5375,16.2,30.27,24.64,35.58,131.816,33.129,58.85,234.17,25.12,18.58,0.83,11.58,11.37,376.4,3642.07,1.284,29.8,7,0
2026-03-09 03:00:00,0.4837,16.26,28.15,23.39,31.69,132.013,33.016,52.89,211.48,31.73,23.08,0.85,15.18,11.94,411.36,3551.73,1.493,123.6,7,0
2026-03-09 04:00:00,0.5251,15.61,29.17,23.74,33.33,131.404,32.834,57.68,230.82,26.38,19.6,1.08,17.83,10.94,408.65,3467.74,1.688,13.5,7,0
2026-03-09 05:00:00,0.4943,14.91,27.22,22.29,32.9,132.586,33.002,53.81,216.18,31.31,20.33,1.17,16.92,9.46,403.31,3507.95,1.412,11.3,7,0
2026-03-09 06:00:00,0.5324,12.44,26.3,20.76,29.59,131.63,33.122,58.38,232.01,30.4,23.25,1.01,18.44,11.81,425.19,3587.54,1.393,65.3,7,0
2026-03-09 07:00:00,0.6275,12.73,30.76,23.54,37.67,132.675,32.734,68.26,276.68,26.09,17.42,0.61,15.83,10.92,400.86,3493.03,1.672,97.6,7,0
2026-03-09 08:00:00,0.6079,12.72,29.86,23.01,35.17,130.911,33.084,67.03,265.23,30.94,18.03,1.13,11.02,13.28,406.97,3514.96,1.506,29.9,7,0
2026-03-09 09:00:00,0.6128,14.26,31.61,24.67,37.67,132.362,32.583,66.82,271.45,30.74,19.47,1.05,17.69,12.84,407.55,3666.2,1.618,70.9,7,0
2026-03-09 10:00:00,0.6736,11.73,31.92,23.85,39.13,131.575,33.292,73.9,292.06,30.75,19.85,0.57,16.36,14.98,413.67,3403.89,1.492,20.5,7,0
2026-03-09 11:00:00,0.667,13.09,32.97,25.02,39.74,132.482,33.139,72.67,290.5,30.61,25.41,0.92,18.02,12.23,397.16,3544.75,1.473,44.6,7,0
2026-03-09 12:00:00,0.6785,17.84,38.27,30.1,46.13,131.991,33.43,74.2,292.96,28.21,18.35,1.12,12.02,12.95,390.83,3405.61,1.663,31.7,7,0
2026-03-09 13:00:00,0.7182,15.97,38.35,29.4,45.06,131.647,32.705,78.75,316.97,31.94,17.52,1.5,12.65,11.52,415.1,3628.43,1.66,31.8,7,0
2026-03-09 14:00:00,0.6578,15.65,35.09,27.31,42.19,131.745,33.299,72.07,285.12,28.11,18.26,0.68,15.12,14.63,414.33,3526.83,1.481,59.6,7,0
2026-03-09 15:00:00,0.6555,18.25,37.58,29.85,44.81,131.439,33.247,71.98,284.57,26.95,20.59,1.25,17.75,12.08,419.63,3448.43,1.359,41.5,7,0
2026-03-09 16:00:00,0.6714,17.27,37.36,29.32,43.93,132.553,32.952,73.11,294.08,32.19,21.11,0.69,18.31,11.91,406.74,3383.34,1.285,115.4,7,0
2026-03-09 17:00:00,0.6751,21.32,41.58,33.48,50.54,131.308,32.901,74.21,296.19,32.98,18.71,0.63,13.63,12.87,375.78,3475.37,1.307,133.1,7,0
2026-03-09 18:00:00,0.6591,22.68,42.18,34.38,49.09,131.824,32.714,72.16,290.8,31.99,20.17,0.64,14.27,11.1,402.97,3518.24,1.435,62.0,7,0
2026-03-09 19:00:00,0.5761,21.46,37.18,30.89,42.63,132.228,32.645,62.89,254.72,29.55,24.02,1.19,20.83,11.31,401.01,3596.06,1.536,137.8,7,0
2026-03-09 20:00:00,0.5983,22.07,38.77,32.09,44.38,133.065,32.802,64.9,263.27,24.35,20.2,1.05,13.98,12.87,418.95,3415.9,1.249,7.1,7,0
2026-03-09 21:00:00,0.5225,23.29,36.74,31.36,41.32,131.994,32.668,57.14,230.86,34.61,20.77,0.91,16.44,13.16,416.39,3437.42,1.221,155.4,7,0
2026-03-09 22:00:00,0.5801,20.12,36.02,29.66,42.79,131.84,33.421,63.51,250.54,24.3,23.91,1.15,14.18,12.96,409.7,3463.63,1.547,26.4,7,0
2026-03-09 23:00:00,0.4754,19.75,31.32,26.69,37.14,132.181,32.603,51.92,210.48,31.93,18.73,1.02,16.03,11.94,369.41,3441.38,1.673,0.3,7,0
2026-03-10 00:00:00,0.5396,20.01,34.18,28.51,39.72,130.632,33.039,59.63,235.75,36.5,18.6,1.04,13.35,12.47,388.14,3462.23,1.633,30.6,7,0
2026-03-10 01:00:00,0.4767,18.28,29.9,25.25,34.63,131.209,33.115,52.44,207.77,30.62,19.19,0.92,13.41,13.5,395.05,3427.78,1.162,52.0,7,0
2026-03-10 02:00:00,0.5602,17.45,32.48,26.47,39.19,131.752,33.094,61.37,244.32,31.04,19.07,0.7,14.34,10.42,395.39,3536.77,1.539,47.8,7,0
2026-03-10 03:00:00,0.5275,15.18,28.84,23.38,33.77,131.529,33.118,57.89,229.91,31.31,16.49,1.52,13.99,12.07,403.01,3464.77,1.607,7.9,7,0
2026-03-10 04:00:00,0.4952,15.46,27.8,22.86,33.22,130.943,33.25,54.58,214.96,30.76,20.4,1.43,14.48,7.7,422.71,3504.27,1.373,56.9,7,0
2026-03-10 05:00:00,0.5307,14.06,27.85,22.33,33.27,132.566,32.882,57.78,232.96,37.22,20.56,1.49,16.14,13.17,412.2,3527.75,1.43,40.3,7,0
2026-03-10 06:00:00,0.5939,13.96,30.47,23.87,36.58,132.171,33.023,64.86,259.6,27.64,19.76,0.85,18.87,10.89,386.73,3393.05,1.547,29.7,7,0
2026-03-10 07:00:00,0.628,13.11,31.16,23.94,38.15,132.093,32.922,68.62,275.31,27.26,20.62,0.8,13.9,10.93,388.08,3550.9,1.587,13.2,7,0
2026-03-10 08:00:00,0.6201,12.95,30.64,23.56,35.72,131.542,33.344,68.05,268.44,29.19,20.64,0.88,13.11,11.88,386.73,3520.16,1.567,28.9,7,0
2026-03-10 09:00:00,0.6477,11.47,30.43,22.85,37.8,132.052,33.554,70.8,278.62,35.39,17.5,1.33,15.1,12.99,398.76,3520.25,1.633,59.7,7,0
2026-03-10 10:00:00,0.6898,13.9,34.88,26.49,41.74,132.34,32.685,75.24,304.64,28.44,20.71,1.01,13.38,15.65,412.59,3492.75,1.577,9.8,7,0
2026-03-10 11:00:00,0.6869,13.87,34.71,26.38,41.43,131.825,32.464,75.21,305.42,31.46,21.25,0.85,11.82,9.73,414.97,3481.85,1.45,53.5,7,0
2026-03-10 12:00:00,0.6542,15.07,34.34,26.64,41.77,132.293,33.15,71.37,284.83,33.38,16.93,1.12,17.21,10.79,394.87,3507.72,1.46,66.0,7,0
2026-03-10 13:00:00,0.672,17.5,37.61,29.57,44.4,131.475,33.283,73.77,291.42,32.51,23.05,0.79,15.25,12.41,400.06,3511.07,1.419,23.5,7,0
2026-03-10 14:00:00,0.7,17.02,38.5,29.91,46.82,132.064,33.517,76.51,301.46,33.23,17.66,0.6,15.44,10.97,425.63,3409.0,1.481,64.6,7,0
2026-03-10 15:00:00,0.7194,20.39,42.82,33.85,51.73,132.754,33.195,78.22,312.83,34.43,17.85,1.05,11.23,13.32,378.24,3629.45,1.644,36.1,7,0
2026-03-10 16:00:00,0.7156,21.69,43.93,35.03,52.78,132.813,33.368,77.77,309.52,31.1,20.53,0.85,13.92,11.81,410.08,3447.76,1.442,13.3,7,0
2026-03-10 17:00:00,0.6698,22.03,42.04,34.04,48.94,132.876,33.438,72.75,289.11,28.8,21.2,1.0,12.25,13.39,408.46,3508.76,1.695,43.4,7,0
2026-03-10 18:00:00,0.6309,21.09,39.28,32.0,46.76,132.188,33.387,68.89,272.74,30.61,21.68,0.2,15.04,11.69,396.06,3596.64,1.367,21.5,7,0
2026-03-10 19:00:00,0.6188,20.38,38.02,30.96,44.46,132.021,33.233,67.66,268.78,29.15,21.25,0.74,15.35,12.88,400.24,3476.09,1.54,74.1,7,0
2026-03-10 20:00:00,0.5505,23.82,38.44,32.59,43.95,131.704,32.661,60.33,243.27,37.74,19.09,1.0,15.35,10.63,406.82,3522.39,1.601,104.4,7,0
2026-03-10 21:00:00,0.5418,22.68,36.94,31.23,40.97,130.807,32.998,59.78,236.98,28.57,20.35,0.55,13.75,14.97,396.1,3328.14,1.538,1.7,7,0
2026-03-10 22:00:00,0.5009,21.33,33.9,28.87,38.02,131.112,33.079,55.15,218.58,31.62,19.5,0.56,13.38,9.51,390.95,3344.89,1.173,39.3,7,0
2026-03-10 23:00:00,0.4723,22.45,33.89,29.32,38.56,131.889,32.974,51.69,206.75,25.67,20.48,1.02,14.7,11.0,389.82,3501.39,1.456,1.8,7,0
2026-03-11 00:00:00,0.5101,19.58,32.53,27.35,37.73,131.929,32.99,55.81,223.18,30.57,20.27,1.22,15.8,9.93,428.45,3518.6,1.344,21.6,7,0
2026-03-11 01:00:00,0.5023,18.81,31.44,26.39,35.09,132.932,33.414,54.54,216.96,29.31,19.12,0.74,13.93,13.26,393.91,3591.93,1.253,2.1,7,0
2026-03-11 02:00:00,0.5207,18.47,31.85,26.5,36.02,132.868,32.8,56.57,229.15,32.2,19.43,0.93,13.21,12.87,403.54,3567.53,1.494,12.2,7,0
2026-03-11 03:00:00,0.5265,15.54,29.15,23.71,33.07,131.547,33.211,57.77,228.81,32.28,16.42,0.94,13.3,10.24,412.3,3376.08,1.276,176.2,7,0
2026-03-11 04:00:00,0.5333,15.34,29.23,23.67,33.54,132.54,33.084,58.07,232.65,34.42,21.79,0.54,13.77,13.56,397.34,3604.9,1.503,29.0,7,0
2026-03-11 05:00:00,0.5634,15.5,30.67,24.6,34.95,131.685,32.774,61.75,248.12,34.18,20.72,1.36,14.18,11.02,401.05,3408.2,1.7,27.0,7,0
2026-03-11 06:00:00,0.5695,13.83,29.26,23.09,34.67,132.451,32.716,62.06,251.27,29.97,15.52,0.95,12.89,12.65,408.06,3572.47,1.53,32.0,7,0
2026-03-11 07:00:00,0.6091,14.36,31.55,24.68,38.36,132.532,32.551,66.33,270.08,27.34,21.72,0.96,14.2,13.0,387.8,3467.31,1.47,8.5,7,0
2026-03-11 08:00:00,0.6008,14.08,30.89,24.17,36.4,132.82,33.128,65.29,261.76,27.69,20.02,1.12,17.56,11.7,377.47,3720.71,1.476,76.5,7,0
2026-03-11 09:00:00,0.6578,13.12,32.56,24.79,39.85,131.675,32.983,72.1,287.85,31.08,18.26,0.54,14.5,13.43,389.56,3456.22,1.666,16.6,7,0
2026-03-11 10:00:00,0.6875,11.28,32.14,23.8,40.0,132.669,32.782,74.79,302.68,30.65,18.08,1.28,12.61,11.85,426.44,3497.53,1.498,169.4,7,0
2026-03-11 11:00:00,0.6632,13.3,33.0,25.12,41.32,130.764,32.505,73.2,294.5,30.95,18.75,1.32,10.57,12.57,391.89,3516.12,1.462,23.6,7,0
2026-03-11 12:00:00,0.6948,16.21,37.43,28.94,45.15,132.856,33.114,75.49,302.86,28.57,18.27,1.05,18.76,11.65,402.48,3484.05,1.408,13.7,7,0
2026-03-11 13:00:00,0.678,15.1,35.51,27.34,42.86,131.983,32.954,74.14,296.95,34.48,18.54,1.15,17.37,9.26,380.63,3423.68,1.405,33.5,7,0
2026-03-11 14:00:00,0.6775,17.62,38.0,29.85,45.12,131.998,32.812,74.08,298.03,25.75,23.53,0.91,15.66,11.88,420.65,3679.79,1.673,18.7,7,0
2026-03-11 15:00:00,0.6495,19.58,38.63,31.01,44.89,130.655,32.745,71.76,286.31,28.4,20.87,1.27,17.41,10.75,396.0,3454.61,1.452,11.5,7,0
2026-03-11 16:00:00,0.7054,21.91,43.65,34.96,52.54,131.743,32.937,77.28,309.11,26.94,24.2,0.76,16.14,14.15,393.7,3451.75,1.636,109.6,7,0
2026-03-11 17:00:00,0.6787,20.9,41.34,33.17,49.06,132.895,33.124,73.71,295.73,29.55,20.58,1.0,14.94,10.02,398.52,3494.71,1.635,27.3,7,0
2026-03-11 18:00:00,0.6387,21.63,40.18,32.76,47.16,131.718,32.913,69.99,280.1,33.91,21.29,1.02,12.61,13.9,438.22,3518.93,1.376,93.1,7,0
2026-03-11 19:00:00,0.6559,22.72,42.07,34.33,50.4,132.471,32.686,71.46,289.62,29.31,18.37,1.0,18.9,11.8,407.14,3448.68,1.409,5.0,7,0
2026-03-11 20:00:00,0.5651,23.3,38.54,32.44,45.04,132.023,32.985,61.78,247.3,30.48,19.79,1.33,14.21,12.67,398.17,3579.75,1.569,9.4,7,0
2026-03-11 21:00:00,0.6376,22.62,41.12,33.72,46.71,132.701,33.276,69.36,276.58,32.17,19.97,1.67,14.32,10.0,357.28,3515.69,1.54,50.6,7,0
2026-03-11 22:00:00,0.5192,23.32,36.64,31.31,41.74,132.126,33.011,56.71,227.0,29.17,21.37,0.98,15.16,11.6,420.82,3505.08,1.433,5.7,7,0
2026-03-11 23:00:00,0.5177,20.68,33.94,28.63,38.67,131.385,33.018,56.88,226.33,31.32,20.03,1.15,15.2,11.07,390.1,3548.13,1.528,0.6,7,0
2026-03-12 00:00:00,0.4885,20.77,32.84,28.01,36.53,132.037,32.914,53.4,214.21,30.93,20.83,0.77,16.24,15.22,387.73,3435.59,1.596,11.5,7,0
2026-03-12 01:00:00,0.5082,19.89,32.75,27.61,37.4,133.057,32.765,55.12,223.86,26.78,20.76,1.32,16.01,11.03,389.07,3456.68,1.448,93.0,7,0
2026-03-12 02:00:00,0.5255,17.75,31.32,25.89,34.63,132.328,32.756,57.32,231.54,28.78,19.52,0.85,13.93,13.8,422.5,3501.72,1.377,104.1,7,0
2026-03-12 03:00:00,0.507,17.69,30.51,25.38,36.05,131.923,32.561,55.47,224.73,31.24,19.32,1.95,15.14,13.82,399.89,3577.88,1.471,65.1,7,0
2026-03-12 04:00:00,0.5796,15.8,31.67,25.32,37.8,133.489,33.312,62.67,251.13,34.02,18.79,0.51,16.17,13.77,377.69,3483.98,1.369,1.6,7,0
2026-03-12 05:00:00,0.5542,15.4,30.18,24.27,34.71,132.765,33.122,60.25,241.49,34.02,22.3,1.65,13.76,11.17,397.46,3478.12,1.498,25.4,7,0
2026-03-12 06:00:00,0.5792,14.01,29.87,23.53,35.11,132.539,33.022,63.08,253.18,36.46,19.53,1.31,17.98,14.77,388.05,3334.82,1.49,116.0,7,0
2026-03-12 07:00:00,0.5697,13.7,29.14,22.96,33.3,132.209,33.078,62.2,248.6,31.63,20.79,0.67,15.05,15.08,405.92,3448.01,1.362,79.7,7,0
2026-03-12 08:00:00,0.6354,12.52,30.91,23.55,37.52,132.482,33.09,69.23,277.18,28.93,19.82,1.7,18.28,12.62,394.73,3371.45,1.457,102.9,7,0
2026-03-12 09:00:00,0.643,12.69,31.43,23.94,38.07,132.503,32.806,70.04,282.89,29.98,22.26,0.73,12.3,11.37,376.98,3391.38,1.473,9.1,7,0
2026-03-12 10:00:00,0.6495,15.04,34.09,26.47,40.2,130.559,32.914,71.8,284.8,29.83,16.15,0.91,16.4,10.77,399.29,3532.76,1.635,151.1,7,0
2026-03-12 11:00:00,0.6603,15.25,34.81,26.98,42.84,132.261,32.875,72.06,289.91,28.95,20.74,0.62,13.31,12.77,399.67,3769.0,1.399,4.1,7,0
2026-03-12 12:00:00,0.7737,14.63,39.83,29.75,51.03,131.894,33.663,84.67,331.76,31.32,17.62,0.96,13.82,12.16,381.72,3519.04,1.465,34.7,7,0
2026-03-12 13:00:00,0.6891,17.04,37.98,29.6,46.03,131.67,33.269,75.54,298.96,31.46,20.91,0.99,16.9,12.34,371.12,3530.12,1.489,40.6,7,0
2026-03-12 14:00:00,0.6499,15.77,34.84,27.22,41.78,131.871,33.044,71.13,283.87,26.65,19.84,1.26,14.63,10.04,404.76,3442.66,1.61,3.5,7,0
2026-03-12 15:00:00,0.6626,18.87,38.54,30.67,46.35,130.973,33.361,73.03,286.7,33.44,17.17,1.74,20.28,12.12,396.32,3419.63,1.64,100.6,7,0
2026-03-12 16:00:00,0.6662,21.61,41.45,33.51,48.98,130.809,33.327,73.51,288.51,24.66,20.81,0.85,16.12,13.78,397.3,3668.0,1.572,71.2,7,0
2026-03-12 17:00:00,0.6634,21.56,41.27,33.38,47.88,132.823,32.636,72.09,293.4,29.51,20.58,0.18,13.7,13.29,411.71,3439.08,1.639,40.4,7,0
2026-03-12 18:00:00,0.6395,22.6,41.18,33.75,47.61,132.305,32.941,69.77,280.22,33.62,19.67,1.2,16.13,11.44,371.45,3343.52,1.694,132.2,7,0
2026-03-12 19:00:00,0.6173,19.96,37.52,30.5,43.76,130.407,32.996,68.32,270.03,32.0,19.92,0.84,14.61,11.9,401.43,3523.16,1.532,48.8,7,0
2026-03-12 20:00:00,0.5518,22.76,37.43,31.56,42.81,131.62,33.161,60.51,240.16,29.1,20.45,1.55,16.75,9.86,410.47,3469.13,1.356,33.2,7,0
2026-03-12 21:00:00,0.5572,23.32,38.22,32.26,43.51,132.581,32.941,60.66,244.15,36.08,22.49,1.0,14.5,11.07,397.79,3551.19,1.467,84.0,7,0
2026-03-12 22:00:00,0.5,22.94,35.48,30.46,39.9,131.815,32.974,54.75,218.87,28.86,19.5,0.78,15.9,11.56,379.29,3628.93,1.246,16.0,7,0
2026-03-12 23:00:00,0.4918,22.65,34.85,29.97,37.75,132.822,32.878,53.44,215.9,24.17,22.16,0.7,15.48,13.02,390.62,3533.04,1.505,42.2,7,0
2026-03-13 00:00:00,0.4732,20.64,32.12,27.53,36.46,132.693,33.277,51.47,205.23,31.53,20.06,1.2,15.24,11.01,393.76,3521.67,1.363,40.3,7,0
2026-03-13 01:00:00,0.4616,19.48,30.51,26.1,34.14,131.105,32.619,50.82,204.27,24.84,22.72,0.93,17.17,10.51,376.84,3556.29,1.448,32.7,7,0
2026-03-13 02:00:00,0.5326,17.02,30.89,25.34,37.75,131.905,32.887,58.28,233.76,27.68,19.66,1.45,11.48,13.2,406.1,3719.9,1.454,2.1,7,0
2026-03-13 03:00:00,0.5313,16.85,30.67,25.14,35.16,131.704,32.513,58.23,235.88,32.04,18.8,0.95,15.28,11.43,400.58,3685.81,1.408,32.4,7,0
2026-03-13 04:00:00,0.5559,14.59,29.44,23.5,34.95,131.083,32.728,61.21,245.15,28.79,17.94,1.43,13.69,10.81,390.89,3478.25,1.512,4.9,7,0
2026-03-13 05:00:00,0.5485,12.97,27.5,21.69,34.88,131.04,33.084,60.41,239.28,31.92,20.06,0.59,12.39,13.28,415.31,3579.51,1.456,102.9,7,0
2026-03-13 06:00:00,0.5947,12.94,29.48,22.86,35.65,131.468,33.089,65.29,259.42,26.7,18.55,0.49,13.41,12.75,392.7,3646.42,1.403,18.5,7,0
2026-03-13 07:00:00,0.5444,15.03,29.4,23.65,34.38,131.577,32.917,59.72,238.73,32.75,22.94,1.26,13.85,11.75,422.73,3559.01,1.308,4.1,7,0
2026-03-13 08:00:00,0.6491,13.08,32.11,24.5,38.48,132.187,33.297,70.87,281.36,25.1,18.39,0.87,14.62,11.54,396.5,3498.23,1.578,11.7,7,0
2026-03-13 09:00:00,0.6526,13.74,32.94,25.26,41.4,132.689,33.357,70.99,282.38,34.13,18.75,0.93,15.76,12.64,386.21,3463.71,1.345,45.1,7,0
2026-03-13 10:00:00,0.6868,13.51,34.34,26.01,41.43,132.339,32.982,74.91,300.57,28.75,21.29,0.71,16.17,12.87,386.67,3511.43,1.813,93.1,7,0
2026-03-13 11:00:00,0.6953,13.03,34.27,25.77,42.83,132.495,33.066,75.74,303.5,34.77,22.5,0.68,14.27,12.38,401.9,3412.35,1.741,32.7,7,0
2026-03-13 12:00:00,0.6643,16.79,36.54,28.64,43.66,131.824,32.881,72.73,291.59,27.66,21.59,1.2,18.26,12.25,384.47,3575.17,1.294,4.4,7,0
2026-03-13 13:00:00,0.6523,14.89,34.07,26.4,41.15,132.398,33.165,71.12,283.9,35.95,22.25,1.0,14.35,11.16,402.7,3614.81,1.62,0.8,7,0
2026-03-13 14:00:00,0.6725,17.8,37.94,29.88,44.49,131.902,32.685,73.59,296.98,27.3,19.97,0.69,11.2,11.25,394.52,3471.79,1.707,32.3,7,0
2026-03-13 15:00:00,0.7008,19.59,41.11,32.5,50.53,131.709,33.474,76.8,302.19,24.8,20.0,1.25,14.4,11.81,394.18,3467.5,1.462,58.4,7,0
2026-03-13 16:00:00,0.6887,21.08,42.01,33.64,49.85,133.252,33.301,74.6,298.5,30.31,24.16,1.36,15.18,10.62,399.91,3419.06,1.597,15.2,7,0
2026-03-13 17:00:00,0.6062,21.16,38.22,31.4,43.5,130.462,32.683,67.07,267.73,33.88,23.51,0.98,8.54,10.45,415.6,3540.9,1.484,8.0,7,0
2026-03-13 18:00:00,0.5937,20.84,37.35,30.75,44.34,130.764,32.792,65.54,261.34,32.55,21.56,1.31,17.5,11.93,392.39,3502.68,1.599,34.7,7,0
2026-03-13 19:00:00,0.5756,22.38,38.08,31.8,43.31,132.253,33.111,62.82,250.91,33.67,22.35,0.71,14.89,13.55,403.29,3388.08,1.421,4.2,7,0
2026-03-13 20:00:00,0.5607,22.6,37.66,31.64,43.27,131.825,32.911,61.39,245.9,32.61,21.85,1.18,12.78,8.96,407.2,3736.75,1.632,100.0,7,0
2026-03-13 21:00:00,0.5064,22.41,35.2,30.09,40.24,131.052,33.144,55.78,220.54,27.72,17.72,1.06,13.17,11.48,382.39,3361.29,1.432,145.5,7,0
2026-03-13 22:00:00,0.4839,23.65,35.55,30.79,39.91,131.304,32.905,53.19,212.26,32.48,20.05,0.77,16.61,12.48,408.38,3388.38,1.394,51.6,7,0
2026-03-13 23:00:00,0.486,20.67,32.65,27.86,34.91,131.39,33.403,53.39,210.02,30.46,23.13,1.62,16.86,13.68,412.76,3578.72,1.54,0.6,7,0
2026-03-14 00:00:00,0.4284,21.36,31.15,27.23,34.82,132.589,33.002,46.64,187.37,28.05,21.57,1.08,13.79,14.77,415.03,3556.13,1.549,46.7,7,0
2026-03-14 01:00:00,0.3875,20.01,28.35,25.01,30.82,132.8,33.639,42.12,166.27,30.72,20.01,0.83,12.38,11.68,383.9,3446.42,1.043,36.2,7,0
2026-03-14 02:00:00,0.4223,19.52,29.09,25.26,31.86,133.082,33.159,45.81,183.84,30.01,23.15,1.01,15.35,15.03,384.95,3441.27,0.976,19.9,7,0
2026-03-14 03:00:00,0.4661,17.13,28.33,23.85,31.94,130.951,32.644,51.37,206.07,34.43,20.87,0.75,15.72,12.75,399.72,3540.2,1.484,105.9,7,0
2026-03-14 04:00:00,0.4088,16.85,25.93,22.3,27.48,131.098,33.551,45.0,175.85,28.63,21.64,0.66,16.22,13.29,398.87,3533.82,1.305,24.7,7,0
2026-03-14 05:00:00,0.4592,14.85,25.79,21.41,29.53,131.052,33.29,50.58,199.11,28.49,20.88,0.87,13.96,10.47,400.82,3447.25,1.231,16.3,7,0
2026-03-14 06:00:00,0.5167,14.66,27.87,22.59,31.32,132.851,33.1,56.13,225.3,28.08,21.22,0.89,14.84,12.75,395.19,3583.08,1.402,2.8,7,0
2026-03-14 07:00:00,0.4954,12.22,24.58,19.64,28.52,132.275,33.171,54.05,215.55,35.87,21.36,0.77,15.13,13.42,403.32,3549.32,1.884,78.1,7,0
2026-03-14 08:00:00,0.5127,10.92,23.97,18.75,28.56,132.053,32.686,56.04,226.41,28.25,22.73,1.38,17.02,11.03,362.22,3610.49,1.257,101.7,7,0
2026-03-14 09:00:00,0.5853,14.11,30.23,23.78,36.92,132.152,32.524,63.93,259.76,34.07,22.99,0.78,17.75,8.16,410.41,3499.59,1.626,10.3,7,0
2026-03-14 10:00:00,0.5588,14.66,29.64,23.65,34.29,131.963,32.989,61.12,244.51,27.08,19.23,0.73,18.29,12.29,422.61,3568.39,1.365,37.7,7,0
2026-03-14 11:00:00,0.6147,15.5,32.94,25.96,40.52,131.26,33.364,67.59,265.91,31.7,20.85,0.65,17.69,11.74,392.24,3485.31,1.29,58.4,7,0
2026-03-14 12:00:00,0.6029,15.53,32.44,25.68,39.38,132.339,33.104,65.76,262.86,30.97,22.68,0.62,18.72,14.08,403.57,3546.86,1.41,10.3,7,0
2026-03-14 13:00:00,0.5826,18.75,34.76,28.36,40.19,131.877,33.451,63.77,251.4,33.88,19.87,1.32,17.12,11.26,425.75,3532.2,1.278,41.6,7,0
2026-03-14 14:00:00,0.6044,18.1,35.08,28.29,40.4,131.208,33.349,66.49,261.6,33.44,17.52,1.09,13.91,11.01,401.04,3571.43,1.267,14.4,7,0
2026-03-14 15:00:00,0.5911,20.27,36.66,30.1,41.44,132.379,33.005,64.45,258.52,30.42,18.32,1.22,18.16,10.31,405.12,3545.14,1.387,1.2,7,0
2026-03-14 16:00:00,0.5987,21.65,38.37,31.68,44.68,131.719,33.313,65.6,259.39,28.57,18.46,1.31,12.34,11.12,428.16,3352.47,1.336,11.8,7,0
2026-03-14 17:00:00,0.534,23.81,37.74,32.17,41.99,132.15,33.402,58.32,230.74,35.05,19.22,0.91,19.82,16.07,431.08,3453.46,1.445,141.6,7,0
2026-03-14 18:00:00,0.5312,22.57,36.38,30.86,42.13,131.918,32.979,58.12,232.47,28.27,18.64,1.45,13.14,9.69,384.63,3510.24,1.491,221.0,7,0
2026-03-14 19:00:00,0.5061,22.73,35.51,30.4,39.32,132.588,32.944,55.09,221.73,23.38,22.19,0.82,16.86,10.06,394.37,3540.9,1.335,59.6,7,0
2026-03-14 20:00:00,0.507,22.06,34.88,29.75,38.53,132.145,33.037,55.38,221.53,24.6,19.58,0.68,17.98,11.99,413.94,3569.58,1.548,94.6,7,0
2026-03-14 21:00:00,0.4347,24.94,34.96,30.95,38.36,131.417,32.363,47.74,193.86,25.33,22.66,1.12,16.01,15.03,408.0,3547.49,1.318,24.7,7,0
2026-03-14 22:00:00,0.4783,23.31,34.99,30.32,38.33,132.213,33.074,52.22,208.74,31.97,17.87,1.05,10.99,13.18,411.13,3447.22,1.416,43.6,7,0
2026-03-14 23:00:00,0.4483,22.55,33.07,28.86,36.5,132.234,33.19,48.93,194.96,36.82,19.43,1.05,13.19,14.4,361.22,3577.04,1.099,32.6,7,0
2026-03-15 00:00:00,0.3865,24.38,32.68,29.36,36.01,132.337,33.038,42.16,168.87,24.06,20.34,1.31,15.8,11.49,371.23,3438.87,1.406,17.9,7,0
2026-03-15 01:00:00,0.4594,20.38,31.33,26.95,35.01,132.684,33.091,49.97,200.38,27.83,21.76,1.04,16.36,9.98,427.3,3604.66,1.768,39.2,7,0
2026-03-15 02:00:00,0.4931,17.46,29.72,24.82,33.95,131.593,32.989,54.08,215.73,30.45,22.42,1.1,14.73,11.39,412.15,3610.0,1.566,27.9,7,0
2026-03-15 03:00:00,0.4646,17.27,28.42,23.96,32.25,132.441,32.473,50.63,206.5,34.82,19.06,1.42,15.24,11.88,405.84,3502.79,1.406,71.2,7,0
2026-03-15 04:00:00,0.4908,15.29,27.46,22.59,30.2,130.862,33.439,54.14,211.87,27.82,22.12,1.09,12.15,12.08,381.91,3451.76,1.272,68.2,7,0
2026-03-15 05:00:00,0.4682,14.83,26.12,21.6,30.16,131.921,32.903,51.23,205.39,31.95,16.77,1.16,18.64,11.75,394.32,3447.92,1.679,26.8,7,0
2026-03-15 06:00:00,0.4363,14.03,24.11,20.08,27.47,131.819,32.837,47.77,191.78,29.43,21.88,0.58,14.33,12.95,409.09,3416.08,1.394,34.0,7,0
2026-03-15 07:00:00,0.4528,13.35,24.04,19.76,28.24,132.956,33.359,49.16,195.93,38.0,17.45,2.12,16.67,11.0,379.79,3429.79,1.325,49.1,7,0
2026-03-15 08:00:00,0.5378,12.37,26.45,20.82,31.86,131.897,33.258,58.85,233.4,30.61,21.03,0.53,17.9,10.68,389.96,3489.17,1.372,12.2,7,0
2026-03-15 09:00:00,0.5329,15.53,29.41,23.85,34.07,132.401,33.072,58.09,232.57,31.25,22.39,0.85,12.78,10.26,406.17,3458.85,1.777,44.4,7,0
2026-03-15 10:00:00,0.5408,14.73,28.94,23.26,34.74,130.837,33.203,59.66,235.09,30.43,21.91,0.84,15.35,12.38,409.39,3374.81,1.453,39.3,7,0
2026-03-15 11:00:00,0.5799,15.0,30.89,24.54,36.37,131.768,32.695,63.52,255.99,28.94,16.86,1.64,15.65,12.23,392.7,3464.92,1.558,72.4,7,0
2026-03-15 12:00:00,0.6087,17.02,34.19,27.32,40.69,131.441,32.979,66.84,266.41,33.03,19.24,0.83,14.57,13.7,415.28,3511.04,1.474,54.0,7,0
2026-03-15 13:00:00,0.5496,17.94,32.52,26.69,37.41,133.634,33.342,59.36,237.9,26.7,21.57,1.14,16.94,14.39,414.79,3476.48,1.465,35.6,7,0
2026-03-15 14:00:00,0.5768,19.04,34.79,28.49,40.82,131.56,32.821,63.28,253.65,24.17,21.51,0.84,13.76,10.26,373.65,3432.02,1.425,15.8,7,0
2026-03-15 15:00:00,0.627,20.74,38.75,31.55,45.13,132.048,32.736,68.54,276.47,29.73,20.69,0.7,15.2,12.1,425.11,3312.32,1.727,18.8,7,0
2026-03-15 16:00:00,0.536,21.4,35.41,29.8,41.61,132.084,33.021,58.57,234.29,32.63,15.73,1.18,14.35,11.76,418.04,3595.25,1.475,11.7,7,0
2026-03-15 17:00:00,0.5767,22.97,38.72,32.42,45.99,130.951,33.027,63.57,252.05,28.44,22.53,0.79,19.74,9.76,403.64,3500.45,1.277,8.9,7,0
2026-03-15 18:00:00,0.5156,23.85,37.01,31.75,42.23,131.653,33.171,56.53,224.35,30.74,22.89,1.07,13.76,11.28,398.48,3529.28,1.517,20.2,7,0
2026-03-15 19:00:00,0.5245,23.76,37.29,31.87,43.2,132.267,32.636,57.24,231.97,26.52,20.46,1.2,16.58,14.42,412.38,3518.09,1.445,45.1,7,0
2026-03-15 20:00:00,0.5191,23.54,36.85,31.53,40.2,132.057,32.327,56.73,231.76,33.37,20.59,1.58,18.68,11.12,408.55,3543.41,1.517,0.8,7,0
2026-03-15 21:00:00,0.4879,25.12,37.18,32.35,40.08,130.482,33.243,53.97,211.83,32.14,21.14,0.63,13.25,10.87,396.47,3522.87,1.394,38.3,7,0
2026-03-15 22:00:00,0.4753,22.62,34.17,29.55,37.76,131.626,32.714,52.12,209.71,30.24,23.06,0.96,15.28,11.99,424.64,3511.52,1.356,158.5,7,0
2026-03-15 23:00:00,0.4,22.69,31.46,27.95,34.21,132.674,32.839,43.51,175.8,30.69,20.64,0.98,13.12,13.44,368.97,3564.69,1.534,157.1,7,0
2026-03-16 00:00:00,0.5349,21.88,35.85,30.26,40.55,132.388,32.424,58.32,238.11,26.0,19.75,1.01,11.06,11.61,390.57,3581.86,1.746,43.4,7,0
2026-03-16 01:00:00,0.4725,19.65,31.1,26.52,33.58,132.804,33.27,51.35,204.98,26.13,20.9,1.78,13.52,12.26,407.26,3614.29,1.157,33.8,7,0
2026-03-16 02:00:00,0.5093,18.16,31.07,25.91,36.4,131.349,33.092,55.96,222.12,29.82,20.11,0.96,13.95,8.64,399.76,3437.08,1.467,65.3,7,0
2026-03-16 03:00:00,0.5192,17.32,30.63,25.31,36.94,132.845,33.082,56.41,226.53,31.72,20.14,0.25,14.07,12.93,411.04,3523.59,1.379,5.1,7,0
2026-03-16 04:00:00,0.5419,15.98,30.23,24.53,36.25,131.971,33.08,59.27,236.45,31.87,16.6,0.95,14.49,12.4,379.63,3375.21,1.334,42.0,7,0
2026-03-16 05:00:00,0.5582,13.97,28.92,22.94,35.09,133.051,32.456,60.55,248.23,29.09,21.18,0.97,15.1,13.4,396.73,3465.12,1.156,14.6,7,0
2026-03-16 06:00:00,0.5469,13.99,28.45,22.67,33.72,132.002,32.74,59.8,241.09,32.42,22.48,0.94,12.7,9.27,417.8,3487.88,1.528,34.8,7,0
2026-03-16 07:00:00,0.5576,14.41,29.33,23.36,33.94,130.649,32.881,61.6,244.75,34.44,22.18,0.79,15.79,11.61,378.14,3562.91,1.406,23.1,7,0
2026-03-16 08:00:00,0.6501,15.23,34.31,26.68,41.56,132.561,32.802,70.79,286.06,29.92,22.04,0.61,17.52,13.51,396.94,3494.22,1.444,16.0,7,0
2026-03-16 09:00:00,0.6536,14.69,33.94,26.24,42.89,131.707,32.928,71.63,286.51,31.11,20.03,1.66,17.75,11.23,392.58,3557.47,1.707,176.5,7,0
2026-03-16 10:00:00,0.7032,12.04,33.67,25.02,41.8,131.752,33.065,77.04,306.99,29.56,20.43,1.1,14.57,12.14,406.0,3476.04,1.486,4.4,7,0
2026-03-16 11:00:00,0.6833,16.07,36.74,28.47,44.31,131.041,33.266,75.27,296.49,29.8,22.52,0.95,16.88,11.45,406.44,3457.43,1.469,135.9,7,0
2026-03-16 12:00:00,0.6525,15.91,35.1,27.43,43.23,133.071,32.609,70.77,288.81,30.69,21.87,1.65,13.73,11.49,402.0,3439.48,1.326,66.4,7,0
2026-03-16 13:00:00,0.727,18.13,40.95,31.82,50.87,131.656,32.998,79.71,318.02,35.29,23.11,0.75,14.4,13.82,396.2,3558.91,1.427,14.8,7,0
2026-03-16 14:00:00,0.6835,18.95,39.63,31.36,46.89,133.04,33.188,74.16,297.28,32.93,18.79,1.19,15.89,9.93,401.5,3473.38,1.762,48.2,7,0
2026-03-16 15:00:00,0.6949,20.07,41.3,32.81,49.3,131.715,32.756,76.15,306.21,32.66,18.78,0.63,14.42,11.99,398.08,3309.54,1.639,75.8,7,0
2026-03-16 16:00:00,0.6493,21.37,40.41,32.79,47.18,131.388,32.949,71.33,284.45,28.82,19.47,1.23,12.56,12.45,400.06,3554.52,1.718,29.3,7,0
2026-03-16 17:00:00,0.6974,22.48,43.83,35.29,52.15,132.871,33.123,75.76,303.89,27.49,18.25,0.67,16.76,13.48,422.4,3429.32,1.423,104.2,7,0
2026-03-16 18:00:00,0.5976,24.64,41.32,34.65,48.27,131.952,33.003,65.37,261.38,31.35,17.49,1.15,13.43,11.89,382.52,3519.12,1.553,7.3,7,0
2026-03-16 19:00:00,0.5879,23.78,40.02,33.53,45.26,131.958,33.178,64.31,255.77,33.91,21.07,1.6,14.05,13.52,405.67,3413.34,1.651,19.9,7,0
2026-03-16 20:00:00,0.5754,25.05,40.75,34.47,47.25,131.154,33.025,63.32,251.48,35.35,20.94,1.04,17.21,11.99,386.42,3504.84,1.575,15.5,7,0
2026-03-16 21:00:00,0.5153,24.74,37.89,32.63,42.49,131.698,32.918,56.47,225.95,22.83,20.63,0.35,16.17,12.25,429.88,3274.04,1.695,90.1,7,0
2026-03-16 22:00:00,0.5373,23.97,38.03,32.4,44.8,132.283,32.69,58.62,237.22,37.52,20.85,1.02,15.44,12.19,401.89,3500.98,1.529,8.4,7,0
2026-03-16 23:00:00,0.5598,20.72,35.74,29.73,41.32,131.143,33.065,61.61,244.37,31.43,17.21,1.15,12.15,13.05,381.53,3433.66,1.48,58.6,7,0
2026-03-17 00:00:00,0.487,22.79,34.81,30.0,38.76,131.644,33.026,53.39,212.83,32.91,19.18,1.28,12.77,12.88,397.07,3402.25,1.09,70.1,7,0
2026-03-17 01:00:00,0.5101,20.01,32.96,27.78,37.84,131.723,32.738,55.9,224.92,24.96,19.55,1.45,15.89,10.4,378.67,3564.81,1.518,32.5,7,0
2026-03-17 02:00:00,0.4192,19.89,29.35,25.56,32.06,132.044,33.154,45.82,182.51,29.47,20.23,1.47,16.35,12.39,391.05,3494.18,1.499,133.0,7,0
2026-03-17 03:00:00,0.5105,16.91,29.87,24.68,32.86,132.977,33.335,55.41,221.05,32.65,17.22,0.97,15.6,12.88,409.79,3484.15,1.627,16.2,7,0
2026-03-17 04:00:00,0.5182,15.49,28.76,23.45,33.13,131.802,32.826,56.75,227.85,26.66,18.28,0.81,14.14,14.26,420.97,3445.73,1.34,25.7,7,0
2026-03-17 05:00:00,0.5237,17.62,31.12,25.72,35.57,131.544,32.808,57.47,230.41,21.52,19.27,0.67,14.08,10.56,416.76,3575.25,1.457,63.4,7,0
2026-03-17 06:00:00,0.6048,13.89,30.89,24.09,35.83,133.813,32.798,65.24,266.18,31.19,22.25,0.85,15.52,12.88,398.98,3468.9,1.264,41.2,7,0
2026-03-17 07:00:00,0.5885,15.49,31.76,25.25,37.59,131.714,32.557,64.49,260.91,30.03,20.66,1.15,12.59,11.55,409.1,3622.7,1.252,46.8,7,0
2026-03-17 08:00:00,0.6188,14.29,31.93,24.87,36.78,131.874,33.529,67.73,266.4,34.51,22.18,0.6,15.28,12.36,412.68,3602.05,1.586,19.1,7,0
2026-03-17 09:00:00,0.637,13.92,32.39,25.0,39.01,131.764,32.881,69.78,279.61,29.7,19.89,0.73,12.31,10.46,434.3,3617.71,1.708,5.4,7,0
2026-03-17 10:00:00,0.6115,14.8,32.1,25.18,38.65,131.817,32.773,66.96,269.31,29.92,20.14,1.18,12.99,12.05,391.49,3581.13,1.701,1.4,7,0
2026-03-17 11:00:00,0.6509,14.34,33.46,25.81,40.74,132.051,32.703,71.15,287.3,32.28,21.14,0.82,15.45,12.55,423.19,3455.19,1.591,3.0,7,0
2026-03-17 12:00:00,0.7237,16.66,39.31,30.25,47.89,132.608,32.898,78.77,317.53,33.29,19.78,1.12,16.26,10.61,384.17,3507.89,1.869,24.9,7,0
2026-03-17 13:00:00,0.635,16.8,35.17,27.82,41.96,132.267,32.816,69.29,279.29,28.06,18.89,0.76,15.78,14.24,418.25,3487.45,1.459,15.2,7,0
2026-03-17 14:00:00,0.6719,18.78,38.89,30.85,45.94,132.711,33.38,73.08,290.53,33.02,17.16,1.1,12.86,9.75,391.24,3570.75,1.671,5.9,7,0
2026-03-17 15:00:00,0.6729,21.39,41.55,33.49,49.26,132.689,32.67,73.2,297.29,28.62,18.94,0.78,11.35,12.88,390.3,3502.85,1.339,33.7,7,0
2026-03-17 16:00:00,0.7213,21.93,44.46,35.45,53.35,132.138,32.594,78.79,319.42,30.23,21.81,0.44,15.08,8.43,396.29,3484.24,1.089,26.7,7,0
2026-03-17 17:00:00,0.6713,21.23,41.31,33.28,48.26,132.248,33.146,73.27,292.35,32.2,22.66,1.3,11.29,11.69,388.92,3636.34,1.463,3.4,7,0
2026-03-17 18:00:00,0.6075,24.36,41.47,34.63,47.96,132.732,32.972,66.06,265.92,32.72,18.59,0.8,16.98,12.79,406.95,3477.51,1.486,114.2,7,0
2026-03-17 19:00:00,0.6374,24.0,42.48,35.09,49.6,131.267,32.941,70.09,279.3,31.14,16.67,0.93,12.93,13.14,418.95,3453.75,1.554,66.8,7,0
2026-03-17 20:00:00,0.5502,23.63,38.24,32.4,43.25,133.649,33.148,59.42,239.57,26.94,21.99,0.8,19.56,11.91,368.88,3471.55,1.447,41.8,7,0
2026-03-17 21:00:00,0.5786,24.75,40.58,34.25,48.21,131.662,33.036,63.43,252.78,24.57,20.28,1.17,13.17,11.71,397.94,3589.41,1.543,26.9,7,0
2026-03-17 22:00:00,0.4868,23.34,35.35,30.54,39.26,131.768,32.988,53.32,213.0,29.62,17.45,1.11,16.02,12.92,384.26,3518.74,1.704,45.7,7,0
2026-03-17 23:00:00,0.5439,21.54,35.89,30.15,40.69,131.2,32.629,59.83,240.59,33.1,13.92,1.17,13.62,13.5,414.13,3540.39,1.583,9.2,7,0
2026-03-18 00:00:00,0.4897,23.73,35.85,31.0,39.59,131.22,32.56,53.87,217.1,31.53,18.21,0.84,14.76,14.14,421.86,3522.6,1.33,16.3,7,0
2026-03-18 01:00:00,0.4676,20.66,31.92,27.42,34.86,132.643,32.815,50.89,205.7,30.91,19.21,0.99,15.46,10.13,397.94,3328.29,1.057,140.1,7,0
2026-03-18 02:00:00,0.4954,19.3,31.65,26.71,36.37,133.498,32.714,53.56,218.58,30.16,17.84,1.13,16.81,11.77,390.01,3418.21,1.286,1.4,7,0
2026-03-18 03:00:00,0.5202,17.68,31.04,25.7,35.09,131.626,33.071,57.05,227.05,31.11,21.52,1.47,17.13,8.78,376.33,3481.42,1.662,103.0,7,0
2026-03-18 04:00:00,0.513,18.06,31.12,25.9,35.14,132.229,32.525,55.99,227.63,27.2,18.51,1.1,16.55,10.02,429.79,3528.9,1.381,63.2,7,0
2026-03-18 05:00:00,0.5651,15.32,30.57,24.47,35.57,132.145,32.882,61.73,248.06,32.53,20.16,0.71,17.17,11.01,420.34,3424.98,1.584,18.3,7,0
2026-03-18 06:00:00,0.5551,13.51,28.32,22.4,32.78,132.66,32.954,60.4,243.14,32.73,24.89,1.09,13.86,13.37,370.88,3422.51,1.574,100.8,7,0
2026-03-18 07:00:00,0.6171,13.87,31.43,24.4,36.5,133.464,32.99,66.74,270.0,29.12,20.37,0.96,16.39,11.35,410.39,3478.74,1.5,72.3,7,0
2026-03-18 08:00:00,0.6377,15.71,34.21,26.81,40.75,133.004,33.105,69.2,278.01,31.5,19.91,0.41,14.41,11.64,383.88,3609.83,1.506,85.2,7,0
2026-03-18 09:00:00,0.6467,15.38,34.3,26.73,42.11,131.842,32.914,70.8,283.59,25.04,19.95,0.46,17.07,12.52,392.93,3331.5,1.424,47.9,7,0
2026-03-18 10:00:00,0.656,14.8,34.15,26.41,41.62,132.349,32.824,71.54,288.45,30.73,21.48,0.99,15.32,11.06,381.83,3291.61,1.862,24.9,7,0
2026-03-18 11:00:00,0.6897,17.22,38.19,29.8,47.52,132.415,33.329,75.18,298.67,29.79,21.23,1.01,16.33,9.08,370.55,3642.56,1.401,53.4,7,0
2026-03-18 12:00:00,0.7116,17.63,39.68,30.86,48.89,131.987,32.916,77.82,312.04,33.96,18.13,0.92,15.68,10.95,399.88,3381.3,1.724,106.1,7,0
2026-03-18 13:00:00,0.7604,17.82,42.33,32.53,52.58,131.277,33.375,83.6,328.84,29.59,19.32,1.27,16.61,11.89,428.99,3471.31,1.705,10.9,7,0
2026-03-18 14:00:00,0.7233,19.21,41.84,32.79,52.24,131.473,32.914,79.41,317.18,32.79,18.81,0.73,13.48,12.77,386.67,3383.68,1.654,69.2,7,0
2026-03-18 15:00:00,0.7144,21.0,43.19,34.32,51.79,132.758,32.996,77.67,312.5,29.01,19.58,0.59,11.95,11.76,413.93,3479.54,1.539,35.1,7,0
2026-03-18 16:00:00,0.7619,21.05,45.64,35.8,55.56,132.826,32.963,82.79,333.6,23.33,23.79,0.76,17.07,12.75,416.29,3492.86,1.359,20.4,7,0
2026-03-18 17:00:00,0.664,22.92,42.66,34.76,50.14,131.863,33.061,72.68,289.88,29.51,21.38,0.83,17.78,13.46,411.39,3632.6,1.36,3.0,7,0
2026-03-18 18:00:00,0.6389,24.02,42.58,35.15,50.75,132.172,32.889,69.77,280.4,30.78,19.98,0.99,14.86,13.75,430.51,3561.4,1.403,5.8,7,0
2026-03-18 19:00:00,0.6196,22.52,40.19,33.12,46.72,132.79,33.025,67.35,270.81,30.64,22.63,0.77,16.72,12.33,414.89,3401.1,1.565,217.6,7,0
2026-03-18 20:00:00,0.5424,24.19,38.47,32.76,42.95,130.875,33.404,59.81,234.35,30.69,20.52,0.37,11.84,10.36,427.63,3351.12,1.605,70.9,7,0
2026-03-18 21:00:00,0.5352,23.91,37.88,32.29,43.22,131.705,33.277,58.65,232.14,28.67,16.86,0.24,13.85,10.2,383.36,3543.73,1.515,35.7,7,0
2026-03-18 22:00:00,0.5126,24.74,37.78,32.57,41.6,133.332,33.279,55.49,222.33,29.22,23.47,1.05,15.26,10.34,411.74,3462.19,1.495,19.5,7,0
2026-03-18 23:00:00,0.5313,21.07,34.89,29.36,40.11,132.198,32.646,58.01,234.92,26.81,19.83,0.67,11.62,10.46,423.23,3445.91,1.622,52.9,7,0
2026-03-19 00:00:00,0.4969,21.71,34.12,29.15,38.64,131.255,32.688,54.64,219.4,24.2,15.63,0.41,12.04,12.22,388.98,3598.54,1.135,181.3,7,0
2026-03-19 01:00:00,0.5029,20.4,33.05,27.99,37.2,132.077,33.057,54.95,219.56,29.87,16.94,1.2,15.41,14.9,348.27,3363.25,1.12,79.8,7,0
2026-03-19 02:00:00,0.5347,20.55,34.5,28.92,39.82,132.674,33.203,58.17,232.45,27.95,22.4,1.47,13.88,12.39,381.55,3474.46,1.235,1.7,7,0
2026-03-19 03:00:00,0.538,18.25,32.34,26.71,36.07,130.319,32.863,59.59,236.29,33.43,16.97,0.98,14.4,11.94,389.69,3554.23,1.608,1.0,7,0
2026-03-19 04:00:00,0.5231,18.88,32.36,26.97,37.14,132.116,32.816,57.15,230.1,23.64,22.84,1.09,14.28,13.51,408.98,3409.34,1.16,71.6,7,0
2026-03-19 05:00:00,0.5286,16.71,30.42,24.94,34.8,131.754,33.368,57.91,228.66,31.06,20.3,1.09,12.53,10.83,392.07,3607.62,1.463,4.7,7,0
2026-03-19 06:00:00,0.6069,14.85,31.94,25.1,40.49,130.916,33.181,66.91,263.99,36.55,21.57,0.32,14.66,13.63,400.61,3422.84,1.367,17.6,7,0
2026-03-19 07:00:00,0.6219,15.0,32.77,25.66,39.47,132.054,33.279,67.98,269.74,29.64,19.63,1.28,15.07,13.52,391.5,3498.14,1.534,55.2,7,0
2026-03-19 08:00:00,0.5764,14.23,29.97,23.68,35.14,131.91,32.883,63.07,253.0,30.18,21.19,1.38,13.93,12.16,398.64,3448.31,1.467,4.4,7,0
2026-03-19 09:00:00,0.6393,15.62,34.19,26.76,40.04,131.984,32.863,69.91,280.79,31.47,20.77,1.56,14.09,15.21,399.57,3284.57,1.557,40.4,7,0
2026-03-19 10:00:00,0.6744,13.92,34.16,26.06,42.93,131.77,33.251,73.87,292.74,31.7,20.06,0.88,14.69,13.74,391.08,3470.13,1.477,15.0,7,0
2026-03-19 11:00:00,0.7087,15.23,37.13,28.37,45.39,131.326,32.931,77.89,310.62,28.96,18.01,0.67,16.73,12.14,412.89,3567.16,1.66,9.2,7,0
2026-03-19 12:00:00,0.7226,17.54,40.14,31.1,48.38,131.04,32.839,79.59,317.61,27.16,20.86,1.42,14.91,11.86,421.27,3421.02,1.781,148.3,7,0
2026-03-19 13:00:00,0.7072,19.52,41.35,32.62,50.12,131.544,32.759,77.6,311.61,32.15,16.51,1.16,11.24,11.42,383.33,3453.53,1.743,21.0,7,0
2026-03-19 14:00:00,0.7129,17.38,39.49,30.65,48.65,132.567,32.865,77.61,313.07,24.47,22.0,1.27,12.71,11.87,403.83,3462.47,1.502,100.2,7,0
2026-03-19 15:00:00,0.6872,22.26,43.11,34.77,51.64,132.154,33.231,75.06,298.5,32.69,20.54,0.82,16.96,11.92,379.13,3546.67,1.414,0.3,7,0
2026-03-19 16:00:00,0.6492,21.95,40.98,33.37,48.16,131.954,32.601,71.01,287.42,29.01,21.07,1.09,13.72,11.59,374.28,3475.01,1.554,39.5,7,0
2026-03-19 17:00:00,0.6409,21.24,39.89,32.43,47.0,131.314,33.166,70.44,278.9,30.2,14.91,0.69,14.92,11.75,416.12,3505.65,1.817,138.2,7,0
2026-03-19 18:00:00,0.6252,20.92,38.84,31.67,45.67,131.753,32.813,68.49,274.99,28.61,17.89,1.01,18.94,10.28,430.68,3506.69,1.505,120.2,7,0
2026-03-19 19:00:00,0.5977,22.89,39.56,32.89,45.91,132.487,32.944,65.11,261.85,34.48,19.13,0.91,16.36,11.22,395.64,3461.92,1.625,39.6,7,0
2026-03-19 20:00:00,0.5163,24.57,37.76,32.48,42.63,132.333,32.961,56.31,226.07,30.94,21.49,1.71,10.8,9.68,428.07,3638.97,1.576,116.4,7,0
2026-03-19 21:00:00,0.5368,24.35,38.39,32.78,44.17,131.685,32.942,58.84,235.2,29.22,18.26,1.17,17.98,12.69,390.85,3421.78,1.584,13.5,7,0
2026-03-19 22:00:00,0.5297,24.55,38.3,32.8,43.11,130.276,32.924,58.69,232.21,29.14,25.24,0.36,15.39,12.19,397.05,3560.04,1.656,104.4,7,0
2026-03-19 23:00:00,0.5037,22.57,35.26,30.18,38.91,131.555,32.883,55.26,221.08,29.75,19.62,1.01,15.83,11.89,425.59,3605.87,1.254,62.5,7,0
2026-03-20 00:00:00,0.4949,21.19,33.52,28.58,37.56,131.681,32.849,54.25,217.45,37.38,18.11,1.12,15.7,13.4,386.88,3492.74,1.303,10.3,7,0
2026-03-20 01:00:00,0.5135,20.67,33.76,28.52,38.84,131.401,33.348,56.41,222.27,26.24,19.77,0.87,16.92,10.78,414.32,3508.67,1.464,79.3,7,0
2026-03-20 02:00:00,0.4699,19.83,31.18,26.64,33.5,131.727,33.007,51.49,205.5,33.44,18.24,0.68,14.94,11.01,395.35,3546.24,1.62,9.3,7,0
2026-03-20 03:00:00,0.4634,18.73,29.83,25.39,32.06,132.539,32.967,50.47,202.91,31.89,17.77,1.21,12.13,9.85,389.76,3474.11,1.616,11.3,7,0
2026-03-20 04:00:00,0.5177,16.5,29.76,24.46,35.05,131.975,32.83,56.62,227.62,34.81,22.16,0.72,15.74,13.61,392.94,3352.12,1.452,89.9,7,0
2026-03-20 05:00:00,0.5718,17.16,32.7,26.48,39.47,132.653,32.892,62.22,250.92,32.08,21.17,1.18,12.33,12.98,368.05,3483.86,1.636,23.7,7,0
2026-03-20 06:00:00,0.6236,14.84,32.69,25.55,38.29,131.004,32.831,68.71,274.18,30.2,21.18,0.7,18.73,14.07,419.49,3635.48,1.449,50.5,7,0
2026-03-20 07:00:00,0.6224,14.09,31.89,24.77,38.55,131.799,33.202,68.16,270.55,33.25,22.7,0.85,14.37,14.45,403.97,3549.32,1.387,0.7,7,0
2026-03-20 08:00:00,0.5807,14.25,30.18,23.81,35.59,130.72,32.801,64.12,255.54,30.88,21.12,1.3,14.99,11.44,398.35,3509.99,1.291,53.5,7,0
2026-03-20 09:00:00,0.6419,16.04,34.73,27.26,41.53,131.718,32.407,70.34,285.91,32.46,18.01,1.16,13.74,11.0,390.18,3564.32,1.5,40.7,7,0
2026-03-20 10:00:00,0.6773,15.33,35.7,27.55,43.75,131.31,33.015,74.45,296.1,34.48,21.56,1.02,15.77,9.38,405.25,3492.27,1.487,78.8,7,0
2026-03-20 11:00:00,0.6908,15.56,36.59,28.18,43.67,132.846,32.926,75.06,302.83,30.47,17.89,1.0,16.0,10.42,413.82,3506.18,1.696,15.8,7,0
2026-03-20 12:00:00,0.7117,18.22,40.27,31.45,47.99,132.27,32.845,77.66,312.74,28.92,19.19,1.04,13.74,11.58,396.46,3469.33,1.64,77.7,7,0
2026-03-20 13:00:00,0.6714,20.64,40.73,32.69,48.15,132.67,33.241,73.04,291.53,28.26,20.05,0.77,16.0,8.98,415.03,3542.03,1.544,75.4,7,0
2026-03-20 14:00:00,0.6974,20.0,41.35,32.81,49.51,131.717,32.278,76.43,311.87,31.54,19.85,0.55,15.23,10.46,404.7,3460.94,1.557,29.6,7,0
2026-03-20 15:00:00,0.6981,22.32,43.7,35.15,51.09,131.327,33.416,76.73,301.54,27.56,16.56,1.18,14.9,11.95,399.17,3478.61,1.486,37.1,7,0
2026-03-20 16:00:00,0.6944,23.33,44.53,36.05,53.36,131.306,33.278,76.33,301.17,29.14,18.21,1.47,13.59,13.41,414.26,3574.15,1.28,58.3,7,0
2026-03-20 17:00:00,0.6247,22.72,40.62,33.46,46.93,132.175,32.834,68.22,274.62,27.29,20.1,1.19,19.72,11.0,392.96,3488.29,1.335,31.8,7,0
2026-03-20 18:00:00,0.6144,24.15,41.58,34.61,47.66,133.195,32.881,66.58,269.71,31.72,18.92,1.09,17.46,12.26,381.8,3549.06,1.625,19.3,7,0
2026-03-20 19:00:00,0.5178,23.34,36.6,31.29,41.38,132.272,33.133,56.5,225.56,27.94,22.4,0.65,16.55,14.87,399.78,3555.67,1.438,14.2,7,0
2026-03-20 20:00:00,0.5544,24.59,39.37,33.46,44.5,131.753,33.14,60.73,241.45,26.33,22.74,1.27,17.35,9.36,401.11,3497.71,1.28,56.0,7,0
2026-03-20 21:00:00,0.5332,24.0,37.89,32.33,43.39,131.875,32.833,58.35,234.39,26.86,17.9,1.15,15.7,13.7,397.24,3475.88,1.672,89.0,7,0
2026-03-20 22:00:00,0.4976,23.72,36.16,31.18,39.62,131.979,32.573,54.42,220.49,28.48,20.26,1.24,14.4,12.64,418.43,3398.26,1.704,36.6,7,0
2026-03-20 23:00:00,0.5173,22.58,35.81,30.52,39.24,133.338,33.558,55.99,222.48,28.75,23.31,1.32,9.81,13.97,408.08,3416.14,1.639,40.3,7,0
2026-03-21 00:00:00,0.4254,22.21,31.89,28.02,34.72,132.814,33.252,46.23,184.66,30.95,19.88,1.49,12.66,13.52,398.85,3552.58,1.476,94.8,7,0
2026-03-21 01:00:00,0.3564,21.83,29.12,26.2,31.33,132.172,33.041,38.92,155.7,29.71,19.33,0.68,19.43,11.08,400.49,3551.1,1.421,103.3,7,0
2026-03-21 02:00:00,0.4336,19.88,29.86,25.87,32.06,132.072,33.046,47.38,189.37,31.3,21.86,0.62,17.42,12.07,401.79,3424.66,1.413,1.3,7,0
2026-03-21 03:00:00,0.4077,16.84,25.89,22.27,27.6,132.198,33.164,44.52,177.46,31.54,19.6,1.05,15.5,9.88,408.47,3535.56,1.428,26.5,7,0
2026-03-21 04:00:00,0.4637,16.75,27.86,23.42,31.66,132.326,33.196,50.58,201.61,32.41,22.69,0.73,11.94,11.29,401.37,3521.16,1.526,129.7,7,0
2026-03-21 05:00:00,0.4282,14.95,24.73,20.82,27.24,131.727,32.449,46.92,190.49,24.47,18.96,0.68,16.37,12.12,398.26,3578.69,1.52,146.8,7,0
2026-03-21 06:00:00,0.4881,15.91,27.98,23.15,30.86,131.443,32.907,53.6,214.09,26.81,19.2,1.38,14.54,12.53,380.57,3677.09,1.512,104.2,7,0
2026-03-21 07:00:00,0.5007,15.67,28.24,23.21,33.27,132.681,32.88,54.47,219.8,31.86,21.72,0.71,16.49,13.26,389.93,3549.84,0.959,37.4,7,0
2026-03-21 08:00:00,0.5403,15.26,29.45,23.77,33.9,132.015,32.957,59.07,236.62,30.83,20.35,1.01,12.87,14.45,404.73,3448.59,1.643,39.4,7,0
2026-03-21 09:00:00,0.5554,14.38,29.22,23.28,35.38,132.626,33.203,60.45,241.46,33.12,20.36,0.52,14.12,11.42,403.4,3563.33,1.508,10.4,7,1
2026-03-21 10:00:00,0.5617,15.92,31.02,24.98,36.4,133.086,32.527,60.91,249.23,29.13,16.56,1.03,16.87,13.79,378.3,3420.5,1.277,47.9,7,1
2026-03-21 11:00:00,0.5367,15.99,30.04,24.42,35.17,132.344,32.644,58.54,237.32,35.91,19.91,1.36,18.95,12.47,392.15,3681.57,1.498,55.1,7,1
2026-03-21 12:00:00,0.547,16.36,30.83,25.05,35.75,132.237,32.82,59.7,240.56,40.02,22.59,1.37,13.78,10.11,386.63,3405.75,1.519,120.8,7,1
2026-03-21 13:00:00,0.5767,19.45,35.2,28.9,38.73,134.112,33.041,62.07,251.92,44.98,19.53,1.32,13.1,11.85,421.05,3538.95,1.253,90.2,7,1
2026-03-21 14:00:00,0.5911,20.82,37.2,30.65,42.23,132.137,33.22,64.56,256.81,48.16,22.74,0.99,17.14,12.25,404.35,3504.02,1.399,106.1,7,1
2026-03-21 15:00:00,0.5646,22.24,37.47,31.38,42.79,131.28,33.431,62.07,243.75,53.03,22.11,1.34,12.58,10.82,407.04,3470.77,1.316,134.9,7,1
2026-03-21 16:00:00,0.5881,21.89,38.14,31.64,44.31,131.814,32.924,64.39,257.8,54.85,21.41,1.14,12.72,10.51,399.58,3465.74,1.348,290.8,7,1
2026-03-21 17:00:00,0.5433,24.71,39.03,33.31,42.62,133.024,33.219,58.95,236.08,62.88,24.77,0.88,15.63,10.46,391.19,3612.81,1.557,199.0,7,1
2026-03-21 18:00:00,0.5023,23.84,36.46,31.41,40.71,131.146,33.187,55.28,218.44,67.41,21.61,1.12,19.27,11.26,393.9,3549.19,1.358,250.9,7,1
2026-03-21 19:00:00,0.5009,25.48,38.05,33.03,41.42,131.503,33.143,54.97,218.13,62.55,21.99,1.28,13.4,10.78,407.97,3491.69,1.464,229.1,7,1
2026-03-21 20:00:00,0.494,24.49,36.78,31.87,41.12,132.73,32.994,53.72,216.1,69.61,22.34,0.61,14.36,13.92,396.68,3642.45,1.558,261.3,7,1
2026-03-21 21:00:00,0.4765,24.61,36.21,31.57,40.05,131.821,32.895,52.17,209.06,75.45,23.16,0.69,15.32,8.4,408.13,3494.38,1.373,271.7,7,1
2026-03-21 22:00:00,0.5055,21.91,34.66,29.56,39.6,131.927,32.719,55.3,222.98,78.38,24.77,0.97,14.15,12.24,402.73,3562.67,1.569,266.1,7,1
2026-03-21 23:00:00,0.4155,23.23,32.56,28.83,36.35,132.708,32.701,45.19,183.41,78.97,20.53,0.64,11.56,12.87,405.02,3396.65,1.611,296.3,7,1
2026-03-22 00:00:00,0.425,22.8,32.46,28.6,35.9,131.527,33.092,46.64,185.39,84.53,25.45,0.64,16.7,10.63,405.78,3400.92,1.539,311.4,7,1
2026-03-22 01:00:00,0.4371,21.09,31.2,27.16,35.14,131.031,32.986,48.15,191.28,82.59,24.09,0.88,15.47,11.72,392.69,3560.66,1.509,381.7,7,1
2026-03-22 02:00:00,0.4265,21.96,31.68,27.8,34.5,131.083,32.89,46.97,187.18,90.85,25.3,1.31,15.83,11.56,395.92,3528.53,1.541,389.2,7,1
2026-03-22 03:00:00,0.4207,17.75,27.26,23.46,32.53,132.384,33.176,45.87,183.04,90.1,29.22,1.3,14.81,11.96,414.22,3675.62,1.47,503.9,7,1
2026-03-22 04:00:00,0.4028,17.14,26.01,22.46,27.79,132.171,32.947,43.98,176.44,99.58,23.65,1.11,18.12,13.07,427.98,3447.46,1.529,394.5,7,1
2026-03-22 05:00:00,0.4515,15.77,26.41,22.15,29.46,131.543,32.759,49.54,198.94,98.28,22.46,1.06,14.09,12.93,414.35,3557.95,1.25,392.2,7,1
2026-03-22 06:00:00,0.4551,15.31,26.1,21.78,30.34,131.235,32.93,50.06,199.49,105.68,25.53,1.64,12.94,11.17,358.75,3484.23,1.416,493.5,7,1
2026-03-22 07:00:00,0.4575,16.41,27.28,22.93,31.45,131.821,33.217,50.1,198.82,109.72,26.09,0.85,18.42,9.82,389.21,3571.75,1.488,472.1,7,1
2026-03-22 08:00:00,0.5075,16.68,29.52,24.39,34.29,132.737,32.73,55.18,223.79,112.57,27.37,1.08,10.7,12.32,402.3,3565.4,1.442,599.7,7,1
2026-03-22 09:00:00,0.5204,14.68,28.04,22.69,33.19,131.448,33.055,57.15,227.25,114.01,24.78,0.83,14.79,11.09,384.11,3501.69,1.836,605.7,7,1
2026-03-22 10:00:00,0.587,15.15,31.35,24.87,35.54,131.563,32.985,64.4,256.84,118.85,24.44,0.62,14.95,11.28,383.41,3444.65,1.465,486.5,7,1
2026-03-22 11:00:00,0.601,15.51,32.34,25.61,39.75,131.214,32.799,66.11,264.47,126.6,23.27,1.37,14.87,12.41,394.3,3476.76,1.233,512.9,7,1
2026-03-22 12:00:00,0.5643,19.01,34.23,28.14,39.48,131.758,32.923,61.82,247.41,125.35,23.84,0.92,12.0,11.42,405.76,3414.87,1.49,517.0,7,1
2026-03-22 13:00:00,0.5865,20.03,36.22,29.74,43.06,132.223,32.585,64.03,259.81,130.26,25.98,1.22,12.73,12.53,409.85,3533.08,1.618,586.3,7,1
2026-03-22 14:00:00,0.5357,20.1,34.1,28.5,37.35,133.396,33.029,57.96,234.1,132.1,26.82,0.94,17.01,15.84,395.07,3279.19,1.337,640.7,7,1
2026-03-22 15:00:00,0.5681,20.1,35.48,29.33,41.17,132.144,32.64,62.05,251.23,140.4,31.42,1.38,17.87,13.1,393.92,3457.41,1.479,598.7,7,1
2026-03-22 16:00:00,0.5814,21.4,37.36,30.97,42.65,131.965,33.283,63.59,252.14,141.14,24.14,0.71,14.26,14.09,387.93,3576.23,1.48,625.2,7,1
2026-03-22 17:00:00,0.5766,23.91,39.66,33.36,45.77,132.57,32.976,62.78,252.38,142.19,28.44,1.36,13.24,12.84,408.19,3574.32,1.479,734.7,7,1
2026-03-22 18:00:00,0.5099,25.09,38.02,32.85,42.7,132.46,32.849,55.57,224.07,148.07,26.55,1.28,11.53,12.19,407.18,3374.94,1.365,656.9,7,1
2026-03-22 19:00:00,0.5409,22.97,37.19,31.5,42.45,131.619,33.306,59.32,234.4,150.9,28.69,0.47,16.98,12.86,414.19,3550.54,1.635,650.0,7,1
2026-03-22 20:00:00,0.4419,24.89,35.17,31.06,37.64,133.519,32.728,47.77,194.88,159.37,27.37,0.85,17.1,12.79,402.53,3412.62,1.746,844.2,7,1
2026-03-22 21:00:00,0.4294,26.65,36.48,32.55,39.57,131.984,32.803,46.96,188.95,158.63,30.79,1.32,9.48,13.37,380.92,3473.65,1.289,686.4,7,1
2026-03-22 22:00:00,0.4705,24.32,35.69,31.14,39.31,132.156,32.517,51.39,208.86,158.19,31.01,1.5,10.25,12.16,395.35,3565.19,1.239,903.9,7,1
2026-03-22 23:00:00,0.4859,25.23,37.2,32.42,41.61,132.364,33.346,52.98,210.31,167.41,28.97,1.22,15.37,10.11,413.44,3425.9,1.377,822.5,7,1
2026-03-23 00:00:00,0.5176,23.56,36.81,31.51,42.16,132.228,33.494,56.5,223.04,174.84,32.31,0.89,15.63,9.87,374.56,3618.07,1.67,759.7,7,1
2026-03-23 01:00:00,0.4982,20.62,33.08,28.1,37.42,133.007,32.558,54.06,220.84,176.64,31.19,0.72,14.14,12.77,399.32,3524.47,1.41,764.1,7,1
2026-03-23 02:00:00,0.4369,20.12,30.22,26.18,32.45,131.611,32.785,47.92,192.36,173.32,32.69,1.18,15.03,10.38,404.87,3540.94,1.473,831.0,7,1
2026-03-23 03:00:00,0.4521,18.99,29.66,25.39,33.22,132.517,33.018,49.24,197.63,179.39,30.06,0.88,14.6,13.1,430.64,3590.1,1.289,800.2,7,1
2026-03-23 04:00:00,0.5325,16.96,30.83,25.28,37.74,132.109,32.864,58.18,233.89,30.1,22.05,0.89,15.15,14.08,391.57,3575.16,1.734,14.7,7,0
2026-03-23 05:00:00,0.5386,15.91,30.03,24.38,36.28,132.649,32.992,58.61,235.65,30.14,18.61,0.94,13.3,11.74,398.76,3568.18,1.425,50.0,7,0
2026-03-23 06:00:00,0.5403,17.59,31.78,26.1,34.36,131.858,32.969,59.14,236.55,31.34,18.41,1.27,15.07,13.89,425.9,3451.31,1.508,43.2,7,0
2026-03-23 07:00:00,0.6013,14.61,31.45,24.71,37.64,131.769,33.108,65.87,262.16,29.16,24.51,1.55,13.75,12.46,391.76,3415.05,1.381,115.0,7,0
2026-03-23 08:00:00,0.6287,16.49,34.58,27.34,42.04,132.483,32.746,68.5,277.12,27.45,17.98,1.32,13.58,12.11,416.71,3481.35,1.381,76.7,7,0
2026-03-23 09:00:00,0.6777,15.15,35.54,27.38,43.2,132.236,33.051,73.97,295.96,33.05,19.28,1.01,11.36,12.18,406.48,3541.88,1.538,29.9,7,0
2026-03-23 10:00:00,0.6742,16.06,36.28,28.19,43.64,131.459,32.705,74.02,297.53,26.83,16.35,0.74,14.75,10.83,397.27,3401.09,1.553,39.6,7,0
2026-03-23 11:00:00,0.7228,17.44,40.05,31.0,48.71,132.888,32.891,78.51,317.2,27.79,18.46,1.21,16.7,10.64,407.36,3550.56,1.691,19.4,7,0
2026-03-23 12:00:00,0.6962,17.31,38.6,30.09,47.29,132.483,32.541,75.85,308.8,26.81,18.16,1.51,14.45,9.61,398.38,3533.89,1.295,27.5,8,0
2026-03-23 13:00:00,0.6959,19.69,40.96,32.45,48.28,131.951,32.893,76.12,305.37,32.03,18.81,1.31,14.39,10.97,434.46,3489.39,1.405,92.3,8,0
2026-03-23 14:00:00,0.7279,18.37,41.23,32.08,51.19,131.691,32.849,79.78,319.83,30.52,20.75,1.07,17.61,15.28,369.61,3508.86,1.461,111.1,8,0
2026-03-23 15:00:00,0.6566,22.15,41.53,33.78,48.82,132.24,33.249,71.67,285.04,32.85,21.23,0.86,17.15,9.83,396.35,3509.15,1.546,32.8,8,0
2026-03-23 16:00:00,0.7545,20.44,44.66,34.97,53.59,132.436,32.984,82.23,330.17,27.84,18.13,1.11,18.57,10.31,396.79,3539.28,1.408,1.9,8,0
2026-03-23 17:00:00,0.6606,23.72,43.3,35.47,51.62,130.948,33.032,72.82,288.67,26.44,18.57,1.36,19.61,10.87,398.58,3563.66,1.516,8.2,8,0
2026-03-23 18:00:00,0.6367,25.6,44.05,36.67,49.7,132.248,32.994,69.49,278.52,28.87,22.32,1.08,15.22,10.94,416.8,3733.67,1.422,40.2,8,0
2026-03-23 19:00:00,0.6151,25.86,43.33,36.34,49.32,132.431,32.438,67.04,273.71,29.65,23.56,0.98,12.78,12.48,393.89,3517.48,1.487,4.3,8,0
2026-03-23 20:00:00,0.6298,24.11,42.25,35.0,48.53,130.447,32.473,69.69,279.94,30.83,22.66,0.8,14.06,11.16,407.97,3452.43,1.399,67.1,8,0
2026-03-23 21:00:00,0.5731,24.07,39.67,33.43,46.97,132.129,32.916,62.61,251.33,25.15,16.86,1.79,16.24,11.78,404.07,3351.46,1.335,32.2,8,0
2026-03-23 22:00:00,0.4805,24.05,35.82,31.11,39.19,132.458,33.074,52.36,209.7,31.63,22.53,0.74,17.98,10.8,413.17,3391.32,1.483,85.6,8,0
2026-03-23 23:00:00,0.5549,24.13,38.94,33.02,42.45,132.383,32.938,60.5,243.15,27.52,23.86,0.71,13.0,11.36,398.54,3443.37,1.644,7.1,8,0
2026-03-24 00:00:00,0.4927,21.09,33.33,28.43,36.99,132.53,32.772,53.66,216.99,28.26,16.76,1.06,15.61,11.98,405.43,3559.12,1.568,82.2,8,0
2026-03-24 01:00:00,0.5027,21.9,34.54,29.49,39.21,131.784,32.937,55.06,220.3,33.72,22.31,0.95,13.51,11.87,398.74,3472.38,1.618,12.6,8,0
2026-03-24 02:00:00,0.4645,20.93,32.07,27.62,36.37,131.314,32.914,51.06,203.71,23.65,20.6,1.32,14.81,15.05,385.8,3536.5,1.617,6.9,8,0
2026-03-24 03:00:00,0.5287,19.04,32.75,27.27,39.32,130.812,33.206,58.33,229.81,31.17,19.49,1.33,14.78,12.03,424.58,3445.4,1.44,39.5,8,0
2026-03-24 04:00:00,0.5092,18.64,31.55,26.39,37.09,132.721,33.191,55.38,221.46,31.15,20.36,0.65,15.86,11.76,389.16,3540.4,1.735,96.6,8,0
2026-03-24 05:00:00,0.5525,17.31,32.01,26.13,37.35,132.464,32.854,60.2,242.73,27.74,21.04,0.78,19.16,8.33,393.42,3573.76,1.59,0.2,8,0
2026-03-24 06:00:00,0.5651,15.75,30.99,24.9,35.71,132.771,32.987,61.43,247.26,28.86,22.46,0.75,16.05,12.43,387.74,3471.8,1.34,189.1,8,0
2026-03-24 07:00:00,0.6572,13.85,33.27,25.5,41.91,131.521,33.073,72.13,286.84,33.86,22.36,1.25,14.24,9.11,406.63,3538.77,1.428,7.1,8,0
2026-03-24 08:00:00,0.6848,15.75,36.49,28.19,44.17,132.531,33.112,74.59,298.53,36.09,17.14,1.14,13.91,12.9,393.42,3468.74,1.565,84.3,8,0
2026-03-24 09:00:00,0.6509,14.84,33.95,26.31,40.63,131.008,33.436,71.71,280.98,33.39,18.85,0.9,14.72,12.29,423.33,3405.43,1.658,30.5,8,0
2026-03-24 10:00:00,0.6721,15.71,35.83,27.79,43.18,131.426,32.993,73.82,294.05,35.86,20.34,1.07,13.36,13.27,408.61,3548.28,1.502,233.4,8,0
2026-03-24 11:00:00,0.6749,17.56,37.82,29.72,44.56,132.083,33.309,73.75,292.46,28.13,23.29,0.67,15.38,11.12,396.44,3537.0,1.392,89.0,8,0
2026-03-24 12:00:00,0.7293,19.54,42.47,33.29,51.14,132.438,32.694,79.48,321.96,25.46,14.69,0.79,10.28,12.12,386.95,3551.46,1.683,24.3,8,0
2026-03-24 13:00:00,0.6896,19.29,40.26,31.87,48.15,133.108,32.832,74.78,303.18,30.04,18.93,0.62,14.68,13.09,398.94,3580.43,1.377,72.3,8,0
2026-03-24 14:00:00,0.6834,21.17,41.84,33.57,50.37,131.842,32.436,74.82,304.13,32.61,17.09,1.05,14.84,10.68,408.4,3484.08,1.587,36.9,8,0
2026-03-24 15:00:00,0.7155,20.47,42.71,33.81,51.1,131.429,33.04,78.57,312.55,24.64,17.41,1.05,12.78,12.99,399.91,3489.98,1.564,33.5,8,0
2026-03-24 16:00:00,0.6541,23.36,42.63,34.92,48.89,131.395,33.171,71.85,284.6,27.42,22.12,0.71,14.34,12.92,398.49,3481.2,1.326,32.2,8,0
2026-03-24 17:00:00,0.6484,24.1,43.09,35.49,48.96,131.546,32.325,71.14,289.5,27.75,19.09,1.14,17.34,11.87,385.29,3531.62,1.791,61.3,8,0
2026-03-24 18:00:00,0.5779,26.18,41.98,35.66,47.83,133.466,33.05,62.5,252.4,31.27,15.48,1.33,17.48,14.44,434.25,3492.9,1.491,104.1,8,0
2026-03-24 19:00:00,0.6206,24.91,42.62,35.54,49.23,132.5,33.16,67.61,270.15,30.88,19.83,0.7,14.03,12.85,397.58,3514.07,1.332,14.0,8,0
2026-03-24 20:00:00,0.6318,25.38,43.61,36.32,49.95,132.734,33.144,68.71,275.15,27.87,24.22,0.91,16.15,9.56,379.98,3446.35,1.523,20.6,8,0
2026-03-24 21:00:00,0.5711,26.51,42.02,35.81,47.19,131.842,32.684,62.53,252.22,30.74,16.54,1.16,12.1,13.56,384.48,3421.8,1.226,8.1,8,0
2026-03-24 22:00:00,0.5726,24.86,40.43,34.2,46.32,131.999,33.204,62.62,248.93,26.77,21.22,1.01,14.51,11.09,395.44,3431.31,1.54,42.4,8,0
2026-03-24 23:00:00,0.4875,23.05,35.08,30.27,40.24,132.462,33.002,53.12,213.21,28.92,23.29,0.6,15.56,13.27,429.77,3537.34,1.573,27.1,8,0
2026-03-25 00:00:00,0.5101,25.88,38.82,33.64,42.62,131.666,33.156,55.92,222.06,26.41,20.05,0.88,18.15,12.52,398.05,3500.58,1.86,33.5,8,0
2026-03-25 01:00:00,0.4713,21.04,32.45,27.88,36.29,131.808,32.967,51.61,206.36,29.75,24.01,0.87,17.49,8.11,394.98,3464.53,1.45,67.9,8,0
2026-03-25 02:00:00,0.4962,20.76,33.14,28.19,38.1,131.555,33.101,54.44,216.37,27.8,18.83,0.96,15.52,12.98,413.27,3557.08,1.349,17.5,8,0
2026-03-25 03:00:00,0.5362,19.88,33.9,28.29,38.16,131.705,33.293,58.76,232.45,32.27,23.04,0.97,13.28,11.74,414.37,3620.64,1.499,11.7,8,0
2026-03-25 04:00:00,0.532,18.59,32.43,26.9,37.23,132.032,32.946,58.15,233.05,30.12,22.57,1.48,17.82,11.39,410.49,3464.43,1.682,3.1,8,0
2026-03-25 05:00:00,0.5072,17.1,29.93,24.8,34.27,131.458,33.075,55.69,221.35,29.52,20.09,0.95,14.42,11.44,403.6,3417.3,1.529,53.1,8,0
2026-03-25 06:00:00,0.5343,16.31,30.25,24.67,34.05,132.189,33.33,58.34,231.37,35.51,17.18,0.49,16.0,13.26,384.04,3579.63,1.592,189.4,8,0
2026-03-25 07:00:00,0.5582,15.76,30.71,24.73,36.14,132.188,32.965,60.95,244.4,31.35,18.15,1.04,14.86,10.69,389.34,3505.25,1.593,75.6,8,0
2026-03-25 08:00:00,0.6402,14.71,33.33,25.88,40.32,131.882,32.703,70.07,282.57,29.1,15.46,1.53,19.09,13.75,376.74,3489.35,1.596,56.6,8,0
2026-03-25 09:00:00,0.7115,18.15,40.19,31.37,49.24,131.454,33.178,78.13,309.54,28.45,21.34,0.96,13.88,9.8,397.24,3585.44,1.345,38.0,8,0
2026-03-25 10:00:00,0.7112,16.28,38.3,29.49,45.95,132.069,33.379,77.73,307.54,26.66,21.1,0.88,16.93,12.52,394.23,3483.02,1.337,46.3,8,0
2026-03-25 11:00:00,0.6293,17.89,36.0,28.75,42.74,131.667,33.34,68.99,272.45,30.0,20.31,0.92,14.93,13.23,392.68,3535.79,1.278,33.9,8,0
2026-03-25 12:00:00,0.7388,17.99,41.4,32.04,51.79,132.031,33.189,80.77,321.32,31.12,19.91,1.19,16.24,13.2,404.79,3516.85,1.39,1.3,8,0
2026-03-25 13:00:00,0.7277,19.18,42.03,32.89,52.69,132.725,32.381,79.14,324.37,24.46,22.87,0.92,18.34,12.35,390.75,3763.59,1.401,14.1,8,0
2026-03-25 14:00:00,0.6498,20.37,39.44,31.81,47.64,131.173,32.832,71.51,285.69,26.11,20.75,0.56,11.09,11.77,395.5,3493.29,1.804,88.5,8,0
2026-03-25 15:00:00,0.6771,20.57,40.93,32.79,47.79,133.435,32.846,73.24,297.55,28.65,19.04,0.81,14.97,11.25,393.31,3578.98,1.433,165.3,8,0
2026-03-25 16:00:00,0.7032,23.17,44.8,36.14,53.56,131.952,33.012,76.92,307.45,26.91,20.45,0.99,13.31,10.24,400.13,3483.99,1.567,133.0,8,0
2026-03-25 17:00:00,0.6661,23.95,43.79,35.86,50.95,132.272,33.446,72.69,287.47,30.33,24.25,1.17,15.99,11.05,406.08,3540.05,1.496,10.6,8,0
2026-03-25 18:00:00,0.5862,26.33,42.5,36.03,48.57,131.503,32.715,64.34,258.64,30.75,21.4,0.84,16.48,10.63,380.44,3488.37,1.522,196.2,8,0
2026-03-25 19:00:00,0.6179,24.46,42.05,35.01,47.92,132.754,33.592,67.19,265.51,29.84,19.37,0.92,14.16,10.39,407.41,3567.68,1.519,42.4,8,0
2026-03-25 20:00:00,0.5096,25.25,38.17,33.0,41.22,131.917,32.899,55.76,223.58,31.85,20.06,1.02,14.06,14.78,404.57,3496.39,1.266,9.0,8,0
2026-03-25 21:00:00,0.5429,24.76,39.06,33.34,43.79,131.74,32.798,59.48,238.93,28.45,21.08,0.78,15.51,9.5,406.89,3544.33,1.561,38.3,8,0
2026-03-25 22:00:00,0.563,26.6,41.76,35.69,47.72,131.62,33.223,61.74,244.61,30.06,19.31,0.98,12.55,13.76,402.61,3443.57,1.38,42.9,8,0
2026-03-25 23:00:00,0.5136,23.49,36.58,31.34,41.29,131.823,33.244,56.23,222.98,27.19,19.13,1.15,15.77,10.22,406.03,3440.32,1.35,24.3,8,0
2026-03-26 00:00:00,0.4882,24.09,36.16,31.33,40.53,132.276,33.172,53.27,212.41,31.06,20.13,0.65,13.47,10.54,394.37,3353.49,1.398,22.3,8,0
2026-03-26 01:00:00,0.5264,23.3,36.91,31.46,41.79,132.114,32.797,57.51,231.66,30.43,23.19,1.1,16.57,10.52,407.26,3533.32,1.585,20.1,8,0
2026-03-26 02:00:00,0.5324,20.89,34.74,29.2,39.89,131.974,33.133,58.22,231.92,26.61,21.73,0.68,12.47,10.41,417.78,3452.14,1.372,0.6,8,0
2026-03-26 03:00:00,0.5524,18.36,33.06,27.18,38.67,131.53,32.727,60.62,243.63,29.74,19.33,0.69,13.97,13.46,393.18,3679.7,1.49,75.2,8,0
2026-03-26 04:00:00,0.5552,17.17,31.99,26.06,37.01,131.492,32.79,60.95,244.41,30.09,21.89,0.81,13.6,12.96,393.72,3466.28,1.538,54.5,8,0
2026-03-26 05:00:00,0.5822,18.36,34.35,27.95,40.17,131.696,32.975,63.8,254.82,31.05,20.17,1.42,14.51,11.73,410.07,3603.78,1.53,46.9,8,0
2026-03-26 06:00:00,0.5958,15.44,32.04,25.4,39.46,132.304,32.784,65.0,262.32,31.16,20.84,0.5,17.85,16.14,392.3,3595.62,1.528,26.1,8,0
2026-03-26 07:00:00,0.6077,16.59,33.72,26.87,40.11,132.437,33.278,66.23,263.57,28.04,20.66,0.87,16.79,12.05,389.82,3484.39,1.293,2.9,8,0
2026-03-26 08:00:00,0.6283,16.15,34.21,26.98,40.95,132.526,32.847,68.43,276.08,32.49,15.93,1.0,14.14,12.17,406.94,3445.13,1.533,68.4,8,0
2026-03-26 09:00:00,0.6426,16.58,35.31,27.82,42.41,131.999,32.942,70.27,281.56,31.77,14.06,1.36,14.14,11.05,394.15,3493.3,1.384,29.9,8,0
2026-03-26 10:00:00,0.6341,17.17,35.5,28.17,42.16,132.253,32.768,69.2,279.29,28.03,20.61,1.59,16.87,10.87,418.94,3594.86,1.253,4.7,8,0
2026-03-26 11:00:00,0.6577,16.56,36.0,28.22,43.0,131.889,33.274,71.97,285.28,26.78,18.45,0.88,12.77,11.28,393.62,3686.91,1.459,166.1,8,0
2026-03-26 12:00:00,0.6878,17.56,38.44,30.09,46.65,130.85,32.824,75.87,302.47,28.26,16.87,1.17,15.15,13.35,388.32,3405.29,1.466,83.2,8,0
2026-03-26 13:00:00,0.707,20.45,42.27,33.54,50.36,131.857,33.301,77.39,306.41,25.79,18.51,0.98,13.89,12.93,400.54,3505.22,1.998,84.0,8,0
2026-03-26 14:00:00,0.7395,20.4,43.85,34.47,53.03,131.752,33.282,81.02,320.72,30.83,22.0,0.98,14.76,14.01,407.14,3455.72,1.716,5.8,8,0
2026-03-26 15:00:00,0.6851,19.58,40.32,32.02,47.67,131.314,32.882,75.3,300.71,33.75,20.87,1.09,16.72,11.0,405.42,3475.15,1.66,46.2,8,0
2026-03-26 16:00:00,0.7005,24.18,45.68,37.08,54.11,131.626,33.008,76.82,306.33,34.47,21.7,0.53,13.76,12.96,408.7,3640.64,1.489,22.0,8,0
2026-03-26 17:00:00,0.6821,23.53,44.13,35.89,52.51,132.089,32.875,74.53,299.47,26.94,21.06,1.0,17.05,12.53,392.32,3442.52,1.513,96.4,8,0
2026-03-26 18:00:00,0.6186,25.83,43.45,36.4,49.79,131.252,33.144,68.03,269.41,32.57,18.32,1.15,19.5,12.73,417.65,3375.5,1.895,12.2,8,0
2026-03-26 19:00:00,0.6176,27.25,44.83,37.8,49.7,131.531,32.949,67.77,270.53,30.46,21.71,0.75,16.31,10.78,375.78,3520.26,1.413,75.2,8,0
2026-03-26 20:00:00,0.5665,26.05,41.36,35.23,47.29,133.022,32.89,61.47,248.62,23.02,21.33,1.15,14.93,10.52,388.9,3534.46,1.522,221.0,8,0
2026-03-26 21:00:00,0.5894,26.86,43.17,36.64,49.17,130.942,33.012,64.97,257.69,29.21,19.92,0.49,17.42,12.89,401.19,3470.41,1.771,21.2,8,0
2026-03-26 22:00:00,0.5481,25.52,40.03,34.23,44.35,131.879,32.582,59.99,242.79,28.87,20.27,1.04,12.88,13.39,390.16,3449.59,1.365,33.1,8,0
2026-03-26 23:00:00,0.4774,26.15,37.8,33.14,42.29,131.23,32.98,52.51,208.93,33.84,21.74,1.41,18.14,11.15,395.97,3516.93,1.461,110.8,8,0
2026-03-27 00:00:00,0.508,22.68,35.53,30.39,38.8,131.504,33.171,55.76,221.07,27.59,18.66,0.94,13.6,12.99,385.89,3396.11,1.451,63.9,8,0
2026-03-27 01:00:00,0.5492,22.52,37.09,31.26,43.06,131.869,33.036,60.12,239.96,31.89,22.33,0.72,19.44,13.88,397.49,3537.85,1.341,67.4,8,0
2026-03-27 02:00:00,0.4978,21.91,34.36,29.38,38.52,131.348,33.251,54.7,216.07,29.88,21.28,0.58,13.67,11.53,407.56,3476.29,1.565,93.1,8,0
2026-03-27 03:00:00,0.5266,19.75,33.37,27.92,36.27,132.379,32.9,57.42,231.04,25.87,20.16,1.13,16.43,9.92,392.58,3615.07,1.296,16.6,8,0
2026-03-27 04:00:00,0.5455,19.89,34.3,28.53,39.5,132.892,32.879,59.24,239.46,28.55,23.22,1.29,11.98,10.11,387.43,3529.58,1.589,108.5,8,0
2026-03-27 05:00:00,0.5187,17.27,30.56,25.25,34.81,132.556,32.705,56.48,228.92,34.8,17.57,0.99,14.68,11.06,393.7,3491.83,1.524,80.5,8,0
2026-03-27 06:00:00,0.5892,18.98,35.28,28.76,40.74,132.676,32.893,64.1,258.56,29.69,19.23,0.87,12.94,11.41,417.18,3485.74,1.629,13.9,8,0
2026-03-27 07:00:00,0.558,18.53,33.47,27.49,38.17,131.089,33.519,61.44,240.27,32.92,18.79,0.43,12.22,12.02,417.05,3349.42,1.45,64.8,8,0
2026-03-27 08:00:00,0.6069,16.52,33.61,26.77,39.77,131.84,33.073,66.44,264.87,32.76,20.87,1.05,17.51,12.05,393.45,3494.19,1.562,38.2,8,0
2026-03-27 09:00:00,0.6821,16.96,37.56,29.32,45.08,132.308,32.845,74.41,299.73,28.86,22.52,0.8,12.65,11.67,408.24,3487.86,1.695,39.9,8,0
2026-03-27 10:00:00,0.6812,18.1,38.66,30.44,45.06,132.575,32.734,74.16,300.37,26.36,18.19,0.82,13.63,13.1,400.34,3508.23,1.329,3.5,8,0
2026-03-27 11:00:00,0.6773,16.51,36.88,28.74,45.7,133.157,32.578,73.41,300.06,26.75,26.77,1.5,13.4,10.94,419.88,3488.9,1.357,22.4,8,0
2026-03-27 12:00:00,0.7098,17.43,39.38,30.6,47.75,132.706,32.781,77.2,312.53,34.56,18.83,0.47,17.38,13.97,403.49,3618.39,1.642,11.2,8,0
2026-03-27 13:00:00,0.698,21.2,42.58,34.03,50.27,132.592,33.2,75.98,303.45,30.66,20.88,0.51,17.14,13.49,397.6,3482.61,1.672,73.2,8,0
2026-03-27 14:00:00,0.6968,21.51,42.83,34.3,50.18,133.738,32.887,75.2,305.8,25.01,20.16,1.08,17.64,13.38,424.62,3436.62,1.569,50.3,8,0
2026-03-27 15:00:00,0.7061,22.3,44.08,35.37,53.17,132.064,32.747,77.17,311.23,32.71,20.25,0.89,13.53,11.09,386.76,3370.96,1.691,104.4,8,0
2026-03-27 16:00:00,0.6487,23.75,42.76,35.16,48.88,131.809,32.776,71.03,285.66,24.85,18.57,0.85,17.8,11.9,405.41,3468.46,1.47,86.9,8,0
2026-03-27 17:00:00,0.651,22.39,41.51,33.86,48.82,132.117,33.171,71.12,283.27,27.73,22.29,1.09,13.51,13.16,421.11,3420.37,1.716,33.0,8,0
2026-03-27 18:00:00,0.6163,25.38,42.89,35.89,48.88,131.396,32.979,67.7,269.74,30.45,18.45,1.09,13.59,11.78,410.61,3400.31,1.497,102.6,8,0
2026-03-27 19:00:00,0.5522,25.31,40.01,34.13,44.77,132.045,32.834,60.36,242.76,37.77,16.62,0.72,13.71,11.03,389.18,3479.2,1.359,14.2,8,0
2026-03-27 20:00:00,0.5463,27.16,41.6,35.82,45.79,130.86,32.919,60.26,239.54,32.66,17.91,0.83,13.78,10.97,388.37,3595.21,1.687,29.6,8,0
2026-03-27 21:00:00,0.5968,27.06,43.7,37.05,49.26,131.651,33.582,65.44,256.52,28.76,23.05,1.03,14.92,11.04,379.49,3578.95,1.622,39.6,8,0
2026-03-27 22:00:00,0.5406,26.14,40.35,34.67,45.32,131.924,33.322,59.15,234.18,30.29,22.66,1.06,13.43,10.34,422.87,3401.59,1.403,90.7,8,0
2026-03-27 23:00:00,0.4735,25.17,36.66,32.06,40.66,132.627,33.388,51.53,204.69,32.97,16.14,1.16,15.57,16.38,383.63,3507.08,1.372,54.1,8,0
2026-03-28 00:00:00,0.3816,22.45,30.58,27.33,32.43,132.733,32.537,41.49,169.27,34.47,21.78,0.84,9.88,9.15,411.32,3538.0,1.481,12.7,8,0
2026-03-28 01:00:00,0.4215,23.33,32.87,29.05,35.81,131.364,32.96,46.32,184.59,29.46,16.19,1.11,15.56,10.61,379.23,3550.93,1.261,24.7,8,0
2026-03-28 02:00:00,0.4746,22.07,33.6,28.99,38.14,133.37,32.83,51.36,208.67,29.55,20.1,1.3,12.92,12.97,438.98,3632.45,1.485,1.1,8,0
2026-03-28 03:00:00,0.4307,21.39,31.27,27.32,33.09,132.098,33.144,47.06,187.55,27.72,17.74,1.02,13.77,11.06,380.33,3410.58,1.39,104.7,8,0
2026-03-28 04:00:00,0.489,21.06,33.16,28.32,37.22,132.158,33.28,53.41,212.08,32.2,21.94,0.98,13.81,11.55,401.26,3433.29,1.477,68.7,8,0
2026-03-28 05:00:00,0.4779,16.21,27.88,23.21,31.0,130.932,33.086,52.69,208.5,33.29,21.27,0.94,16.99,12.67,418.8,3451.15,1.136,49.6,8,0
2026-03-28 06:00:00,0.502,16.72,29.34,24.29,32.78,131.591,32.77,55.07,221.12,24.39,22.12,0.83,16.11,13.63,390.08,3533.47,1.315,31.2,8,0
2026-03-28 07:00:00,0.4698,15.87,27.22,22.68,31.18,132.693,32.825,51.1,206.58,29.02,19.57,0.73,14.77,11.67,409.08,3286.41,1.473,73.3,8,0
2026-03-28 08:00:00,0.56,16.62,31.64,25.63,36.54,132.112,33.164,61.18,243.73,26.57,19.77,0.92,13.67,13.46,396.4,3485.87,1.638,95.5,8,0
2026-03-28 09:00:00,0.5423,16.63,30.9,25.19,34.93,132.071,33.19,59.27,235.85,30.66,17.16,1.15,16.67,9.53,406.45,3361.57,1.451,15.0,8,0
2026-03-28 10:00:00,0.5959,16.88,33.48,26.84,40.57,132.15,33.037,65.08,260.34,26.49,18.1,0.74,18.69,11.17,416.84,3503.98,1.606,120.1,8,0
2026-03-28 11:00:00,0.5591,18.93,33.92,27.93,39.97,131.047,33.034,61.58,244.28,26.25,22.05,0.99,15.05,12.82,394.2,3669.77,1.257,33.4,8,0
2026-03-28 12:00:00,0.5973,17.84,34.5,27.84,39.02,131.936,33.013,65.34,261.15,33.58,20.89,0.95,11.91,15.04,423.08,3576.25,1.431,50.4,8,0
2026-03-28 13:00:00,0.6054,19.11,36.13,29.32,41.19,132.929,33.071,65.74,264.25,29.71,20.36,1.54,13.7,10.63,405.91,3406.07,1.545,24.6,8,0
2026-03-28 14:00:00,0.5874,20.42,36.64,30.15,42.98,132.717,33.189,63.88,255.44,30.03,22.68,1.23,16.22,10.37,429.85,3470.68,1.484,54.2,8,0
2026-03-28 15:00:00,0.5956,22.38,38.96,32.33,44.77,131.917,33.166,65.17,259.22,31.5,17.56,1.22,14.22,12.59,388.15,3432.99,1.612,392.3,8,0
2026-03-28 16:00:00,0.562,22.71,37.83,31.78,44.4,133.032,33.006,60.98,245.76,33.12,21.6,1.29,13.39,12.16,391.0,3607.74,1.442,36.0,8,0
2026-03-28 17:00:00,0.5329,24.93,38.81,33.26,44.13,131.169,32.987,58.64,233.18,28.95,17.8,0.85,13.3,11.0,397.14,3328.03,1.429,5.6,8,0
2026-03-28 18:00:00,0.5801,25.61,41.5,35.15,47.46,131.359,32.977,63.74,253.88,29.02,23.11,1.42,15.29,10.25,382.44,3469.04,1.588,13.4,8,0
2026-03-28 19:00:00,0.5414,25.49,39.72,34.03,43.89,133.23,32.794,58.65,238.27,29.03,21.25,1.06,12.04,11.31,414.52,3448.46,1.39,47.0,8,0
2026-03-28 20:00:00,0.4651,27.32,38.48,34.01,42.55,132.381,32.791,50.71,204.71,33.45,22.09,1.0,15.04,12.86,399.49,3410.33,1.296,42.0,8,0
2026-03-28 21:00:00,0.4844,26.21,38.13,33.36,41.1,131.809,33.144,53.05,210.97,30.0,18.75,0.65,15.28,11.58,383.44,3636.87,1.512,13.0,8,0
2026-03-28 22:00:00,0.4275,26.84,36.59,32.69,40.74,131.963,32.812,46.76,188.06,29.34,24.52,0.89,14.21,13.84,388.29,3378.89,1.269,4.2,8,0
2026-03-28 23:00:00,0.4007,24.78,33.58,30.06,36.65,131.468,33.215,44.0,174.14,31.38,24.15,0.48,13.02,11.87,387.58,3408.64,1.613,13.8,8,0
2026-03-29 00:00:00,0.4588,24.12,35.05,30.68,37.97,132.183,32.986,50.1,200.77,35.7,21.02,0.94,17.14,12.98,414.48,3631.83,1.153,6.0,8,0
2026-03-29 01:00:00,0.3738,22.38,30.25,27.1,33.27,132.13,33.216,40.83,162.43,30.43,22.51,0.84,12.44,12.5,407.49,3496.22,1.342,7.5,8,0
2026-03-29 02:00:00,0.4556,21.64,32.44,28.12,37.77,132.013,33.168,49.82,198.28,29.4,19.55,0.89,15.45,11.47,398.64,3490.15,1.672,5.1,8,0
2026-03-29 03:00:00,0.4287,21.07,30.87,26.95,33.82,131.235,33.223,47.15,186.27,36.04,17.62,0.59,16.56,13.33,395.15,3454.16,1.711,184.3,8,0
2026-03-29 04:00:00,0.4435,18.74,29.08,24.94,32.87,132.175,32.874,48.43,194.72,34.2,21.75,1.22,15.42,10.25,397.05,3504.02,1.408,127.3,8,0
2026-03-29 05:00:00,0.4797,18.63,30.36,25.67,33.93,131.651,33.108,52.6,209.14,33.76,18.32,1.19,17.57,11.25,427.35,3469.86,1.605,6.2,8,0
2026-03-29 06:00:00,0.5054,16.5,29.26,24.16,33.67,131.349,33.195,55.53,219.74,28.71,22.78,1.52,12.83,11.46,397.12,3445.43,1.569,103.0,8,0
2026-03-29 07:00:00,0.4851,17.58,29.52,24.74,32.32,132.836,32.59,52.71,214.86,28.41,22.25,1.51,13.52,12.65,413.49,3392.08,1.369,130.3,8,0
2026-03-29 08:00:00,0.5535,16.07,30.82,24.92,36.02,133.432,33.449,59.87,238.83,24.71,20.63,1.06,14.18,13.02,395.69,3507.42,1.547,34.5,8,0
2026-03-29 09:00:00,0.5558,17.67,32.52,26.58,37.81,133.282,33.598,60.19,238.79,33.1,20.52,1.32,21.69,10.86,425.87,3456.44,1.349,206.9,8,0
2026-03-29 10:00:00,0.5324,17.38,31.24,25.69,37.49,132.429,33.25,58.02,231.09,30.44,22.14,1.09,16.12,10.64,382.34,3466.67,1.232,11.5,8,0
2026-03-29 11:00:00,0.5784,19.63,35.46,29.13,39.71,131.825,33.213,63.34,251.39,24.81,20.71,0.88,16.5,12.2,412.74,3556.98,1.565,17.6,8,0
2026-03-29 12:00:00,0.6335,17.99,36.3,28.98,42.89,131.954,33.155,69.29,275.77,33.82,19.35,0.93,16.41,9.77,389.24,3463.75,1.601,79.0,8,0
2026-03-29 13:00:00,0.6452,18.88,37.73,30.19,45.84,132.268,32.915,70.41,282.95,29.2,17.13,1.2,15.26,13.59,433.83,3495.42,1.345,44.8,8,0
2026-03-29 14:00:00,0.6136,21.03,38.42,31.47,44.63,131.723,32.971,67.23,268.6,29.57,22.08,2.24,17.2,11.74,411.09,3638.1,1.485,84.6,8,0
2026-03-29 15:00:00,0.5478,21.56,36.07,30.26,41.03,132.87,33.255,59.51,237.78,25.67,20.89,1.36,11.36,10.32,375.07,3534.9,1.296,111.0,8,0
2026-03-29 16:00:00,0.5848,22.76,38.87,32.43,44.02,130.656,32.743,64.6,257.77,31.69,25.67,1.08,15.66,10.29,386.66,3461.03,1.423,4.9,8,0
2026-03-29 17:00:00,0.578,25.8,41.61,35.29,46.54,131.805,32.72,63.29,254.96,31.72,19.97,1.16,15.96,12.55,410.91,3416.44,1.424,35.9,8,0
2026-03-29 18:00:00,0.5537,25.97,40.73,34.83,44.48,132.529,32.895,60.3,242.96,30.07,20.76,1.15,17.14,12.51,410.5,3493.61,1.588,167.4,8,0
2026-03-29 19:00:00,0.5335,26.0,39.9,34.34,44.24,131.442,33.173,58.58,232.12,28.96,20.81,0.98,12.79,10.93,409.38,3567.24,1.392,46.7,8,0
2026-03-29 20:00:00,0.4988,26.26,38.75,33.75,42.19,131.842,32.771,54.61,219.7,38.09,21.46,1.24,12.94,11.91,402.98,3457.01,1.26,6.6,8,0
2026-03-29 21:00:00,0.4653,25.88,37.05,32.58,40.83,132.392,32.94,50.72,203.87,26.6,18.22,0.96,13.07,10.39,395.85,3500.76,1.69,2.5,8,0
2026-03-29 22:00:00,0.4316,27.63,37.53,33.57,40.07,133.002,32.972,46.84,188.93,28.05,20.0,0.71,16.15,11.69,416.93,3454.98,1.49,24.6,8,0
2026-03-29 23:00:00,0.3794,24.45,32.51,29.28,34.57,131.146,32.733,41.75,167.29,32.34,21.81,1.16,16.18,14.29,387.67,3471.61,1.524,16.3,8,0
2026-03-30 00:00:00,0.5136,23.03,36.11,30.88,40.24,131.097,32.356,56.54,229.1,27.17,19.49,1.2,13.21,15.28,401.44,3402.04,1.548,56.9,8,0
2026-03-30 01:00:00,0.5055,23.94,36.7,31.6,41.01,131.376,32.729,55.54,222.95,26.95,21.74,0.97,18.93,11.76,391.33,3521.06,1.594,48.1,8,0
2026-03-30 02:00:00,0.5201,21.64,34.99,29.65,39.16,130.985,33.069,57.31,227.01,33.61,20.35,1.1,15.68,12.73,390.14,3510.92,1.526,260.5,8,0
2026-03-30 03:00:00,0.4732,22.6,34.08,29.48,37.03,131.032,33.128,52.13,206.18,32.03,20.96,1.3,15.35,12.67,393.75,3617.35,1.506,19.7,8,0
2026-03-30 04:00:00,0.5486,18.83,33.37,27.55,38.55,131.358,33.131,60.28,239.01,31.66,22.46,1.0,14.69,9.5,389.61,3507.7,1.493,28.9,8,0
2026-03-30 05:00:00,0.6116,19.16,36.47,29.54,43.68,132.814,33.161,66.47,266.21,30.76,19.7,0.88,16.97,10.35,408.88,3441.99,1.44,13.2,8,0
2026-03-30 06:00:00,0.5764,18.6,34.34,28.05,51.61,131.794,32.835,63.13,253.39,28.14,17.26,0.8,15.88,8.61,378.49,3615.18,1.621,111.1,8,0
2026-03-30 07:00:00,0.5981,16.5,33.2,26.52,38.79,132.021,32.778,65.39,263.38,29.45,19.63,0.93,18.89,12.75,407.1,3528.14,1.459,11.4,8,0
2026-03-30 08:00:00,0.6351,16.11,34.49,27.14,41.25,131.369,33.099,69.78,276.96,29.97,18.51,1.47,12.68,15.0,391.12,3514.12,1.535,82.5,8,0
2026-03-30 09:00:00,0.7109,17.76,39.78,30.97,46.73,132.418,32.944,77.49,311.48,32.75,15.91,0.95,12.01,13.68,401.09,3497.83,1.611,52.3,8,0
2026-03-30 10:00:00,0.64,18.1,36.7,29.26,43.55,133.238,33.239,69.33,277.89,31.49,19.95,1.12,13.63,12.15,398.13,3511.05,1.588,8.8,8,0
2026-03-30 11:00:00,0.6927,16.91,38.02,29.58,45.86,131.414,33.101,76.08,302.04,27.43,20.56,0.91,16.21,11.93,393.15,3429.7,1.394,28.7,8,0
2026-03-30 12:00:00,0.6726,18.22,38.37,30.31,45.31,133.138,33.339,72.91,291.18,32.58,22.2,0.89,14.25,11.55,418.83,3492.01,1.566,71.7,8,0
2026-03-30 13:00:00,0.6836,18.02,38.69,30.43,46.04,132.241,32.877,74.61,300.09,25.18,17.88,0.75,17.65,13.67,395.07,3481.01,1.389,92.4,8,0
2026-03-30 14:00:00,0.6951,22.45,43.68,35.19,51.57,132.011,33.282,76.0,301.44,29.25,20.34,1.04,14.32,12.4,411.19,3527.09,1.574,37.2,8,0
2026-03-30 15:00:00,0.727,22.88,45.7,36.57,55.48,132.264,33.537,79.33,312.88,26.79,22.42,0.86,17.27,12.17,411.38,3587.88,1.68,21.0,8,0
2026-03-30 16:00:00,0.7247,24.19,46.89,37.81,56.69,132.258,33.014,79.09,316.84,27.64,19.01,1.39,13.44,10.42,396.55,3575.84,1.832,79.0,8,0
2026-03-30 17:00:00,0.6634,23.7,43.4,35.52,50.14,133.226,33.132,71.87,289.01,35.99,21.23,0.98,17.47,12.98,381.77,3539.46,1.618,41.3,8,0
2026-03-30 18:00:00,0.6145,25.08,42.52,35.55,48.53,132.343,32.754,67.02,270.81,25.8,23.36,1.0,17.84,11.85,387.41,3360.69,1.637,10.4,8,0
2026-03-30 19:00:00,0.6747,26.2,46.45,38.35,53.8,132.357,33.236,73.58,293.03,27.76,16.44,0.96,13.98,12.68,419.82,3463.78,1.374,39.6,8,0
2026-03-30 20:00:00,0.5613,26.18,41.26,35.23,47.26,131.722,33.298,61.5,243.29,31.74,20.71,1.12,16.09,13.58,408.03,3352.81,1.561,179.8,8,0
2026-03-30 21:00:00,0.5328,26.8,40.68,35.13,45.62,132.554,32.869,58.02,233.98,28.8,22.49,1.46,15.64,9.63,402.72,3585.15,1.299,57.5,8,0
2026-03-30 22:00:00,0.476,26.77,38.35,33.72,42.28,131.368,33.155,52.3,207.23,30.68,19.46,0.7,16.14,11.64,392.14,3488.94,1.618,22.4,8,0
2026-03-30 23:00:00,0.5552,27.66,42.48,36.55,48.15,132.072,33.074,60.68,242.31,34.5,22.93,1.09,17.68,11.42,426.62,3486.81,1.318,97.6,8,0
2026-03-31 00:00:00,0.5324,24.54,38.4,32.85,42.74,133.903,33.103,57.39,232.16,32.18,21.43,0.54,17.05,11.29,387.62,3443.73,1.32,39.8,8,0
2026-03-31 01:00:00,0.5725,24.47,40.03,33.81,46.7,130.347,33.214,63.4,248.8,28.81,23.7,1.38,16.14,10.4,402.74,3599.71,1.599,7.8,8,0
2026-03-31 02:00:00,0.4617,21.23,32.26,27.85,35.88,132.154,33.137,50.43,201.11,29.81,21.33,0.98,16.43,10.99,408.17,3506.73,1.683,89.8,8,0
2026-03-31 03:00:00,0.5571,19.09,33.99,28.03,38.58,132.179,32.963,60.84,243.95,31.81,23.87,0.56,12.57,10.43,381.06,3489.45,1.637,26.1,8,0
2026-03-31 04:00:00,0.5314,19.2,33.02,27.49,37.64,131.849,33.22,58.17,230.88,32.12,20.76,0.63,15.03,13.32,389.27,3508.62,1.413,70.2,8,0
2026-03-31 05:00:00,0.5742,16.92,32.56,26.31,39.15,131.865,33.294,62.85,248.92,30.28,17.43,1.25,12.9,12.65,393.78,3514.76,1.339,23.0,8,0
2026-03-31 06:00:00,0.5247,17.74,31.28,25.86,35.62,132.06,32.854,57.35,230.51,31.3,18.9,0.51,15.07,12.54,413.57,3487.83,1.398,35.8,8,0
2026-03-31 07:00:00,0.644,16.45,35.24,27.72,43.05,131.834,33.0,70.51,281.69,31.3,22.2,1.09,17.34,9.19,394.08,3599.62,1.541,13.3,8,0
2026-03-31 08:00:00,0.6495,15.1,34.15,26.53,40.82,132.147,32.533,70.94,288.14,29.94,22.16,0.88,15.09,15.0,379.1,3598.8,1.513,38.4,8,0
2026-03-31 09:00:00,0.6488,18.96,37.98,30.37,44.52,131.678,33.154,71.12,282.47,28.4,19.54,0.95,10.1,11.47,377.66,3506.13,1.37,148.8,8,0
2026-03-31 10:00:00,0.6901,17.19,38.18,29.78,46.8,133.335,33.323,74.7,298.9,32.44,23.77,0.81,13.01,14.7,389.14,3436.4,1.738,97.1,8,0
2026-03-31 11:00:00,0.6636,16.88,36.6,28.71,43.39,131.834,32.932,72.66,290.86,31.09,19.45,0.72,16.27,13.2,378.29,3524.78,1.728,37.7,8,0
2026-03-31 12:00:00,0.6792,20.45,40.92,32.73,49.42,132.376,33.035,74.06,296.76,23.97,21.09,0.86,14.03,11.73,412.17,3451.01,1.822,21.8,8,0
2026-03-31 13:00:00,0.6861,20.03,40.83,32.51,49.11,131.558,32.942,75.27,300.61,27.74,21.03,1.18,16.68,15.15,412.76,3612.79,1.294,34.5,8,0
2026-03-31 14:00:00,0.641,23.15,41.8,34.34,48.09,132.616,32.899,69.77,281.23,28.77,17.5,0.92,12.69,12.93,400.75,3624.3,1.399,69.7,8,0
2026-03-31 15:00:00,0.7124,22.62,44.71,35.87,53.28,132.484,33.061,77.62,311.04,29.61,19.94,1.14,15.87,11.74,396.7,3556.29,1.594,14.3,8,0
2026-03-31 16:00:00,0.7064,24.01,45.81,37.09,53.85,132.277,32.793,77.09,310.94,33.83,24.92,0.94,15.97,11.49,411.77,3405.83,1.554,13.7,8,0
2026-03-31 17:00:00,0.6289,25.94,44.03,36.79,51.04,131.322,32.938,69.13,275.61,39.82,18.32,1.19,16.69,13.63,411.15,3461.41,1.447,130.5,8,0
2026-03-31 18:00:00,0.6363,26.98,45.41,38.04,53.81,131.503,32.761,69.84,280.34,22.84,21.41,1.14,13.8,11.28,385.85,3482.67,1.39,51.0,8,0
2026-03-31 19:00:00,0.592,27.65,44.08,37.51,49.74,133.113,33.156,64.19,257.73,31.13,17.85,0.85,16.67,11.51,387.92,3431.46,1.346,41.4,8,0
2026-03-31 20:00:00,0.584,26.97,43.03,36.61,49.26,131.496,33.063,64.1,254.93,30.42,18.3,0.72,18.12,11.19,411.25,3474.49,1.796,143.9,8,0
2026-03-31 21:00:00,0.5312,27.41,41.22,35.7,46.04,132.423,32.886,57.9,233.13,29.67,17.33,1.3,10.56,10.95,404.71,3517.35,1.252,3.1,8,0
2026-03-31 22:00:00,0.5028,27.13,39.78,34.72,44.09,131.377,33.01,55.24,219.84,31.84,22.04,0.77,15.21,11.04,409.77,3540.93,1.218,59.8,8,0
2026-03-31 23:00:00,0.5449,25.79,40.18,34.42,45.09,132.666,32.942,59.29,238.77,30.67,18.42,1.16,11.5,14.74,387.24,3601.79,1.294,30.9,8,0
2026-04-01 00:00:00,0.5015,24.62,37.21,32.17,40.8,131.547,33.302,55.03,217.36,29.13,22.7,1.02,13.39,13.59,389.37,3497.05,1.48,13.1,8,0
2026-04-01 01:00:00,0.5607,22.11,37.16,31.14,42.78,131.364,32.884,61.6,246.09,30.3,19.1,0.87,13.55,12.43,407.61,3474.79,1.439,35.5,8,0
2026-04-01 02:00:00,0.5048,22.86,35.59,30.49,39.69,131.53,33.168,55.4,219.68,31.89,20.42,1.14,14.98,11.26,390.42,3395.76,1.514,138.5,8,0
2026-04-01 03:00:00,0.4856,21.01,32.97,28.18,36.26,131.634,32.814,53.25,213.61,31.6,20.99,1.42,15.86,11.25,377.85,3526.6,1.337,22.0,8,0
2026-04-01 04:00:00,0.5661,19.35,34.64,28.52,40.89,132.267,33.215,61.78,246.0,30.78,16.93,1.2,16.92,11.53,390.65,3462.61,1.496,41.4,8,0
2026-04-01 05:00:00,0.5689,20.0,35.41,29.25,41.0,132.046,33.274,62.19,246.79,28.47,20.57,1.05,15.64,14.76,397.57,3482.17,1.497,98.2,8,0
2026-04-01 06:00:00,0.5959,16.5,33.1,26.46,38.95,131.277,33.286,65.52,258.41,38.67,20.86,1.5,16.46,12.52,426.17,3453.61,1.734,201.6,8,0
2026-04-01 07:00:00,0.6357,19.07,37.48,30.12,45.42,131.982,33.388,69.52,274.82,31.3,22.44,0.51,12.95,13.2,388.07,3455.88,1.785,213.8,8,0
2026-04-01 08:00:00,0.6063,17.24,34.3,27.47,39.08,131.245,33.077,66.68,264.57,32.5,18.24,0.68,17.22,12.38,399.73,3556.33,1.481,44.2,8,0
2026-04-01 09:00:00,0.6462,17.75,36.64,29.08,44.76,132.425,33.327,70.43,279.86,28.69,18.53,0.87,8.52,10.75,431.29,3494.37,1.651,2.2,8,0
2026-04-01 10:00:00,0.6656,17.53,37.34,29.42,44.17,132.546,33.429,72.48,287.38,30.79,21.48,1.44,18.16,12.24,384.25,3623.89,1.557,41.9,8,0
2026-04-01 11:00:00,0.6479,17.06,36.03,28.44,43.34,131.984,32.704,70.85,285.94,30.76,22.99,1.29,17.8,10.47,410.56,3409.49,1.64,96.8,8,0
2026-04-01 12:00:00,0.6887,19.62,40.54,32.17,48.13,132.179,32.841,75.2,302.68,24.48,18.98,0.5,16.61,13.87,389.99,3598.98,1.602,11.6,8,0
2026-04-01 13:00:00,0.7401,21.3,44.78,35.39,53.35,133.156,32.605,80.22,327.63,28.07,17.69,0.88,19.57,10.96,406.68,3459.5,1.68,185.7,8,0
2026-04-01 14:00:00,0.7037,22.93,44.59,35.93,54.06,131.896,33.28,77.01,305.2,28.01,19.53,0.61,11.5,11.22,435.67,3494.53,1.68,52.2,8,0
2026-04-01 15:00:00,0.6462,23.35,42.25,34.69,50.84,131.377,32.602,71.0,286.1,28.42,18.14,1.0,16.67,13.3,412.53,3538.52,1.587,35.1,8,0
2026-04-01 16:00:00,0.624,22.57,40.44,33.29,46.88,132.382,32.53,68.04,276.89,27.01,20.96,1.28,15.38,11.03,402.93,3581.09,1.533,19.6,8,0
2026-04-01 17:00:00,0.6999,24.25,45.73,37.14,54.32,131.252,32.71,76.97,308.86,30.35,18.0,1.3,15.6,11.75,386.39,3584.25,1.706,46.9,8,0
2026-04-01 18:00:00,0.6232,28.64,46.47,39.34,53.12,131.861,32.541,68.21,276.41,34.41,22.11,1.09,12.78,8.13,398.02,3582.7,1.491,44.3,8,0
2026-04-01 19:00:00,0.5806,26.0,41.92,35.55,49.03,131.605,33.072,63.67,253.38,30.61,20.59,0.88,15.9,11.6,392.17,3482.35,1.404,9.7,8,0
2026-04-01 20:00:00,0.5659,28.69,43.97,37.85,47.72,131.537,32.714,62.1,249.68,26.67,22.17,0.98,15.8,12.97,378.9,3644.03,1.25,7.5,8,0
2026-04-01 21:00:00,0.5057,26.15,38.92,33.81,43.57,131.835,32.554,55.36,224.21,27.13,15.32,1.22,13.73,11.14,368.72,3548.21,1.517,6.3,8,0
2026-04-01 22:00:00,0.572,26.41,41.95,35.73,46.93,132.594,32.989,62.26,250.26,29.09,16.65,1.72,14.97,12.92,388.2,3263.61,1.59,14.3,8,0
2026-04-01 23:00:00,0.5016,26.42,39.02,33.98,41.41,132.73,33.005,54.55,219.37,25.97,22.75,0.66,12.48,12.06,400.18,3503.77,1.192,272.8,8,0
2026-04-02 00:00:00,0.5444,24.14,38.51,32.76,43.26,132.611,32.506,59.26,241.74,31.13,18.72,1.49,14.32,13.71,417.45,3470.65,1.38,3.1,8,0
2026-04-02 01:00:00,0.5015,25.35,37.94,32.91,43.7,132.222,32.812,54.75,220.63,34.28,17.23,1.08,17.03,10.98,389.58,3476.09,1.563,73.8,8,0
2026-04-02 02:00:00,0.5463,22.54,36.98,31.2,41.53,131.83,32.98,59.81,239.08,28.49,19.76,1.26,17.07,11.72,403.53,3552.08,1.452,47.6,8,0
2026-04-02 03:00:00,0.5211,21.63,35.02,29.66,40.27,130.444,32.906,57.66,228.57,30.45,20.65,1.07,16.65,9.88,375.14,3525.72,1.469,84.1,8,0
2026-04-02 04:00:00,0.5549,19.69,34.5,28.58,40.7,132.243,32.913,60.56,243.34,28.93,19.85,1.43,17.03,11.94,388.65,3447.07,1.614,28.1,8,0
2026-04-02 05:00:00,0.5716,19.58,35.11,28.9,40.66,130.496,33.311,63.22,247.66,28.33,21.1,1.11,17.06,11.45,363.95,3621.42,1.47,45.0,8,0
2026-04-02 06:00:00,0.5928,19.71,36.17,29.59,42.24,130.731,33.567,65.45,254.91,30.79,20.83,0.82,13.82,13.52,434.17,3398.38,1.554,169.8,8,0
2026-04-02 07:00:00,0.6104,17.5,34.75,27.85,39.71,131.893,32.917,66.8,267.67,28.23,20.72,1.15,15.79,11.15,403.63,3392.97,1.343,26.3,8,0
2026-04-02 08:00:00,0.6189,19.19,36.83,29.77,42.76,132.175,32.651,67.58,273.59,27.79,22.86,1.35,17.28,11.45,403.15,3414.3,1.562,26.4,8,0
2026-04-02 09:00:00,0.7075,17.02,38.86,30.13,48.1,131.702,32.938,77.53,310.01,25.36,20.14,1.01,12.35,11.07,408.69,3536.73,1.353,74.3,8,0
2026-04-02 10:00:00,0.6435,18.9,37.67,30.16,44.75,133.013,33.051,69.83,281.02,30.41,20.08,0.39,12.34,12.12,438.64,3530.58,1.327,38.5,8,0
2026-04-02 11:00:00,0.6867,19.41,40.24,31.91,48.55,132.305,32.986,74.92,300.49,33.42,21.77,0.98,12.23,15.07,394.13,3436.21,1.468,16.2,8,0
2026-04-02 12:00:00,0.697,18.89,40.22,31.69,48.59,131.835,33.161,76.31,303.39,32.34,21.27,1.04,11.54,6.84,385.95,3453.58,1.631,75.0,8,0
2026-04-02 13:00:00,0.7121,21.38,43.45,34.62,53.83,132.915,33.584,77.33,306.03,34.7,18.36,1.0,13.01,12.01,430.66,3500.87,1.564,89.6,8,0
2026-04-02 14:00:00,0.6837,22.47,43.15,34.88,50.75,133.033,32.548,74.18,303.2,28.2,19.98,0.86,14.06,13.84,382.2,3415.72,1.423,19.0,8,0
2026-04-02 15:00:00,0.696,22.9,44.18,35.67,53.7,132.338,32.866,75.92,305.68,32.77,21.04,1.41,18.13,11.31,420.13,3565.1,1.68,45.5,8,0
2026-04-02 16:00:00,0.6656,25.32,45.13,37.21,52.77,131.488,33.407,73.07,287.6,26.91,18.99,0.3,14.24,12.87,399.55,3626.51,1.581,8.4,8,0
2026-04-02 17:00:00,0.6025,26.14,43.04,36.28,50.57,131.637,32.862,66.07,264.65,32.35,19.09,1.04,12.08,13.85,407.16,3487.01,1.658,103.1,8,0
2026-04-02 18:00:00,0.6262,26.72,44.69,37.5,50.37,131.045,33.208,68.97,272.16,35.15,17.38,1.04,15.44,11.67,379.11,3528.95,1.379,55.4,8,0
2026-04-02 19:00:00,0.567,27.22,42.55,36.42,48.16,131.972,33.167,62.01,246.74,31.72,14.4,1.64,14.73,11.1,439.57,3509.9,1.699,75.1,8,0
2026-04-02 20:00:00,0.5221,27.37,40.8,35.43,45.12,131.307,33.327,57.39,226.11,35.21,19.42,1.01,13.55,13.49,394.93,3610.63,1.698,27.6,8,0
2026-04-02 21:00:00,0.5541,26.92,41.7,35.79,47.03,131.783,33.505,60.69,238.7,28.42,20.42,1.14,13.93,12.83,390.14,3656.5,1.614,9.0,8,0
2026-04-02 22:00:00,0.5439,26.93,41.27,35.54,47.28,132.172,33.088,59.4,237.27,29.82,17.97,1.05,17.24,11.99,408.89,3472.63,1.545,23.4,8,0
2026-04-02 23:00:00,0.5292,25.35,39.08,33.59,44.14,130.691,32.539,58.45,234.74,27.47,22.92,1.04,12.29,13.0,390.99,3503.83,1.539,8.5,8,0
2026-04-03 00:00:00,0.5204,27.82,41.18,35.84,46.76,131.166,32.815,57.27,228.9,30.33,18.07,1.54,11.78,13.52,407.03,3569.9,1.51,0.4,8,0
2026-04-03 01:00:00,0.442,22.55,32.84,28.72,35.62,131.665,33.577,48.45,190.0,31.03,21.99,0.68,16.04,12.0,381.75,3528.84,1.215,103.7,8,0
2026-04-03 02:00:00,0.4626,22.08,33.15,28.72,36.12,131.965,32.627,50.59,204.63,30.3,21.0,0.81,13.88,12.54,402.85,3428.31,1.341,127.6,8,0
2026-04-03 03:00:00,0.5726,20.86,36.43,30.21,42.02,131.674,33.131,62.76,249.45,28.8,24.52,1.24,18.22,12.87,391.62,3356.53,1.471,85.6,8,0
2026-04-03 04:00:00,0.4979,22.2,34.65,29.67,38.84,131.821,32.336,54.51,222.22,28.75,21.25,1.09,14.8,11.39,388.91,3453.48,1.294,8.1,8,0
2026-04-03 05:00:00,0.5683,17.81,33.19,27.04,38.53,131.534,32.643,62.36,251.28,31.26,17.27,0.93,14.91,13.87,386.54,3527.49,1.699,44.9,8,0
2026-04-03 06:00:00,0.5535,18.76,33.51,27.61,37.95,131.043,33.234,60.96,240.38,29.74,22.27,0.99,16.68,10.54,413.95,3469.74,1.552,72.6,8,0
2026-04-03 07:00:00,0.6024,18.08,34.97,28.21,42.1,131.647,33.009,66.04,263.39,26.77,23.56,1.29,11.77,11.89,395.41,3416.89,1.769,52.7,8,0
2026-04-03 08:00:00,0.6069,18.0,35.09,28.25,41.06,131.859,32.901,66.43,266.23,24.53,16.62,1.16,15.79,13.23,397.91,3454.85,1.622,36.2,8,0
2026-04-03 09:00:00,0.6668,19.07,38.94,30.99,47.64,131.795,32.785,73.03,293.57,28.44,21.44,0.8,14.38,10.5,407.07,3647.73,1.324,0.1,8,0
2026-04-03 10:00:00,0.6748,19.55,39.8,31.7,47.55,132.074,32.473,73.74,299.94,26.08,21.89,1.08,17.16,13.39,417.77,3410.99,1.733,26.8,8,0
2026-04-03 11:00:00,0.6731,18.68,38.85,30.78,47.07,132.276,33.183,73.45,292.79,27.72,19.74,1.0,13.82,12.37,386.82,3476.1,1.469,25.7,8,0
2026-04-03 12:00:00,0.6651,20.36,40.14,32.23,48.11,132.45,32.925,72.48,291.55,28.95,15.32,1.15,15.46,14.07,403.98,3459.99,1.737,8.7,8,0
2026-04-03 13:00:00,0.708,19.5,41.37,32.63,49.24,131.582,32.598,77.66,313.49,29.78,19.57,0.91,14.39,13.0,387.02,3657.78,1.78,73.8,8,0
2026-04-03 14:00:00,0.6602,22.76,42.32,34.49,50.02,130.96,33.008,72.76,288.69,28.22,19.0,0.65,15.94,11.84,397.54,3383.49,1.733,39.0,8,0
2026-04-03 15:00:00,0.6994,23.16,44.61,36.03,54.47,132.839,33.153,75.99,304.49,36.8,23.23,1.21,14.61,12.43,416.64,3438.47,1.711,90.5,8,0
2026-04-03 16:00:00,0.7495,24.98,48.93,39.35,58.68,132.254,32.947,81.8,328.34,26.44,19.99,1.18,15.64,12.48,365.48,3506.48,1.64,61.5,8,0
2026-04-03 17:00:00,0.6905,24.51,45.52,37.12,54.35,131.37,33.031,75.86,301.73,33.85,19.34,1.44,18.62,15.12,386.83,3514.83,1.544,39.2,8,0
2026-04-03 18:00:00,0.6474,27.4,46.35,38.77,54.03,132.183,33.01,70.69,283.08,29.74,18.99,0.62,14.54,12.21,397.2,3591.13,1.806,24.0,8,0
2026-04-03 19:00:00,0.5974,25.8,42.46,35.8,48.77,132.705,32.813,64.98,262.78,28.25,20.82,0.99,15.92,11.88,406.38,3582.86,1.54,4.2,8,0
2026-04-03 20:00:00,0.5159,27.81,40.99,35.72,45.67,133.141,33.014,55.93,225.56,31.99,20.28,0.94,19.68,11.79,418.97,3445.09,1.4,75.2,8,0
2026-04-03 21:00:00,0.5103,26.27,39.22,34.04,44.08,132.165,33.194,55.73,221.9,28.86,18.59,0.89,15.89,12.37,375.21,3526.49,1.521,10.2,8,0
2026-04-03 22:00:00,0.5678,26.14,41.51,35.36,47.6,132.699,33.273,61.75,246.29,27.8,20.7,0.55,10.24,10.38,421.9,3487.57,1.656,69.5,8,0
2026-04-03 23:00:00,0.4897,27.35,39.48,34.63,42.47,131.202,33.209,53.87,212.83,35.59,19.05,0.69,13.78,11.51,408.48,3464.8,1.612,14.2,8,0
2026-04-04 00:00:00,0.4069,25.95,34.97,31.36,37.98,131.976,32.822,44.5,178.93,23.64,14.98,1.09,12.7,10.57,397.06,3582.72,1.241,94.2,8,0
2026-04-04 01:00:00,0.42,25.31,34.79,31.0,37.64,131.779,33.168,46.0,182.76,29.49,21.5,0.86,16.96,10.76,378.64,3521.78,1.572,74.7,8,0
2026-04-04 02:00:00,0.396,24.42,33.06,29.6,35.41,132.226,33.123,43.23,172.56,30.79,21.31,0.76,14.92,13.29,392.08,3628.99,1.501,75.4,8,0
2026-04-04 03:00:00,0.3995,20.8,29.55,26.05,33.3,133.063,32.813,43.34,175.75,34.45,20.57,1.44,17.24,12.12,416.05,3539.51,1.348,60.7,8,0
2026-04-04 04:00:00,0.4483,21.86,32.39,28.18,35.22,132.165,32.877,48.96,196.83,29.03,19.28,1.72,16.34,10.97,401.07,3575.61,1.301,59.4,8,0
2026-04-04 05:00:00,0.4407,17.86,28.11,24.01,30.29,131.381,33.179,48.42,191.72,38.21,20.02,0.99,16.33,11.86,397.96,3284.3,1.635,24.1,8,0
2026-04-04 06:00:00,0.4657,19.28,30.47,25.99,34.79,131.166,33.364,51.25,201.48,32.5,21.81,0.56,12.67,11.71,386.1,3508.68,1.662,97.6,8,0
2026-04-04 07:00:00,0.4865,17.54,29.54,24.74,32.43,133.086,32.522,52.76,215.93,23.12,18.9,1.13,16.12,12.16,411.69,3536.16,1.679,11.2,8,0
2026-04-04 08:00:00,0.5476,16.93,31.43,25.63,34.99,132.339,33.433,59.73,236.42,25.86,21.89,0.39,17.85,9.82,398.43,3543.55,1.278,9.6,8,0
2026-04-04 09:00:00,0.5455,18.65,33.06,27.29,38.84,132.296,33.307,59.51,236.39,30.94,17.22,0.61,12.22,10.45,397.12,3625.34,1.441,14.6,8,0
2026-04-04 10:00:00,0.5647,19.48,34.71,28.62,40.26,131.773,33.053,61.85,246.6,26.79,20.5,1.14,14.48,9.92,399.24,3551.21,1.491,126.5,8,0
2026-04-04 11:00:00,0.6015,20.24,37.09,30.35,43.62,132.177,32.936,65.68,263.58,31.87,20.22,0.6,15.82,10.73,390.99,3404.79,1.726,17.5,8,0
2026-04-04 12:00:00,0.5878,20.58,36.82,30.32,42.34,131.349,33.103,64.59,256.29,28.86,22.17,0.92,15.31,11.0,388.44,3544.92,1.615,93.4,8,0
2026-04-04 13:00:00,0.5866,21.7,37.89,31.41,42.63,132.256,32.831,64.02,257.89,26.64,18.33,0.57,17.99,10.53,377.88,3568.83,1.46,109.9,8,0
2026-04-04 14:00:00,0.6062,23.39,40.45,33.63,45.75,131.225,32.953,66.67,265.51,27.33,18.55,1.03,16.57,13.23,391.38,3453.08,1.527,10.4,8,0
2026-04-04 15:00:00,0.6036,24.46,41.41,34.63,47.38,131.763,32.611,66.12,267.16,32.78,17.38,1.35,15.92,14.84,373.67,3468.98,1.609,38.2,8,0
2026-04-04 16:00:00,0.5656,25.91,41.18,35.07,45.6,131.576,32.54,62.05,250.9,24.16,19.04,0.83,16.75,13.32,407.96,3564.93,1.595,61.2,8,0
2026-04-04 17:00:00,0.5549,26.6,41.41,35.49,46.89,129.85,33.616,61.68,238.25,33.36,20.68,1.01,16.64,11.24,390.66,3502.29,1.73,14.3,8,0
2026-04-04 18:00:00,0.5085,28.04,40.91,35.76,44.94,131.771,33.017,55.7,222.3,33.45,16.57,0.77,15.19,12.4,394.79,3589.63,1.673,41.8,8,0
2026-04-04 19:00:00,0.4841,26.07,37.97,33.21,42.1,131.407,33.054,53.18,211.41,29.23,19.28,0.79,14.4,11.98,400.12,3517.03,1.629,124.7,8,0
2026-04-04 20:00:00,0.511,27.73,40.71,35.52,45.28,131.861,32.992,55.94,223.57,26.01,21.39,0.76,17.09,11.17,388.64,3327.63,1.341,5.5,8,0
2026-04-04 21:00:00,0.4808,26.31,38.08,33.37,42.32,132.001,32.781,52.57,211.7,31.89,19.96,1.25,13.63,14.07,383.05,3506.94,1.335,73.1,8,0
2026-04-04 22:00:00,0.4635,27.47,38.57,34.13,42.63,133.167,32.919,50.24,203.23,28.77,20.32,0.59,14.97,15.1,404.0,3470.51,1.283,22.7,8,0
2026-04-04 23:00:00,0.4448,28.04,38.44,34.28,41.52,132.201,33.024,48.56,194.39,25.68,17.16,0.91,12.8,9.88,429.01,3551.64,1.486,166.1,8,0
2026-04-05 00:00:00,0.4292,25.09,34.91,30.98,38.19,132.221,32.948,46.85,188.02,35.95,19.97,1.13,16.58,14.25,414.33,3536.27,1.344,42.2,8,0
2026-04-05 01:00:00,0.4458,24.49,34.92,30.75,38.49,132.327,32.801,48.63,196.17,27.57,20.23,1.28,17.58,11.2,419.88,3427.03,1.512,41.6,8,0
2026-04-05 02:00:00,0.4559,23.82,34.63,30.31,36.22,132.575,33.127,49.63,198.63,25.81,19.84,1.14,13.24,11.69,381.2,3518.32,1.539,215.7,8,0
2026-04-05 03:00:00,0.4636,19.7,30.81,26.37,34.98,132.3,33.05,50.58,202.48,31.08,20.48,0.99,14.81,12.51,397.81,3545.34,1.469,160.4,8,0
2026-04-05 04:00:00,0.4468,20.04,30.51,26.32,34.03,132.186,33.104,48.79,194.81,30.02,19.55,0.84,14.15,14.41,397.71,3537.99,1.559,5.4,8,0
2026-04-05 05:00:00,0.509,19.89,32.79,27.63,37.65,132.469,33.186,55.46,221.39,34.68,19.26,1.29,17.26,12.51,422.1,3580.64,1.362,29.5,8,0
2026-04-05 06:00:00,0.4948,15.84,28.16,23.23,31.3,130.398,32.955,54.77,216.7,29.08,18.09,0.75,17.95,12.7,414.43,3420.69,1.23,254.1,8,0
2026-04-05 07:00:00,0.5289,17.26,30.97,25.49,35.47,133.379,32.955,57.23,231.64,29.12,22.12,0.76,14.15,13.36,398.22,3489.99,1.363,231.2,8,0
2026-04-05 08:00:00,0.5404,19.17,33.36,27.68,37.45,133.049,33.391,58.62,233.58,31.23,17.72,1.42,8.93,13.6,366.35,3324.25,1.6,74.8,8,0
2026-04-05 09:00:00,0.5598,19.24,34.26,28.25,40.18,132.143,32.751,61.15,246.72,30.82,20.49,1.12,17.42,12.85,383.3,3596.89,1.761,20.1,8,0
2026-04-05 10:00:00,0.5479,19.11,33.62,27.82,37.6,131.067,32.505,60.34,243.31,30.92,23.8,1.13,15.2,13.61,410.17,3512.26,1.701,57.5,8,0
2026-04-05 11:00:00,0.6046,20.41,37.4,30.6,42.87,132.799,33.147,65.71,263.26,31.04,22.37,1.19,15.21,11.19,395.87,3495.59,1.477,1.2,8,0
2026-04-05 12:00:00,0.6774,20.78,41.15,33.0,49.38,131.542,32.834,74.33,297.77,30.72,21.19,0.98,17.04,9.48,399.03,3494.29,1.688,38.7,8,0
2026-04-05 13:00:00,0.5837,22.33,38.38,31.96,43.67,132.352,32.716,63.65,257.51,28.98,20.67,0.58,14.39,14.82,409.88,3542.95,1.289,54.8,8,0
2026-04-05 14:00:00,0.5941,22.75,39.27,32.66,44.53,131.153,33.234,65.39,258.04,32.72,19.91,1.09,13.85,10.53,417.66,3587.79,1.735,61.0,8,0
2026-04-05 15:00:00,0.5701,24.47,39.94,33.75,46.19,133.469,32.962,61.66,249.66,29.15,18.37,1.01,14.4,11.28,389.0,3481.24,1.57,31.1,8,0
2026-04-05 16:00:00,0.5554,24.93,39.76,33.83,45.76,131.048,32.666,61.17,245.39,32.64,19.66,0.75,16.09,11.59,409.56,3537.3,1.602,183.9,8,0
2026-04-05 17:00:00,0.5987,27.86,44.59,37.9,51.26,132.046,33.511,65.45,257.89,34.39,21.32,0.68,16.87,11.33,424.85,3536.37,1.219,90.5,8,0
2026-04-05 18:00:00,0.5117,28.92,41.92,36.72,47.06,130.599,32.575,56.56,226.74,28.19,20.95,1.0,18.38,11.0,422.1,3328.67,1.532,46.1,8,0
2026-04-05 19:00:00,0.4957,29.27,41.64,36.69,45.63,131.973,32.977,54.21,216.96,37.44,21.75,0.6,15.92,12.78,392.72,3447.91,1.731,42.9,8,0
2026-04-05 20:00:00,0.4403,27.66,37.88,33.79,41.02,131.719,32.501,48.25,195.53,28.09,22.61,0.97,14.82,12.8,405.11,3539.39,1.471,72.6,8,0
2026-04-05 21:00:00,0.4447,26.94,37.33,33.17,40.17,132.751,33.071,48.35,194.08,28.11,19.85,0.93,16.89,13.02,411.94,3603.26,1.416,0.8,8,0
2026-04-05 22:00:00,0.3986,28.67,37.39,33.9,40.23,131.719,32.831,43.67,175.22,31.85,20.55,0.98,13.17,12.92,400.98,3613.28,1.368,14.4,9,0
2026-04-05 23:00:00,0.4553,27.14,37.93,33.62,41.03,132.751,33.216,49.5,197.83,31.55,16.37,1.13,17.95,11.46,396.95,3406.58,1.327,52.6,9,0
2026-04-06 00:00:00,0.5872,26.09,42.31,35.82,47.82,131.324,32.995,64.54,256.88,30.44,24.68,1.2,15.54,11.46,374.73,3584.51,1.514,17.6,9,0
2026-04-06 01:00:00,0.4888,23.92,36.01,31.18,40.56,131.814,33.357,53.53,211.52,32.68,19.34,0.8,14.66,13.76,387.71,3587.21,1.269,14.2,9,0
2026-04-06 02:00:00,0.4532,23.69,34.4,30.12,38.84,131.827,32.887,49.62,198.92,30.99,21.47,1.27,13.18,11.3,390.25,3537.58,1.502,31.6,9,0
2026-04-06 03:00:00,0.5402,20.88,35.07,29.4,40.35,132.327,32.576,58.93,239.36,36.43,19.34,0.95,16.37,11.27,381.76,3342.97,1.644,62.0,9,0
2026-04-06 04:00:00,0.5073,21.4,34.23,29.1,40.04,132.243,33.063,55.37,221.47,30.07,19.3,1.54,14.55,13.48,402.33,3461.59,1.397,15.7,9,0
2026-04-06 05:00:00,0.5888,21.11,37.39,30.88,42.72,132.477,32.933,64.15,258.06,27.66,19.7,0.84,14.93,12.06,413.68,3513.23,1.559,16.9,9,0
2026-04-06 06:00:00,0.5655,20.56,35.83,29.72,39.79,132.176,32.52,61.75,250.99,28.57,17.68,0.53,11.77,11.33,394.4,3485.69,1.481,51.9,9,0
2026-04-06 07:00:00,0.5809,19.14,35.08,28.7,41.38,132.436,32.721,63.31,256.23,31.64,15.21,1.26,14.24,11.34,367.63,3331.08,1.557,218.9,9,0
2026-04-06 08:00:00,0.6204,16.88,34.58,27.5,40.51,131.407,32.805,68.14,272.95,31.69,22.49,1.14,13.98,13.77,398.91,3483.67,1.654,48.5,9,0
2026-04-06 09:00:00,0.6726,18.63,38.78,30.72,46.25,132.257,33.411,73.4,290.56,30.85,21.26,1.37,15.95,12.96,404.8,3430.12,1.606,11.1,9,0
2026-04-06 10:00:00,0.6637,21.07,40.8,32.91,46.87,133.061,33.187,72.0,288.67,27.68,18.34,1.1,14.58,12.44,403.78,3551.84,1.668,3.2,9,0
2026-04-06 11:00:00,0.6715,18.86,38.95,30.92,45.9,130.891,32.908,74.05,294.54,33.55,21.08,1.71,9.82,10.34,389.87,3542.97,1.622,49.1,9,0
2026-04-06 12:00:00,0.6905,20.7,41.71,33.31,48.62,132.323,33.124,75.32,300.86,36.04,21.82,0.95,14.28,12.45,382.61,3546.42,1.682,74.0,9,0
2026-04-06 13:00:00,0.6617,23.38,43.01,35.16,50.1,132.447,32.462,72.11,294.21,30.32,18.79,1.33,12.21,11.77,413.98,3475.03,1.586,21.7,9,0
2026-04-06 14:00:00,0.7083,23.88,45.77,37.01,53.98,132.964,32.851,76.89,311.22,35.66,21.0,0.85,13.03,10.72,405.96,3506.21,1.611,123.2,9,0
2026-04-06 15:00:00,0.6328,27.04,45.31,38.0,52.19,132.479,33.106,68.95,275.91,32.83,22.19,1.16,17.12,11.18,390.47,3497.87,1.628,120.9,9,0
2026-04-06 16:00:00,0.6572,25.03,44.44,36.68,52.78,132.066,33.044,71.83,287.08,36.89,17.3,1.21,11.74,13.13,378.17,3577.68,1.525,155.3,9,0
2026-04-06 17:00:00,0.6726,25.81,45.96,37.9,54.19,132.284,32.858,73.39,295.47,31.65,21.24,1.26,15.7,13.95,404.03,3461.92,1.611,50.5,9,0
2026-04-06 18:00:00,0.6348,28.82,47.18,39.84,52.74,131.515,32.99,69.67,277.74,30.64,20.9,1.24,14.1,10.5,387.23,3444.02,1.391,31.9,9,0
2026-04-06 19:00:00,0.6175,26.9,44.47,37.44,51.44,131.744,33.089,67.66,269.38,32.76,23.93,0.04,13.71,10.69,406.43,3581.52,1.244,25.1,9,0
2026-04-06 20:00:00,0.572,28.07,43.61,37.39,49.26,131.118,32.998,62.97,250.2,28.93,21.29,0.99,13.16,13.13,403.06,3570.27,1.507,74.3,9,0
2026-04-06 21:00:00,0.5849,28.03,44.14,37.69,49.88,132.981,33.227,63.49,254.09,31.45,19.35,0.84,15.75,11.47,431.84,3541.88,1.38,28.6,9,0
2026-04-06 22:00:00,0.5569,28.63,43.52,37.57,48.78,132.297,33.084,60.75,242.95,34.22,19.58,0.9,15.98,12.92,399.52,3630.95,1.775,45.3,9,0
2026-04-06 23:00:00,0.5266,27.41,41.03,35.59,45.91,131.395,33.135,57.85,229.4,32.69,24.22,0.93,11.66,11.45,430.7,3671.68,1.35,35.5,9,0
2026-04-07 00:00:00,0.531,26.42,40.22,34.7,44.46,132.179,33.452,57.98,229.11,30.14,19.46,1.3,17.42,12.95,401.92,3603.06,1.587,2.7,9,0
2026-04-07 01:00:00,0.5223,24.35,37.79,32.42,42.28,132.765,33.218,56.78,226.93,30.83,21.35,1.07,12.74,10.03,390.69,3444.82,1.361,84.7,9,0
2026-04-07 02:00:00,0.49,24.68,36.81,31.96,41.84,132.655,33.46,53.31,211.37,32.5,19.7,0.86,15.89,12.91,384.86,3571.1,1.448,20.0,9,0
2026-04-07 03:00:00,0.4728,26.19,37.66,33.07,40.89,131.388,32.823,51.94,207.93,32.4,22.34,0.57,12.75,8.94,387.54,3513.43,1.276,13.0,9,0
2026-04-07 04:00:00,0.5417,21.65,35.9,30.2,40.06,129.932,32.58,60.17,239.97,32.48,22.43,1.47,14.2,13.47,407.13,3459.63,1.296,241.4,9,0
2026-04-07 05:00:00,0.5661,20.03,35.32,29.2,40.72,132.261,32.963,61.78,247.9,31.25,20.13,0.82,12.56,12.04,402.63,3445.33,1.533,16.4,9,0
2026-04-07 06:00:00,0.6066,17.83,34.91,28.08,40.26,131.415,32.94,66.62,265.79,27.76,19.36,0.97,14.06,12.75,373.11,3526.16,1.45,56.9,9,0
2026-04-07 07:00:00,0.5717,17.99,33.53,27.31,37.7,132.411,33.385,62.32,247.15,28.24,19.31,1.65,14.71,12.44,416.0,3569.97,1.604,3.5,9,0
2026-04-07 08:00:00,0.5984,18.25,34.96,28.28,40.77,132.627,32.702,65.13,264.14,31.61,16.72,0.83,12.82,9.53,422.85,3614.97,1.693,30.8,9,0
2026-04-07 09:00:00,0.6636,18.1,37.81,29.93,46.46,132.735,32.979,72.16,290.41,32.73,20.37,0.93,15.74,14.14,372.96,3558.55,1.299,2.4,9,0
2026-04-07 10:00:00,0.6683,19.12,39.06,31.08,46.62,133.152,33.107,72.45,291.37,32.34,20.33,1.08,16.01,12.59,415.87,3550.54,1.698,22.1,9,0
2026-04-07 11:00:00,0.6298,21.7,39.84,32.58,46.72,132.816,33.026,68.44,275.24,28.21,18.54,0.53,20.53,13.22,425.94,3488.16,1.371,23.6,9,0
2026-04-07 12:00:00,0.7076,22.21,44.06,35.32,50.87,133.155,32.955,76.7,309.92,29.78,16.5,0.5,16.97,10.89,373.75,3521.95,1.504,9.3,9,0
2026-04-07 13:00:00,0.6442,22.01,40.81,33.29,48.22,132.91,33.095,69.96,280.95,26.71,20.59,0.87,17.47,12.45,393.69,3385.04,1.312,47.7,9,0
2026-04-07 14:00:00,0.668,22.25,42.18,34.21,49.84,132.968,33.285,72.51,289.67,26.06,20.84,0.88,11.58,10.12,387.95,3549.85,1.328,8.1,9,0
2026-04-07 15:00:00,0.7269,26.09,48.9,39.78,57.36,131.973,33.405,79.5,314.08,30.48,20.96,1.05,11.2,12.31,415.3,3539.17,1.272,59.0,9,0
2026-04-07 16:00:00,0.7252,25.91,48.64,39.55,57.72,131.149,33.009,79.81,317.11,34.31,18.19,0.72,14.52,10.68,394.48,3657.78,1.502,107.2,9,0
2026-04-07 17:00:00,0.6133,25.27,42.65,35.7,49.18,133.638,32.785,66.24,270.01,30.53,20.97,1.14,18.69,19.6,393.88,3501.47,1.516,6.9,9,0
2026-04-07 18:00:00,0.6158,28.5,46.0,39.0,51.59,132.042,33.405,67.31,266.06,35.96,19.82,0.36,20.06,12.99,407.02,3599.95,1.452,13.0,9,0
2026-04-07 19:00:00,0.601,29.32,46.14,39.41,52.55,132.811,32.716,65.32,265.17,29.74,21.9,0.99,13.74,14.08,424.09,3466.7,1.232,80.5,9,0
2026-04-07 20:00:00,0.6273,26.04,44.06,36.85,51.7,131.637,33.473,68.78,270.5,30.33,18.22,1.12,13.94,11.71,399.77,3640.41,1.22,63.3,9,0
2026-04-07 21:00:00,0.535,27.47,41.43,35.85,46.12,132.636,33.355,58.22,231.5,27.26,22.47,1.11,16.2,12.69,393.64,3620.61,1.469,81.0,9,0
2026-04-07 22:00:00,0.5147,27.68,40.81,35.56,44.62,130.386,33.393,56.98,222.49,29.19,23.19,0.96,14.72,13.45,396.43,3595.21,1.576,29.5,9,0
2026-04-07 23:00:00,0.5596,27.73,42.74,36.74,47.92,131.729,33.181,61.32,243.43,26.66,20.41,0.81,14.77,10.48,410.57,3509.47,1.517,63.1,9,0
2026-04-08 00:00:00,0.4918,25.64,37.85,32.97,42.65,131.935,32.442,53.81,218.82,25.6,20.98,0.95,16.39,11.08,380.73,3486.88,1.726,6.6,9,0
2026-04-08 01:00:00,0.5213,24.12,37.52,32.16,41.16,132.305,32.726,56.87,229.93,26.71,21.74,1.38,20.55,13.55,400.45,3474.98,1.455,29.1,9,0
2026-04-08 02:00:00,0.4588,24.39,35.31,30.94,39.35,132.708,33.081,49.9,200.16,30.49,18.12,0.83,17.73,11.76,386.63,3426.84,1.477,1.7,9,0
2026-04-08 03:00:00,0.5079,21.9,34.75,29.61,38.59,131.278,32.822,55.85,223.37,28.02,19.2,1.31,18.85,10.97,382.65,3542.07,1.451,2.2,9,0
2026-04-08 04:00:00,0.4792,21.7,33.41,28.73,37.51,132.436,32.917,52.22,210.11,28.73,20.54,1.35,11.43,11.14,371.53,3484.8,1.322,3.4,9,0
2026-04-08 05:00:00,0.518,19.01,32.28,26.97,36.39,132.81,33.162,56.3,225.46,31.46,24.23,0.49,17.27,10.25,392.98,3535.28,1.434,17.3,9,0
2026-04-08 06:00:00,0.599,17.98,34.71,28.02,40.36,133.548,32.955,64.73,262.33,25.59,17.78,0.97,13.22,9.15,416.88,3518.25,1.625,76.5,9,0
2026-04-08 07:00:00,0.5982,19.58,36.28,29.6,43.59,132.466,32.678,65.18,264.21,30.48,23.45,0.72,18.47,9.54,370.95,3418.77,1.631,26.7,9,0
2026-04-08 08:00:00,0.616,18.91,36.41,29.41,41.74,131.697,33.234,67.51,267.52,32.78,19.79,0.56,17.83,12.16,408.84,3589.57,1.562,70.6,9,0
2026-04-08 09:00:00,0.6272,19.75,37.77,30.56,44.84,131.161,33.136,69.02,273.2,33.04,20.11,1.25,16.32,13.1,390.97,3512.36,1.751,8.1,9,0
2026-04-08 10:00:00,0.6638,18.8,38.52,30.63,47.4,133.207,32.934,71.92,290.9,31.78,22.61,1.15,13.63,15.87,384.75,3573.65,1.6,73.0,9,0
2026-04-08 11:00:00,0.6953,19.33,40.57,32.08,49.34,132.487,33.188,75.75,302.39,30.08,24.22,1.09,14.15,12.03,405.86,3411.45,1.597,13.2,9,0
2026-04-08 12:00:00,0.7257,22.52,45.27,36.17,53.16,131.985,33.025,79.37,317.19,28.36,21.02,0.69,14.31,10.17,420.36,3443.57,1.788,72.8,9,0
2026-04-08 13:00:00,0.6209,20.84,38.57,31.48,44.1,130.931,33.351,68.45,268.71,29.99,22.51,1.07,16.64,12.05,423.17,3473.29,1.403,38.2,9,0
2026-04-08 14:00:00,0.6713,24.91,44.99,36.96,52.05,131.385,33.04,73.75,293.26,35.19,18.34,0.62,15.92,13.14,404.96,3524.12,1.75,23.9,9,0
2026-04-08 15:00:00,0.691,26.27,47.31,38.9,55.56,132.417,33.35,75.32,299.08,31.05,19.12,1.03,17.96,13.63,399.65,3496.4,1.399,36.1,9,0
2026-04-08 16:00:00,0.6674,27.02,46.92,38.96,54.67,132.234,32.505,72.85,296.36,29.91,17.47,0.81,18.34,13.49,406.58,3613.84,1.494,25.8,9,0
2026-04-08 17:00:00,0.6618,26.51,46.14,38.28,52.56,130.715,33.121,73.07,288.39,31.93,19.14,1.33,13.43,12.95,437.86,3587.46,1.255,93.9,9,0
2026-04-08 18:00:00,0.6336,27.17,45.48,38.16,51.61,132.418,32.895,69.06,278.0,30.38,21.31,0.9,16.07,12.23,396.31,3446.22,1.554,63.0,9,0
2026-04-08 19:00:00,0.5905,28.28,44.64,38.09,49.92,130.965,32.773,65.08,260.07,30.91,20.6,1.08,16.04,13.19,417.73,3740.4,1.694,10.8,9,0
2026-04-08 20:00:00,0.558,27.36,42.3,36.33,47.45,132.894,33.306,60.6,241.81,29.49,23.63,1.08,14.93,10.31,391.82,3497.91,1.338,21.1,9,0
2026-04-08 21:00:00,0.5423,27.53,41.8,36.09,48.39,132.138,33.235,59.24,235.52,28.99,24.29,0.99,17.0,9.08,388.25,3608.0,1.429,2.7,9,0
2026-04-08 22:00:00,0.5634,28.63,43.81,37.74,48.46,131.694,32.47,61.75,250.45,33.22,19.9,1.04,16.1,15.23,427.24,3481.94,1.448,58.5,9,0
2026-04-08 23:00:00,0.4911,27.84,40.02,35.15,43.34,132.654,33.189,53.44,213.58,24.38,18.82,1.1,13.97,12.02,400.75,3554.68,1.413,35.8,9,0
2026-04-09 00:00:00,0.5011,25.31,37.88,32.85,41.25,132.233,33.157,54.69,218.13,31.67,22.5,0.74,14.83,12.89,404.07,3580.7,1.293,28.6,9,0
2026-04-09 01:00:00,0.5051,25.83,38.56,33.47,43.41,132.874,32.809,54.86,222.19,28.81,22.71,1.13,14.42,7.89,408.91,3384.37,1.458,13.0,9,0
2026-04-09 02:00:00,0.5498,24.31,38.9,33.06,44.01,132.053,32.779,60.09,242.08,24.52,21.06,1.27,13.66,14.41,387.32,3644.47,1.71,2.6,9,0
2026-04-09 03:00:00,0.5039,24.07,36.76,31.69,40.37,132.092,32.58,55.07,223.26,27.31,21.59,1.13,14.95,13.82,394.13,3442.21,1.377,84.6,9,0
2026-04-09 04:00:00,0.5576,21.92,36.85,30.88,41.84,131.812,32.911,61.06,244.55,30.13,21.28,0.91,12.52,9.74,391.08,3476.79,1.513,91.6,9,0
2026-04-09 05:00:00,0.5865,21.38,37.56,31.09,42.78,132.174,32.953,64.05,256.9,30.54,18.2,1.06,16.07,11.61,405.69,3456.3,1.527,178.7,9,0
2026-04-09 06:00:00,0.5718,20.0,35.54,29.32,41.33,133.121,33.21,61.99,248.5,32.46,17.74,0.9,17.93,12.49,406.21,3459.34,1.427,121.1,9,0
2026-04-09 07:00:00,0.5932,20.01,36.49,29.89,44.62,131.668,33.071,65.03,258.91,32.66,20.08,0.98,15.22,10.19,391.7,3463.11,1.538,126.9,9,0
2026-04-09 08:00:00,0.6156,17.57,35.05,28.06,41.93,132.428,32.72,67.09,271.54,25.6,19.78,0.66,17.01,12.82,431.12,3409.2,1.451,24.4,9,0
2026-04-09 09:00:00,0.6419,18.9,37.6,30.12,44.53,131.419,33.063,70.5,280.21,31.37,20.73,1.43,15.43,13.66,400.3,3565.62,1.584,25.4,9,0
2026-04-09 10:00:00,0.6959,19.49,40.76,32.25,48.46,130.636,32.933,76.89,304.99,32.42,19.91,1.59,13.07,12.57,402.25,3513.95,1.537,34.7,9,0
2026-04-09 11:00:00,0.6931,20.08,41.21,32.76,48.3,132.137,32.753,75.71,305.43,30.89,16.77,0.8,19.13,9.74,420.86,3493.67,1.336,11.7,9,0
2026-04-09 12:00:00,0.7032,21.8,43.43,34.78,52.43,132.244,32.58,76.75,311.53,31.74,15.95,1.25,10.27,10.53,387.59,3586.02,1.282,15.1,9,0
2026-04-09 13:00:00,0.6658,23.2,43.02,35.09,51.1,131.927,33.165,72.84,289.76,24.44,21.65,1.45,15.14,11.9,392.9,3646.05,1.212,21.5,9,0
2026-04-09 14:00:00,0.6671,24.25,44.13,36.18,51.32,131.013,33.118,73.5,290.75,27.27,18.85,0.72,13.58,11.71,404.99,3379.93,1.472,70.7,9,0
2026-04-09 15:00:00,0.7505,24.97,48.98,39.38,59.52,132.201,33.147,81.94,326.79,34.34,19.71,0.36,18.28,11.75,378.58,3634.63,1.7,0.0,9,0
2026-04-09 16:00:00,0.6649,25.62,45.4,37.49,52.93,132.176,32.808,72.61,292.54,29.4,19.06,1.47,15.55,11.69,397.15,3502.89,1.423,1.6,9,0
2026-04-09 17:00:00,0.6263,28.49,46.46,39.27,53.75,131.413,33.045,68.79,273.57,36.91,18.35,1.01,20.23,9.38,431.48,3396.67,1.476,74.3,9,0
2026-04-09 18:00:00,0.6684,28.54,48.48,40.5,56.31,131.107,32.637,73.58,295.59,26.4,18.3,0.86,15.19,13.3,428.15,3537.77,1.436,4.6,9,0
2026-04-09 19:00:00,0.608,27.67,44.81,37.95,50.95,131.833,32.74,66.57,268.05,34.93,22.22,1.03,13.6,13.03,414.17,3495.4,1.379,14.8,9,0
2026-04-09 20:00:00,0.591,28.66,45.04,38.49,50.22,132.431,33.009,64.42,258.43,28.41,19.7,0.9,11.7,12.87,418.45,3573.6,1.826,0.4,9,0
2026-04-09 21:00:00,0.5454,26.94,41.35,35.59,46.29,132.275,33.069,59.52,238.06,32.83,21.45,1.9,17.33,12.73,408.11,3516.39,1.353,147.8,9,0
2026-04-09 22:00:00,0.5193,28.22,41.54,36.21,46.8,131.419,32.57,57.03,230.13,29.35,21.72,0.85,13.45,11.66,394.24,3533.3,1.257,44.9,9,0
2026-04-09 23:00:00,0.5079,27.19,40.04,34.9,44.02,132.09,32.721,55.5,224.03,30.59,20.81,1.11,14.28,11.18,425.37,3469.94,1.32,20.2,9,0
2026-04-10 00:00:00,0.4614,25.98,37.0,32.59,40.97,132.586,32.904,50.23,202.38,32.02,21.78,1.4,17.58,10.56,386.48,3422.49,1.442,98.7,9,0
2026-04-10 01:00:00,0.4968,26.93,39.34,34.37,42.67,131.226,33.253,54.64,215.64,28.4,20.21,1.4,17.23,14.4,415.24,3564.1,1.362,8.9,9,0
2026-04-10 02:00:00,0.5117,22.89,35.9,30.7,40.98,132.042,32.785,55.94,225.29,32.64,22.91,1.34,13.9,12.06,393.08,3462.77,1.499,56.8,9,0
2026-04-10 03:00:00,0.5683,23.46,38.85,32.69,44.59,132.884,33.037,61.73,248.31,29.44,21.83,0.88,14.21,9.6,393.98,3536.96,1.375,42.5,9,0
2026-04-10 04:00:00,0.5313,23.74,37.55,32.03,41.39,131.159,33.065,58.47,231.93,30.77,22.09,0.97,11.61,12.05,408.8,3623.64,1.377,48.2,9,0
2026-04-10 05:00:00,0.4794,21.59,33.31,28.62,37.04,132.763,32.934,52.12,210.11,22.3,18.3,0.36,11.01,8.96,431.23,3491.99,1.334,19.7,9,0
2026-04-10 06:00:00,0.5707,19.69,35.18,28.98,41.46,133.069,33.071,61.91,249.1,29.23,20.71,0.99,16.65,12.46,422.15,3560.78,1.472,32.0,9,0
2026-04-10 07:00:00,0.6816,18.09,38.67,30.43,45.56,131.853,32.645,74.62,301.37,34.03,16.51,1.02,16.87,12.3,405.8,3502.33,1.648,13.0,9,0
2026-04-10 08:00:00,0.6513,17.69,36.82,29.17,43.18,131.774,32.827,71.34,286.38,32.32,22.98,1.23,15.83,11.28,401.66,3475.6,1.649,15.8,9,0
2026-04-10 09:00:00,0.6251,18.81,36.73,29.56,43.32,132.682,33.379,68.0,270.31,32.9,18.93,1.55,15.49,10.68,412.44,3379.79,1.724,7.8,9,0
2026-04-10 10:00:00,0.6879,19.03,39.92,31.56,49.67,131.877,33.397,75.29,297.29,30.4,19.21,1.23,13.71,12.93,421.19,3501.63,1.347,12.5,9,0
2026-04-10 11:00:00,0.6638,19.8,39.52,31.63,46.47,130.447,33.223,73.45,288.38,35.27,17.44,1.33,18.06,11.97,374.31,3491.64,1.376,63.3,9,0
2026-04-10 12:00:00,0.6554,21.22,40.55,32.82,48.25,131.935,33.291,71.7,284.17,31.1,20.11,1.01,11.55,9.18,398.81,3435.12,1.39,0.2,9,0
2026-04-10 13:00:00,0.689,22.65,43.59,35.22,51.87,132.31,32.518,75.16,305.82,28.26,19.64,1.4,14.18,13.9,384.93,3341.98,1.544,86.6,9,0
2026-04-10 14:00:00,0.6988,24.54,45.95,37.38,53.78,132.488,32.75,76.13,307.97,32.8,23.83,1.02,15.44,10.68,397.44,3371.18,1.388,19.2,9,0
2026-04-10 15:00:00,0.6299,24.11,42.24,34.99,49.12,131.419,32.918,69.18,276.18,33.01,21.9,1.35,15.12,10.11,381.85,3647.61,1.412,102.8,9,0
2026-04-10 16:00:00,0.6357,25.87,44.27,36.91,50.78,131.822,33.638,69.6,272.76,32.13,19.15,1.25,15.12,14.13,373.63,3507.82,1.621,5.4,9,0
2026-04-10 17:00:00,0.6497,27.43,46.49,38.86,53.38,132.645,32.917,70.7,284.9,29.03,16.85,1.13,14.08,13.68,380.93,3389.9,1.685,236.0,9,0
2026-04-10 18:00:00,0.6131,28.18,45.55,38.61,50.62,131.96,33.197,67.06,266.56,31.08,15.61,0.55,16.2,11.46,392.42,3456.63,1.61,10.1,9,0
2026-04-10 19:00:00,0.6113,30.72,48.01,41.09,54.34,130.991,33.1,67.36,266.56,34.42,18.13,1.34,12.69,10.21,409.52,3505.61,1.554,34.2,9,0
2026-04-10 20:00:00,0.5371,29.28,43.34,37.72,48.96,132.817,33.094,58.37,234.26,31.67,17.52,1.13,14.83,10.73,388.51,3540.71,1.369,11.3,9,0
2026-04-10 21:00:00,0.5709,27.27,42.76,36.56,48.35,131.859,32.994,62.49,249.73,25.81,20.88,1.22,15.98,11.43,387.74,3486.15,1.489,92.1,9,0
2026-04-10 22:00:00,0.4932,28.8,41.06,36.16,46.07,132.72,32.683,53.64,217.81,28.35,19.89,1.11,14.46,13.91,406.66,3666.51,1.618,2.4,9,0
2026-04-10 23:00:00,0.5621,28.13,43.25,37.2,49.09,131.079,32.287,61.9,251.29,28.21,20.22,1.16,15.13,14.03,405.02,3670.28,1.58,55.6,9,0
2026-04-11 00:00:00,0.3758,26.62,34.56,31.38,36.91,131.92,33.338,41.12,162.71,27.98,18.28,1.4,15.55,12.34,426.25,3535.45,1.521,79.0,9,0
2026-04-11 01:00:00,0.3916,24.32,32.8,29.41,34.91,132.336,32.837,42.71,172.14,23.91,20.48,0.87,11.6,13.07,414.74,3475.52,1.538,76.4,9,0
2026-04-11 02:00:00,0.4398,26.0,36.21,32.13,39.11,131.942,32.507,48.11,195.29,35.91,17.34,1.15,11.79,11.78,385.33,3535.42,1.371,2.0,9,0
2026-04-11 03:00:00,0.4857,21.88,33.85,29.06,36.68,131.219,33.116,53.43,211.7,27.61,20.0,0.78,15.39,10.78,390.66,3398.51,1.538,9.2,9,0
2026-04-11 04:00:00,0.4588,22.4,33.33,28.96,36.69,130.425,33.111,50.77,199.98,27.83,21.84,1.19,13.9,9.84,411.92,3584.78,1.372,187.5,9,0
2026-04-11 05:00:00,0.4838,20.91,32.8,28.04,36.9,133.005,33.203,52.5,210.31,24.42,19.45,1.09,14.02,12.57,387.42,3518.56,1.531,44.2,9,0
2026-04-11 06:00:00,0.4879,20.51,32.57,27.75,37.99,132.164,33.295,53.29,211.53,32.84,21.07,0.82,16.26,13.44,395.86,3408.26,1.628,59.8,9,0
2026-04-11 07:00:00,0.4786,21.12,32.81,28.13,37.13,132.77,32.757,52.03,210.89,29.97,16.23,1.04,13.14,11.32,375.07,3458.08,1.672,20.2,9,0
2026-04-11 08:00:00,0.5167,19.81,33.02,27.73,36.86,132.613,32.769,56.24,227.59,29.19,16.07,0.84,10.29,13.87,381.12,3550.7,1.548,35.0,9,0
2026-04-11 09:00:00,0.5155,18.86,32.02,26.75,35.39,132.394,32.916,56.21,226.07,29.35,20.84,0.9,18.43,11.51,419.61,3371.61,1.517,13.1,9,0
2026-04-11 10:00:00,0.5311,21.02,34.83,29.3,39.46,131.788,33.217,58.17,230.8,32.0,22.28,1.12,17.54,12.22,403.23,3433.35,1.674,43.5,9,0
2026-04-11 11:00:00,0.5951,20.08,36.64,30.01,43.31,132.323,32.445,64.91,264.73,28.8,19.7,1.09,17.52,11.76,391.29,3467.56,1.368,2.3,9,0
2026-04-11 12:00:00,0.5578,21.91,36.84,30.87,41.95,132.945,33.034,60.56,243.73,24.27,24.47,0.44,12.88,13.95,393.4,3582.85,1.696,124.9,9,0
2026-04-11 13:00:00,0.604,21.66,38.62,31.83,45.25,132.055,33.246,66.02,262.22,26.37,17.29,1.12,14.97,12.83,426.45,3641.98,1.522,5.7,9,0
2026-04-11 14:00:00,0.5525,23.21,37.92,32.03,42.96,133.255,33.235,59.84,239.93,26.21,18.82,0.92,12.58,12.0,390.87,3535.13,1.497,20.0,9,0
2026-04-11 15:00:00,0.5919,25.59,42.01,35.44,48.54,131.01,33.187,65.21,257.43,31.07,20.46,0.89,15.0,12.21,407.83,3252.02,1.428,7.7,9,0
2026-04-11 16:00:00,0.5548,27.11,41.92,36.0,45.87,130.939,33.281,61.16,240.64,33.03,21.11,0.67,14.42,10.31,413.8,3415.5,1.301,68.8,9,0
2026-04-11 17:00:00,0.5941,26.08,42.6,35.99,49.88,132.652,32.275,64.64,265.69,34.64,19.01,1.0,12.96,8.74,422.4,3784.49,1.718,50.7,9,0
2026-04-11 18:00:00,0.5411,29.07,43.3,37.61,47.38,131.46,33.426,59.41,233.66,25.34,18.06,0.86,16.13,11.29,387.96,3517.44,1.531,61.3,9,0
2026-04-11 19:00:00,0.5465,28.25,42.71,36.92,48.42,133.349,33.087,59.15,238.39,32.1,21.42,1.39,14.6,11.8,379.74,3296.33,1.418,142.2,9,0
2026-04-11 20:00:00,0.4647,30.52,41.67,37.21,45.13,132.883,33.352,50.48,201.12,28.4,20.45,0.49,18.57,12.89,384.17,3694.67,1.485,6.6,9,0
2026-04-11 21:00:00,0.4686,28.72,40.02,35.5,43.66,133.048,32.69,50.83,206.9,39.01,19.49,0.72,15.29,11.85,411.69,3397.97,1.384,71.4,9,0
2026-04-11 22:00:00,0.4199,27.45,36.93,33.14,39.73,132.584,32.537,45.71,186.26,34.39,21.18,0.7,10.03,11.39,430.61,3550.73,1.154,39.0,9,0
2026-04-11 23:00:00,0.4234,27.86,37.46,33.62,40.71,131.392,33.472,46.51,182.57,35.35,19.91,1.09,11.5,7.67,412.21,3413.15,1.385,171.8,9,0
2026-04-12 00:00:00,0.4193,26.02,35.48,31.7,38.83,130.905,32.755,46.23,184.77,32.65,19.9,1.36,19.31,12.88,390.84,3681.03,1.199,103.7,9,0
2026-04-12 01:00:00,0.4025,27.0,35.86,32.32,39.46,132.987,32.918,43.69,176.49,31.39,19.83,1.16,14.4,12.41,418.55,3391.51,1.437,71.5,9,0
2026-04-12 02:00:00,0.3907,24.44,32.89,29.51,36.61,131.01,33.139,43.05,170.17,29.04,18.54,0.68,15.6,13.31,393.69,3458.03,1.633,181.7,9,0
2026-04-12 03:00:00,0.3933,22.99,31.53,28.11,34.42,133.046,33.204,42.66,170.95,28.45,18.34,0.88,15.14,12.13,388.25,3588.78,1.3,32.1,9,0
2026-04-12 04:00:00,0.379,22.53,30.57,27.36,34.39,132.442,33.285,41.3,164.34,27.84,19.13,0.77,17.95,13.81,395.76,3460.61,1.508,55.8,9,0
2026-04-12 05:00:00,0.4351,19.9,29.93,25.92,33.22,131.95,33.059,47.59,189.96,32.1,20.25,1.16,11.31,11.27,392.01,3543.77,1.322,80.2,9,0
2026-04-12 06:00:00,0.5061,18.82,31.6,26.49,36.81,132.292,32.722,55.22,223.24,34.92,16.44,0.88,17.78,12.03,390.2,3571.32,1.45,10.1,9,0
2026-04-12 07:00:00,0.4613,20.02,31.04,26.63,35.0,132.307,33.187,50.33,200.64,29.17,22.07,0.59,17.64,12.45,419.06,3519.03,1.299,5.1,9,0
2026-04-12 08:00:00,0.4902,18.34,30.48,25.62,34.13,131.866,33.191,53.66,213.19,28.08,20.22,1.19,15.13,13.08,392.99,3415.98,1.538,109.4,9,0
2026-04-12 09:00:00,0.6055,18.51,35.54,28.72,41.91,132.941,32.521,65.74,268.74,25.79,18.05,1.39,15.95,12.72,376.92,3441.91,1.705,75.0,9,0
2026-04-12 10:00:00,0.5503,20.94,35.56,29.71,41.11,132.918,33.375,59.76,237.99,30.98,23.42,0.96,14.38,12.81,409.52,3474.2,1.504,22.6,9,0
2026-04-12 11:00:00,0.5925,21.43,37.87,31.29,43.82,132.103,32.343,64.74,264.42,33.93,20.27,1.05,11.75,12.49,386.41,3551.86,1.577,67.1,9,0
2026-04-12 12:00:00,0.6106,20.68,37.94,31.04,44.61,131.604,33.273,66.97,264.9,34.08,17.51,0.56,16.28,11.8,386.9,3569.81,1.585,73.3,9,0
2026-04-12 13:00:00,0.6142,22.52,39.94,32.97,47.05,132.862,32.833,66.72,269.99,34.38,23.33,0.39,15.62,13.44,411.25,3521.28,1.47,8.3,9,0
2026-04-12 14:00:00,0.5457,23.53,37.95,32.18,43.0,130.665,33.186,60.28,237.35,31.49,22.89,0.46,15.66,9.58,389.85,3561.05,1.669,20.2,9,0
2026-04-12 15:00:00,0.576,27.51,43.23,36.94,46.51,132.293,33.135,62.84,250.89,30.51,18.37,1.0,16.09,11.15,393.94,3377.55,1.41,21.9,9,0
2026-04-12 16:00:00,0.5208,27.84,41.22,35.87,47.18,132.488,32.99,56.74,227.87,34.09,19.54,0.92,13.91,14.48,401.36,3528.7,1.225,42.7,9,0
2026-04-12 17:00:00,0.6252,27.55,45.47,38.3,51.88,131.453,33.119,68.64,272.46,26.91,19.27,1.18,18.11,11.08,396.44,3499.69,1.374,124.1,9,0
2026-04-12 18:00:00,0.4834,29.34,41.22,36.47,44.53,132.643,32.977,52.61,211.59,28.92,16.4,0.95,15.14,11.97,394.29,3544.5,1.534,26.0,9,0
2026-04-12 19:00:00,0.4778,27.91,39.57,34.91,42.55,131.983,33.188,52.26,207.81,35.38,20.83,1.31,16.21,14.17,365.59,3565.07,1.381,2.5,9,0
2026-04-12 20:00:00,0.4561,28.76,39.58,35.26,42.85,131.64,33.577,50.0,196.05,27.02,21.87,1.27,14.58,11.9,398.14,3420.8,1.442,0.9,9,0
2026-04-12 21:00:00,0.4219,29.37,38.92,35.1,41.5,132.636,32.646,45.91,186.52,30.14,21.5,0.92,17.22,10.84,424.94,3496.09,1.375,53.0,9,0
2026-04-12 22:00:00,0.4897,29.22,41.35,36.5,44.83,131.283,32.158,53.84,219.82,32.14,20.25,0.71,15.33,13.89,410.18,3611.65,1.472,43.5,9,0
2026-04-12 23:00:00,0.5083,27.87,40.75,35.6,44.59,132.574,32.89,55.34,223.08,30.49,22.07,0.44,14.95,11.66,395.1,3529.21,1.618,16.8,9,0
2026-04-13 00:00:00,0.4881,27.38,39.44,34.61,43.91,130.692,32.872,53.91,214.33,33.69,17.91,1.44,17.54,11.76,407.79,3496.88,1.673,28.3,9,0
2026-04-13 01:00:00,0.4594,26.0,36.95,32.57,42.16,132.189,32.9,50.16,201.53,34.82,23.82,0.73,11.68,9.12,410.15,3407.47,1.284,34.1,9,0
2026-04-13 02:00:00,0.4353,24.46,34.51,30.49,38.38,132.029,32.755,47.59,191.81,31.68,18.64,0.56,14.56,11.9,388.1,3548.33,1.557,57.5,9,0
2026-04-13 03:00:00,0.5051,23.04,35.78,30.68,41.01,131.644,33.23,55.38,219.37,34.42,18.86,1.05,13.9,13.12,419.59,3393.68,1.482,8.4,9,0
2026-04-13 04:00:00,0.5188,21.7,35.0,29.68,39.27,132.257,32.635,56.62,229.44,27.46,19.03,0.57,15.87,11.45,403.18,3490.63,1.276,30.9,9,0
2026-04-13 05:00:00,0.5294,21.32,35.06,29.57,39.91,131.947,33.119,57.92,230.74,29.77,18.89,1.05,15.75,10.17,396.05,3465.61,1.539,62.8,9,0
2026-04-13 06:00:00,0.5797,20.71,36.59,30.24,42.65,132.696,33.169,63.06,252.28,37.46,19.8,0.91,15.1,11.37,424.59,3536.38,1.767,45.3,9,0
2026-04-13 07:00:00,0.6108,20.0,37.27,30.36,43.08,132.37,33.084,66.61,266.5,36.07,19.72,1.29,13.69,11.17,369.71,3457.01,1.395,16.5,9,0
2026-04-13 08:00:00,0.6346,18.45,36.8,29.46,43.31,132.299,33.129,69.23,276.47,26.41,20.44,1.26,15.07,11.71,383.1,3478.63,1.483,16.4,9,0
2026-04-13 09:00:00,0.6395,18.8,37.38,29.95,45.02,132.193,33.251,69.82,277.6,30.21,18.55,1.34,15.77,11.32,410.36,3432.06,1.279,16.7,9,0
2026-04-13 10:00:00,0.6366,20.7,39.15,31.77,46.91,131.688,33.014,69.78,278.34,30.65,20.52,1.07,14.77,14.59,410.85,3485.04,1.501,28.2,9,0
2026-04-13 11:00:00,0.7056,22.56,44.31,35.61,52.83,131.801,32.909,77.27,309.46,31.5,18.0,0.75,17.34,12.55,425.44,3522.1,1.577,197.0,9,0
2026-04-13 12:00:00,0.6959,22.28,43.56,35.05,50.83,132.164,33.128,76.01,303.22,34.07,21.65,0.7,16.35,9.48,366.9,3477.13,1.844,47.9,9,0
2026-04-13 13:00:00,0.7256,22.92,45.67,36.57,54.38,131.886,33.158,79.41,315.86,35.76,21.62,0.85,15.16,12.2,413.62,3479.84,1.423,1.9,9,0
2026-04-13 14:00:00,0.7193,24.85,47.28,38.31,54.92,132.734,33.235,78.22,312.38,30.36,20.17,1.61,10.43,12.03,382.06,3518.09,1.704,14.8,9,0
2026-04-13 15:00:00,0.6429,24.79,43.53,36.03,50.62,132.062,32.548,70.27,285.11,33.61,18.89,0.94,14.69,13.88,407.02,3585.02,1.567,11.7,9,0
2026-04-13 16:00:00,0.6267,28.44,46.43,39.23,53.31,132.248,32.952,68.4,274.5,32.19,20.81,1.06,16.38,11.86,399.76,3564.5,1.848,46.4,9,0
2026-04-13 17:00:00,0.6263,28.35,46.32,39.13,52.78,131.074,32.719,68.97,276.3,30.18,18.41,1.47,14.56,11.82,413.49,3401.43,1.539,19.1,9,0
2026-04-13 18:00:00,0.5932,28.29,44.77,38.17,50.94,132.623,33.148,64.56,258.29,25.15,20.25,1.09,15.73,14.89,397.21,3566.33,1.489,97.4,9,0
2026-04-13 19:00:00,0.6216,29.29,47.05,39.95,53.95,131.616,33.192,68.17,270.32,33.3,19.88,0.79,14.67,10.49,415.91,3614.37,1.638,123.5,9,0
2026-04-13 20:00:00,0.5836,29.1,45.16,38.73,51.15,131.312,32.928,64.15,255.84,32.06,25.45,1.23,15.59,13.29,388.32,3561.4,1.565,125.0,9,0
2026-04-13 21:00:00,0.582,30.77,46.75,40.36,51.55,133.086,32.807,63.12,256.03,31.42,17.73,0.88,17.93,12.19,399.52,3311.86,1.631,76.7,9,0
2026-04-13 22:00:00,0.5402,28.76,42.94,37.27,47.7,132.46,33.158,58.86,235.14,27.3,14.85,1.1,16.7,11.34,403.63,3526.13,1.554,73.1,9,0
2026-04-13 23:00:00,0.5186,28.32,41.61,36.29,46.51,132.645,32.965,56.44,227.09,36.12,18.91,1.17,12.53,11.12,425.89,3615.63,1.238,75.4,9,0
2026-04-14 00:00:00,0.5382,27.89,41.99,36.35,48.18,132.3,33.377,58.72,232.75,30.7,16.75,0.86,11.81,14.13,413.24,3469.06,1.547,96.6,9,0
2026-04-14 01:00:00,0.5129,25.37,38.43,33.21,42.68,131.939,33.468,56.11,221.19,26.82,18.73,1.07,16.01,12.79,403.81,3736.96,1.531,181.1,9,0
2026-04-14 02:00:00,0.5043,25.01,37.72,32.64,42.48,131.815,33.264,55.22,218.8,26.34,17.59,1.49,17.46,12.99,410.34,3330.53,1.341,23.5,9,0
2026-04-14 03:00:00,0.5566,23.8,38.68,32.73,44.65,132.514,33.061,60.63,243.0,32.28,18.38,0.82,11.8,13.43,417.04,3516.65,1.522,3.9,9,0
2026-04-14 04:00:00,0.5315,20.76,34.59,29.06,39.23,132.747,33.482,57.8,229.14,32.37,18.06,1.41,14.7,12.61,406.36,3562.83,1.19,9.2,9,0
2026-04-14 05:00:00,0.5397,21.54,35.7,30.03,41.57,131.955,33.064,59.03,235.59,28.86,22.11,0.84,19.87,10.5,385.37,3518.73,1.508,95.8,9,0
2026-04-14 06:00:00,0.5478,20.44,34.95,29.15,41.01,133.368,32.873,59.28,240.52,31.64,20.09,1.55,14.59,9.74,410.17,3517.28,1.577,38.5,9,0
2026-04-14 07:00:00,0.6199,20.12,37.8,30.73,45.44,131.87,32.822,67.85,272.6,32.25,22.34,0.76,20.18,14.4,400.32,3421.75,1.654,19.6,9,0
2026-04-14 08:00:00,0.6618,19.85,39.48,31.63,47.3,131.08,32.814,72.87,291.1,30.67,20.27,0.89,13.48,12.41,395.45,3458.94,1.636,39.9,9,0
2026-04-14 09:00:00,0.6473,20.25,39.19,31.62,48.2,130.864,32.998,71.39,283.13,28.14,22.04,1.46,13.83,12.21,388.97,3550.86,1.391,12.2,9,0
2026-04-14 10:00:00,0.7087,21.83,43.73,34.97,51.78,130.886,33.122,78.16,308.85,33.13,19.58,1.48,13.72,14.8,409.44,3335.87,1.335,21.2,9,0
2026-04-14 11:00:00,0.6263,20.1,38.08,30.89,46.44,131.727,32.626,68.63,277.07,32.76,23.38,1.26,12.57,10.5,408.43,3577.4,1.654,41.4,9,0
2026-04-14 12:00:00,0.6937,21.98,43.14,34.68,51.94,131.847,32.881,75.95,304.52,31.95,21.13,0.69,11.74,8.31,386.41,3495.85,1.608,167.4,9,0
2026-04-14 13:00:00,0.6976,24.19,45.55,37.0,54.89,132.451,33.056,76.02,304.6,27.75,18.63,1.04,14.68,9.38,384.15,3549.16,1.623,52.0,9,0
2026-04-14 14:00:00,0.6736,25.3,45.49,37.41,52.95,131.981,33.17,73.66,293.11,26.26,21.43,1.01,15.41,11.3,429.12,3572.69,1.789,46.7,9,0
2026-04-14 15:00:00,0.7569,26.57,50.91,41.17,61.32,132.557,32.993,82.42,331.13,30.48,20.24,0.76,13.69,12.27,413.66,3803.4,1.337,129.7,9,0
2026-04-14 16:00:00,0.6675,30.07,49.98,42.01,58.69,132.03,33.065,72.98,291.4,33.04,19.78,1.22,14.17,14.18,402.05,3616.88,1.804,9.9,9,0
2026-04-14 17:00:00,0.6366,28.97,47.41,40.04,53.43,132.009,32.673,69.6,281.21,33.37,20.38,0.78,18.02,13.36,409.84,3408.85,1.434,99.5,9,0
2026-04-14 18:00:00,0.6255,30.28,48.21,41.04,54.73,131.619,32.759,68.59,275.58,32.0,21.69,0.63,17.07,8.25,393.73,3677.93,1.636,17.6,9,0
2026-04-14 19:00:00,0.5387,29.34,43.46,37.81,46.69,132.939,32.984,58.49,235.74,28.9,15.95,0.53,14.61,16.29,398.16,3287.93,1.467,59.3,9,0
2026-04-14 20:00:00,0.5501,28.82,43.43,37.59,48.43,130.989,33.135,60.62,239.64,27.84,19.49,1.53,15.98,11.48,401.07,3469.5,1.423,286.3,9,0
2026-04-14 21:00:00,0.5783,29.33,45.15,38.83,50.19,132.199,33.061,63.14,252.47,30.2,21.55,0.86,11.85,13.94,415.21,3518.89,1.263,31.7,9,0
2026-04-14 22:00:00,0.5092,29.86,42.77,37.6,47.0,131.88,32.776,55.73,224.25,30.23,20.68,0.87,15.66,12.91,379.55,3479.08,1.354,38.9,9,0
2026-04-14 23:00:00,0.4873,28.76,40.79,35.98,47.17,132.516,32.938,53.08,213.56,33.57,17.93,0.7,15.0,12.1,385.45,3527.54,1.514,127.7,9,0
2026-04-15 00:00:00,0.5413,27.91,42.14,36.45,48.5,131.986,33.399,59.2,233.93,28.81,15.45,1.42,14.38,11.74,382.38,3491.51,1.524,46.1,9,0
2026-04-15 01:00:00,0.5388,26.09,40.21,34.56,44.0,132.006,33.144,58.91,234.65,29.06,23.59,0.6,15.19,10.43,413.55,3607.79,1.612,25.3,9,0
2026-04-15 02:00:00,0.5175,24.63,37.88,32.58,42.88,131.824,32.957,56.66,226.65,36.42,19.81,0.65,14.87,10.16,399.24,3466.43,1.355,114.5,9,0
2026-04-15 03:00:00,0.4983,23.53,36.0,31.01,40.86,132.92,32.729,54.12,219.78,34.9,23.22,0.92,12.5,11.84,387.01,3495.76,1.561,79.9,9,0
2026-04-15 04:00:00,0.5207,23.23,36.61,31.26,40.95,132.002,32.812,56.94,229.06,27.6,21.78,1.01,18.48,10.01,397.43,3646.73,1.47,25.3,9,0
2026-04-15 05:00:00,0.5245,22.31,35.84,30.43,40.66,133.3,33.002,56.79,229.39,34.66,18.6,1.21,17.03,14.57,391.28,3582.47,1.557,23.7,9,0
2026-04-15 06:00:00,0.5429,19.67,33.97,28.25,39.2,132.18,33.073,59.28,236.93,26.89,15.19,0.81,14.35,12.24,379.23,3491.43,1.548,135.1,9,0
2026-04-15 07:00:00,0.5673,20.94,36.28,30.14,40.67,132.014,33.149,62.02,247.0,28.95,19.26,1.48,11.6,15.23,419.66,3542.8,1.413,46.2,9,0
2026-04-15 08:00:00,0.6059,19.36,36.4,29.58,41.82,131.904,33.102,66.31,264.21,29.29,20.11,0.81,10.21,11.44,398.51,3654.83,1.541,87.2,9,0
2026-04-15 09:00:00,0.6176,20.65,38.22,31.19,44.84,132.372,32.902,67.34,270.92,30.02,21.09,0.71,19.13,11.21,420.01,3394.26,1.578,21.9,9,0
2026-04-15 10:00:00,0.6224,20.48,38.28,31.16,44.94,131.612,32.865,68.26,273.35,32.11,17.97,0.68,14.78,12.98,379.02,3418.03,1.629,7.6,9,0
2026-04-15 11:00:00,0.6918,23.04,44.11,35.68,51.68,132.096,33.54,75.59,297.7,30.57,20.54,0.78,16.65,11.71,408.32,3459.06,1.772,15.7,9,0
2026-04-15 12:00:00,0.7022,22.09,43.67,35.04,51.42,132.005,32.853,76.78,308.52,32.1,20.54,0.66,13.23,13.55,379.12,3522.4,1.456,3.3,9,0
2026-04-15 13:00:00,0.7496,23.89,47.85,38.27,57.33,132.215,32.659,81.84,331.3,29.05,22.16,1.24,14.51,14.25,437.44,3582.5,1.4,0.7,9,0
2026-04-15 14:00:00,0.6751,25.61,45.88,37.77,54.34,132.231,32.567,73.7,299.22,31.37,19.58,0.71,14.61,13.74,374.81,3443.85,1.731,32.4,9,0
2026-04-15 15:00:00,0.6941,25.43,46.61,38.14,54.74,132.265,32.907,75.74,304.45,30.49,21.07,0.97,15.61,14.14,427.7,3429.71,1.354,63.2,9,0
2026-04-15 16:00:00,0.6787,27.43,47.87,39.7,57.0,132.063,33.248,74.18,294.64,26.09,20.77,0.7,15.31,13.32,400.46,3400.11,1.694,58.1,9,0
2026-04-15 17:00:00,0.641,28.28,46.93,39.47,53.36,133.036,32.848,69.54,281.66,31.7,21.94,0.66,13.28,11.27,398.02,3429.66,1.384,36.1,9,0
2026-04-15 18:00:00,0.6468,28.82,47.75,40.18,55.01,132.279,33.39,70.58,279.6,30.54,18.55,1.34,13.26,13.8,409.6,3452.59,1.429,7.1,9,0
2026-04-15 19:00:00,0.6219,29.4,47.17,40.06,53.46,133.72,32.998,67.12,272.01,28.11,14.05,1.49,14.96,13.14,386.69,3331.97,1.499,28.7,9,0
2026-04-15 20:00:00,0.5825,31.12,47.13,40.72,53.36,132.033,33.293,63.68,252.56,28.98,19.72,1.39,11.62,11.17,412.53,3460.15,1.274,5.6,9,0
2026-04-15 21:00:00,0.5409,29.24,43.45,37.77,47.8,132.633,32.8,58.87,238.04,29.05,19.73,0.57,13.48,11.36,413.63,3421.09,1.325,15.8,9,0
2026-04-15 22:00:00,0.5172,29.9,43.13,37.84,49.22,131.521,32.804,56.76,227.55,29.52,17.87,0.61,14.82,11.96,400.94,3491.95,1.208,102.9,9,0
2026-04-15 23:00:00,0.471,28.86,40.25,35.69,42.67,132.925,33.024,51.14,205.85,35.53,17.17,1.61,15.92,13.76,404.51,3640.9,1.536,56.8,9,0
2026-04-16 00:00:00,0.4776,26.3,37.95,33.29,43.2,131.535,33.127,52.41,208.1,36.52,19.04,0.94,18.13,12.27,429.7,3377.58,1.437,27.7,9,0
2026-04-16 01:00:00,0.4797,27.01,38.74,34.05,42.72,132.301,32.953,52.34,210.13,22.08,19.96,0.6,14.17,12.09,410.53,3586.18,1.442,58.1,9,0
2026-04-16 02:00:00,0.4681,23.78,35.06,30.55,39.23,131.825,33.077,51.25,204.26,31.72,20.38,1.34,15.2,11.86,389.03,3638.48,1.425,23.7,9,0
2026-04-16 03:00:00,0.525,24.53,38.08,32.66,43.83,132.298,33.155,57.28,228.55,33.12,15.62,1.03,11.39,11.56,412.02,3582.26,1.46,6.1,9,0
2026-04-16 04:00:00,0.5636,22.19,37.37,31.3,43.45,131.845,32.625,61.7,249.34,29.61,16.68,1.18,15.8,10.35,392.69,3532.46,1.409,22.1,9,0
2026-04-16 05:00:00,0.5212,21.67,35.06,29.7,39.09,131.479,32.91,57.21,228.57,33.04,22.45,0.34,13.31,13.29,389.79,3610.19,1.604,86.3,9,0
2026-04-16 06:00:00,0.581,19.57,35.51,29.13,41.73,131.821,32.863,63.62,255.19,35.22,19.81,0.91,14.51,10.57,408.45,3555.7,1.226,27.6,9,0
2026-04-16 07:00:00,0.5674,20.49,35.83,29.69,42.8,133.017,32.876,61.57,249.1,26.14,20.19,1.3,16.08,12.2,385.62,3593.93,1.267,22.9,9,0
2026-04-16 08:00:00,0.6151,21.12,38.58,31.6,44.31,132.308,33.107,67.11,268.18,30.66,17.52,0.82,16.16,11.48,401.46,3514.57,1.711,12.5,9,0
2026-04-16 09:00:00,0.6277,19.56,37.59,30.38,45.99,131.149,32.867,69.08,275.66,36.12,20.18,1.38,12.22,13.24,410.87,3420.25,1.554,113.1,9,0
2026-04-16 10:00:00,0.6872,20.26,41.1,32.77,49.44,132.723,32.471,74.73,305.46,26.54,19.44,0.62,16.73,11.58,429.41,3598.18,1.24,51.1,9,0
2026-04-16 11:00:00,0.6646,22.11,41.88,33.97,49.04,131.412,32.938,73.0,291.25,29.91,18.95,0.98,15.05,10.59,410.34,3713.85,1.58,53.0,9,0
2026-04-16 12:00:00,0.7253,23.17,45.91,36.81,54.13,132.491,32.719,79.02,319.98,28.91,17.27,1.51,17.66,13.58,378.71,3477.85,1.324,59.8,9,0
2026-04-16 13:00:00,0.691,21.47,42.5,34.09,50.44,132.365,33.131,75.35,301.05,33.41,18.45,0.67,18.05,10.86,381.06,3506.89,1.741,38.8,9,0
2026-04-16 14:00:00,0.6755,27.21,47.49,39.38,53.69,132.407,33.213,73.64,293.56,33.83,24.13,1.09,18.34,12.33,426.66,3514.05,1.676,65.7,9,0
2026-04-16 15:00:00,0.6474,27.02,45.97,38.39,52.76,133.223,32.426,70.14,288.18,30.74,19.49,1.19,12.28,14.01,391.25,3387.57,1.838,32.3,9,0
2026-04-16 16:00:00,0.6767,28.39,48.73,40.6,56.31,131.453,32.796,74.3,297.83,30.35,21.77,1.04,15.93,11.0,378.02,3437.23,1.494,107.4,9,0
2026-04-16 17:00:00,0.6753,28.59,48.86,40.75,55.75,132.403,33.093,73.61,294.51,25.1,19.8,0.94,11.97,11.94,385.69,3529.46,1.355,43.1,9,0
2026-04-16 18:00:00,0.6325,27.67,45.93,38.62,53.32,132.831,32.628,68.73,279.79,34.52,19.57,0.75,17.73,11.45,412.68,3497.59,1.435,43.2,9,0
2026-04-16 19:00:00,0.6656,30.7,50.51,42.58,57.86,131.575,33.207,73.01,289.3,29.2,18.92,1.07,18.02,12.29,402.46,3506.44,1.455,7.5,9,0
2026-04-16 20:00:00,0.6154,29.63,47.1,40.11,53.03,131.508,33.277,67.54,266.93,29.83,22.88,0.98,17.08,11.99,410.48,3507.23,1.566,30.6,9,0
2026-04-16 21:00:00,0.5392,30.57,44.71,39.05,49.39,131.81,32.957,59.04,236.13,33.17,20.94,0.58,14.28,13.48,400.27,3495.81,1.195,25.4,9,0
2026-04-16 22:00:00,0.5181,29.3,42.58,37.27,47.42,132.214,32.796,56.57,228.04,30.85,18.61,1.34,16.22,11.16,384.22,3443.85,1.458,66.9,9,0
2026-04-16 23:00:00,0.5259,28.97,42.56,37.12,47.32,131.069,32.39,57.91,234.35,33.27,19.4,0.74,14.02,14.01,373.96,3539.91,1.311,22.7,9,0
2026-04-17 00:00:00,0.4764,27.1,38.71,34.07,42.01,132.364,33.215,51.95,207.04,32.07,22.34,0.59,15.16,14.5,388.25,3531.4,1.361,11.0,9,0
2026-04-17 01:00:00,0.5332,27.54,41.43,35.87,46.36,131.07,33.529,58.71,229.52,30.87,14.51,0.83,14.94,12.48,402.59,3434.7,1.674,77.5,9,0
2026-04-17 02:00:00,0.5124,24.19,37.23,32.01,41.65,132.854,33.474,55.67,220.96,31.19,20.81,0.74,11.13,10.91,383.01,3538.3,1.607,32.8,9,0
2026-04-17 03:00:00,0.5193,26.33,39.65,34.32,43.32,132.339,32.949,56.63,227.47,26.89,21.27,0.94,13.51,12.03,415.51,3455.25,1.569,26.0,9,0
2026-04-17 04:00:00,0.5481,25.12,39.64,33.83,44.51,133.263,32.712,59.36,241.83,29.81,18.69,0.64,19.67,11.91,385.77,3557.37,1.57,95.9,9,0
2026-04-17 05:00:00,0.5999,23.48,40.25,33.54,46.83,132.441,33.221,65.37,260.62,33.51,20.5,1.15,14.95,14.75,375.99,3501.67,1.46,27.6,9,0
2026-04-17 06:00:00,0.5774,22.32,38.11,31.79,44.23,131.799,32.967,63.24,252.81,27.56,21.2,1.43,15.45,11.94,400.78,3536.66,1.481,53.0,9,0
2026-04-17 07:00:00,0.5948,20.46,37.01,30.39,42.84,131.473,33.126,65.3,259.16,28.11,17.73,1.04,15.11,14.17,412.18,3519.21,1.262,19.9,9,0
2026-04-17 08:00:00,0.6693,21.55,41.53,33.54,49.69,132.158,33.08,73.1,292.04,27.62,21.88,0.58,14.31,12.26,423.16,3500.63,1.35,8.5,9,0
2026-04-17 09:00:00,0.6772,20.45,40.82,32.67,47.83,131.98,33.025,74.06,295.98,30.72,20.79,0.74,15.2,12.17,376.59,3531.3,1.558,23.4,9,0
2026-04-17 10:00:00,0.6593,19.5,39.01,31.2,45.63,132.783,33.272,71.66,286.0,34.46,19.89,1.08,14.31,11.56,422.13,3572.51,1.362,26.8,9,0
2026-04-17 11:00:00,0.6849,23.35,44.09,35.79,51.86,131.387,33.281,75.24,297.05,31.9,20.4,0.42,10.56,11.7,403.55,3514.78,1.646,13.6,9,0
2026-04-17 12:00:00,0.7006,24.01,45.51,36.91,55.06,133.334,32.862,75.84,307.73,23.73,21.61,0.64,16.7,13.43,391.46,3513.48,1.543,7.2,9,0
2026-04-17 13:00:00,0.709,24.05,45.97,37.21,54.65,132.841,32.756,77.04,312.43,32.2,24.83,0.52,18.35,11.0,410.98,3476.83,1.51,6.0,9,0
2026-04-17 14:00:00,0.6541,24.15,43.42,35.71,50.47,131.866,32.34,71.59,291.92,28.93,21.41,1.05,12.8,13.54,421.1,3359.65,1.436,43.2,9,0
2026-04-17 15:00:00,0.6385,26.09,44.62,37.21,52.79,133.187,32.909,69.2,280.05,31.79,21.81,1.66,14.3,14.26,375.59,3507.85,1.587,22.7,9,0
2026-04-17 16:00:00,0.6423,26.06,44.77,37.28,51.55,131.483,32.711,70.51,283.4,29.81,20.58,0.63,18.13,11.21,394.31,3403.85,1.623,26.3,9,0
2026-04-17 17:00:00,0.6192,29.86,47.51,40.45,55.82,132.136,33.111,67.64,269.94,27.68,24.0,1.26,13.59,13.91,392.6,3459.88,1.378,96.6,9,0
2026-04-17 18:00:00,0.6047,28.11,45.1,38.3,50.91,131.158,32.911,66.55,265.22,30.04,17.26,0.84,15.9,13.67,410.16,3435.88,1.424,33.0,9,0
2026-04-17 19:00:00,0.6172,30.5,48.05,41.03,53.72,133.219,32.94,66.87,270.45,28.93,16.72,0.62,23.78,13.4,422.67,3447.75,1.48,13.2,9,0
2026-04-17 20:00:00,0.5672,29.54,44.87,38.74,50.21,130.913,33.214,62.54,246.49,31.18,20.5,1.48,16.39,11.14,401.88,3452.75,1.532,78.2,9,0
2026-04-17 21:00:00,0.5541,28.78,43.56,37.65,48.57,131.049,33.105,61.02,241.57,27.6,21.51,1.66,15.27,11.92,396.39,3544.01,1.523,61.6,9,0
2026-04-17 22:00:00,0.4907,29.95,42.11,37.25,45.56,131.581,32.969,53.83,214.84,26.88,15.04,1.14,16.89,11.92,407.46,3531.79,1.43,18.4,9,0
2026-04-17 23:00:00,0.4977,28.58,41.02,36.05,47.32,132.873,33.445,54.07,214.8,32.45,20.19,1.12,16.68,15.23,397.26,3514.05,1.555,6.9,9,0
2026-04-18 00:00:00,0.4438,28.9,39.26,35.11,42.86,132.63,33.195,48.29,192.96,33.59,19.83,1.03,13.8,12.08,368.23,3601.93,1.402,10.0,9,0
2026-04-18 01:00:00,0.4411,25.59,35.85,31.74,39.53,132.081,32.89,48.2,193.57,32.0,21.68,0.97,11.66,11.82,408.53,3749.85,1.211,40.3,9,0
2026-04-18 02:00:00,0.4044,24.81,33.73,30.16,36.14,132.672,32.902,44.0,177.41,28.31,21.05,1.11,16.32,10.38,415.56,3545.77,1.603,85.8,9,0
2026-04-18 03:00:00,0.4395,21.88,32.08,28.0,34.9,131.924,33.208,48.08,191.02,28.04,16.58,1.22,16.62,10.64,416.88,3577.82,1.567,19.5,9,0
2026-04-18 04:00:00,0.5141,20.88,33.98,28.74,39.3,132.279,33.054,56.1,224.5,28.21,18.03,1.51,14.53,11.07,383.44,3527.6,1.25,13.5,9,0
2026-04-18 05:00:00,0.4652,23.83,34.99,30.53,37.33,133.09,32.704,50.45,205.32,32.93,18.58,0.86,18.42,12.64,409.88,3557.01,1.459,78.5,9,0
2026-04-18 06:00:00,0.4655,23.32,34.49,30.02,37.26,131.837,33.236,50.96,202.13,27.78,21.67,1.05,18.02,9.96,423.77,3375.23,1.628,111.3,9,0
2026-04-18 07:00:00,0.503,20.83,33.48,28.42,37.59,131.494,33.332,55.22,217.83,32.91,20.94,0.99,16.68,11.1,438.74,3288.81,1.406,35.8,9,0
2026-04-18 08:00:00,0.533,19.74,33.62,28.07,31.44,132.31,33.312,58.15,230.95,32.17,18.95,1.32,14.57,9.31,407.96,3336.06,1.582,31.4,9,0
2026-04-18 09:00:00,0.5462,20.43,34.87,29.1,39.65,132.489,33.407,59.51,235.99,33.97,20.48,1.73,10.95,14.2,415.54,3455.22,1.64,200.7,9,0
2026-04-18 10:00:00,0.5674,22.11,37.45,31.31,43.26,132.073,33.546,62.01,244.14,33.45,18.08,1.33,14.78,12.26,385.89,3614.54,1.524,75.3,9,0
2026-04-18 11:00:00,0.5386,21.51,35.63,29.98,40.58,132.662,33.457,58.6,232.34,31.89,24.29,1.25,11.46,12.56,383.93,3525.62,1.791,147.5,9,0
2026-04-18 12:00:00,0.5615,23.3,38.39,32.35,44.79,131.867,33.09,61.46,244.91,25.85,21.34,1.29,10.42,10.46,415.59,3473.94,1.578,47.5,9,0
2026-04-18 13:00:00,0.5888,24.26,40.54,34.02,45.16,132.084,32.945,64.34,257.95,32.09,21.77,1.39,16.42,13.84,370.24,3550.75,1.51,2.2,9,0
2026-04-18 14:00:00,0.5854,24.99,41.13,34.67,47.54,132.247,32.517,63.89,259.85,30.61,22.95,1.74,17.47,14.35,403.11,3533.44,1.468,34.0,9,0
2026-04-18 15:00:00,0.5649,26.33,41.57,35.47,46.83,132.19,33.003,61.68,247.05,29.14,22.23,0.51,11.23,12.2,422.24,3396.78,1.475,73.8,9,0
2026-04-18 16:00:00,0.563,28.36,43.51,37.45,49.64,133.065,33.137,61.07,245.25,34.35,20.26,1.19,14.62,11.38,411.47,3542.71,1.397,53.4,9,0
2026-04-18 17:00:00,0.5526,28.12,42.83,36.95,47.37,132.244,33.011,60.31,241.61,29.81,19.83,0.24,15.1,12.93,411.37,3571.79,1.309,22.1,9,0
2026-04-18 18:00:00,0.5569,30.34,45.24,39.28,50.53,131.799,32.502,60.99,247.33,28.67,22.77,1.3,14.55,13.2,400.04,3673.27,1.344,10.3,9,0
2026-04-18 19:00:00,0.5053,29.92,42.67,37.57,46.93,132.348,32.924,55.1,221.51,33.63,20.25,1.18,12.37,13.4,394.63,3498.84,1.431,2.3,9,0
2026-04-18 20:00:00,0.4982,30.69,43.15,38.17,46.57,132.666,33.17,54.21,216.8,29.05,18.7,0.85,17.79,13.09,433.1,3640.71,1.57,105.6,9,0
2026-04-18 21:00:00,0.4495,31.78,42.35,38.12,44.76,132.511,32.729,48.96,198.23,28.52,24.13,0.21,12.43,13.54,419.29,3472.83,1.474,4.4,9,0
2026-04-18 22:00:00,0.4653,29.72,40.9,36.43,44.11,132.474,33.044,50.7,203.25,26.88,18.32,1.01,11.23,11.06,413.48,3691.33,1.458,58.4,9,0
2026-04-18 23:00:00,0.4459,30.02,40.45,36.28,43.94,131.011,33.114,49.13,194.36,27.8,16.73,1.08,12.38,13.47,401.2,3457.61,1.741,77.2,9,0
2026-04-19 00:00:00,0.4519,26.45,37.12,32.85,39.98,130.355,33.295,50.04,195.9,28.06,22.18,0.99,16.09,11.42,392.02,3556.63,1.678,28.6,9,0
2026-04-19 01:00:00,0.4444,26.57,36.95,32.8,40.04,132.842,33.452,48.29,191.76,32.12,18.73,0.83,14.6,8.33,416.98,3528.15,1.285,18.1,9,0
2026-04-19 02:00:00,0.4436,25.77,36.12,31.98,37.96,132.29,32.9,48.4,194.61,27.2,21.07,0.74,13.59,11.4,396.18,3624.4,1.527,7.3,9,0
2026-04-19 03:00:00,0.4315,26.37,36.28,32.31,39.14,131.986,33.049,47.18,188.44,24.69,23.83,1.0,16.19,11.27,401.96,3613.6,1.238,57.1,9,0
2026-04-19 04:00:00,0.4553,21.28,32.07,27.76,36.42,132.458,33.057,49.61,198.79,31.17,17.45,0.77,15.8,12.46,410.02,3421.82,1.468,36.0,9,0
2026-04-19 05:00:00,0.4974,22.11,34.55,29.57,39.32,133.272,33.171,53.87,216.45,28.36,20.11,1.26,10.52,13.35,403.93,3478.32,1.243,50.5,9,0
2026-04-19 06:00:00,0.4665,22.87,34.09,29.6,37.72,132.933,33.142,50.65,203.15,30.21,23.16,0.99,16.17,12.39,424.03,3675.33,1.342,107.7,9,0
2026-04-19 07:00:00,0.4892,20.13,32.23,27.39,36.5,132.635,33.376,53.23,211.55,34.11,21.56,0.5,17.49,15.11,380.98,3513.15,1.538,30.6,9,0
2026-04-19 08:00:00,0.5355,20.53,34.52,28.92,38.73,131.415,32.385,58.81,238.66,30.48,19.84,1.07,14.88,11.31,401.79,3570.34,1.4,13.3,9,0
2026-04-19 09:00:00,0.563,21.25,36.4,30.34,43.09,131.501,33.11,61.79,245.42,34.79,24.97,1.14,14.66,9.12,432.86,3419.6,1.32,176.1,9,0
2026-04-19 10:00:00,0.5434,21.6,35.92,30.19,42.6,130.425,33.129,60.14,236.76,30.06,20.01,1.5,18.92,12.52,414.24,3485.56,1.369,30.1,9,0
2026-04-19 11:00:00,0.5794,23.78,39.64,33.3,45.48,132.418,32.938,63.16,253.9,33.28,20.99,1.29,13.71,11.28,397.83,3448.54,1.348,9.4,9,0
2026-04-19 12:00:00,0.5873,23.69,39.91,33.42,47.85,132.732,32.402,63.87,261.62,28.62,23.5,0.74,14.8,10.47,412.77,3579.31,1.556,26.0,9,0
2026-04-19 13:00:00,0.5266,25.78,39.4,33.95,43.57,132.786,32.984,57.24,230.43,30.58,22.16,1.44,15.79,11.65,400.07,3564.24,1.644,36.6,9,0
2026-04-19 14:00:00,0.5835,25.38,41.44,35.02,46.22,132.446,32.812,63.59,256.69,27.46,22.84,0.6,15.23,10.92,422.78,3603.13,1.462,44.9,9,0
2026-04-19 15:00:00,0.5769,26.3,42.06,35.75,47.15,131.898,33.443,63.13,249.0,27.82,18.4,1.02,14.59,11.07,413.1,3418.42,1.643,10.4,9,0
2026-04-19 16:00:00,0.5633,28.02,43.19,37.12,48.41,131.628,33.099,61.77,245.65,29.59,22.65,1.24,15.31,14.38,387.79,3549.14,1.396,150.1,9,0
2026-04-19 17:00:00,0.593,28.12,44.59,38.0,52.42,131.455,32.79,65.11,261.04,26.28,20.54,1.45,18.27,12.28,404.36,3506.86,1.481,84.2,9,0
2026-04-19 18:00:00,0.4936,30.56,42.84,37.93,46.75,131.892,32.458,54.01,219.48,30.74,18.71,1.58,16.75,11.7,407.07,3309.67,1.714,26.0,9,0
2026-04-19 19:00:00,0.4833,30.19,42.06,37.31,45.34,131.355,33.156,53.11,210.39,29.35,20.64,1.4,14.98,14.49,407.81,3542.31,1.415,19.5,9,0
2026-04-19 20:00:00,0.4077,30.07,39.12,35.5,41.22,133.159,33.184,44.19,177.32,30.97,20.58,0.97,13.4,11.66,405.57,3608.61,1.564,20.3,9,0
2026-04-19 21:00:00,0.4511,31.07,41.71,37.45,46.08,131.14,32.943,49.65,197.65,26.32,23.93,1.19,13.67,10.25,409.26,3630.91,1.318,44.4,9,0
2026-04-19 22:00:00,0.4361,28.93,39.0,34.97,43.03,131.87,33.159,47.73,189.81,32.37,20.96,1.08,17.03,10.11,407.07,3502.43,1.415,16.2,9,0
2026-04-19 23:00:00,0.4191,30.05,39.5,35.72,42.1,130.722,32.908,46.28,183.83,35.36,18.64,0.8,11.94,11.98,389.97,3571.62,1.281,77.3,9,0
2026-04-20 00:00:00,0.5341,27.95,41.88,36.3,45.22,132.196,33.282,58.31,231.61,34.72,18.17,0.98,19.94,9.64,393.94,3548.89,1.477,4.3,9,0
2026-04-20 01:00:00,0.5232,28.38,41.86,36.47,45.61,131.998,33.262,57.21,227.05,35.97,20.1,1.55,15.07,10.34,396.98,3444.45,1.498,6.4,9,0
2026-04-20 02:00:00,0.5032,25.53,38.19,33.13,43.88,131.765,32.567,55.12,223.0,30.39,17.5,1.21,12.37,11.53,402.22,3433.53,1.565,116.8,9,0
2026-04-20 03:00:00,0.4997,25.26,37.79,32.78,42.58,131.384,32.632,54.9,221.03,29.21,18.77,1.63,15.5,13.8,397.03,3501.43,1.363,81.8,9,0
2026-04-20 04:00:00,0.5575,23.6,38.52,32.56,43.86,132.002,33.536,60.96,239.94,31.73,19.71,0.69,13.53,14.04,417.33,3486.41,1.454,1.7,9,0
2026-04-20 05:00:00,0.5468,23.13,37.6,31.81,44.18,131.641,33.246,59.96,237.4,29.55,19.35,0.9,14.29,13.09,386.39,3512.33,1.652,6.6,9,0
2026-04-20 06:00:00,0.547,21.71,36.18,30.39,42.83,131.91,32.667,59.85,241.69,25.04,21.65,1.14,12.11,12.09,374.77,3471.85,1.292,6.5,9,0
2026-04-20 07:00:00,0.5459,19.43,33.86,28.09,38.9,133.292,32.585,59.12,241.82,32.72,18.72,1.24,14.65,11.24,430.29,3522.27,1.102,67.5,9,0
2026-04-20 08:00:00,0.6101,21.93,39.17,32.27,45.48,132.114,33.055,66.65,266.39,29.56,15.26,0.98,10.89,12.68,388.53,3419.96,1.407,20.1,9,0
2026-04-20 09:00:00,0.6701,21.01,41.03,33.02,48.2,132.352,32.698,73.07,295.78,25.86,16.83,1.25,13.93,14.77,417.3,3627.16,1.627,85.3,9,0
2026-04-20 10:00:00,0.7364,22.38,45.68,36.36,54.67,131.693,32.916,80.71,322.92,28.74,20.16,1.25,13.48,12.31,409.92,3359.69,1.581,26.5,9,0
2026-04-20 11:00:00,0.6859,23.08,43.87,35.55,50.67,131.482,32.988,75.29,300.1,29.63,19.02,0.6,14.13,11.41,389.06,3498.8,1.4,116.9,9,0
2026-04-20 12:00:00,0.671,22.65,42.72,34.7,49.19,131.985,32.976,73.39,293.72,30.3,17.72,1.24,13.6,11.86,398.8,3489.0,1.546,40.2,9,0
2026-04-20 13:00:00,0.6619,23.72,43.35,35.5,49.42,133.653,33.297,71.48,286.91,30.34,24.12,1.34,15.2,11.7,396.56,3494.45,1.476,123.9,9,0
2026-04-20 14:00:00,0.7106,26.58,48.58,39.78,58.03,131.81,33.484,77.81,306.3,34.37,21.86,1.1,16.91,12.92,406.14,3437.77,1.32,5.1,9,0
2026-04-20 15:00:00,0.6311,26.92,45.11,37.83,50.63,132.239,32.874,68.88,277.09,26.4,20.08,0.46,15.85,10.95,389.28,3384.41,1.464,95.0,9,0
2026-04-20 16:00:00,0.6846,29.36,50.09,41.8,59.62,131.453,32.702,75.17,302.19,29.81,20.67,0.93,17.73,12.71,398.15,3524.52,1.654,71.3,9,0
2026-04-20 17:00:00,0.6719,29.28,49.4,41.35,56.49,130.182,33.103,74.5,292.99,27.63,19.67,1.14,14.14,12.95,400.24,3488.91,1.494,113.4,9,0
2026-04-20 18:00:00,0.6364,31.28,49.72,42.34,57.99,131.479,33.431,69.86,274.76,34.03,17.69,0.75,15.78,12.62,417.32,3536.06,1.291,20.0,9,0
2026-04-20 19:00:00,0.5908,31.18,47.55,41.0,53.19,133.571,32.894,63.85,259.26,28.58,22.26,1.29,15.86,10.47,394.63,3373.31,1.754,88.2,9,0
2026-04-20 20:00:00,0.5885,31.21,47.48,40.97,52.12,132.393,33.224,64.16,255.66,29.23,21.9,1.23,17.44,11.88,386.16,3642.63,1.345,62.1,9,0
2026-04-20 21:00:00,0.5525,30.38,45.09,39.21,51.31,133.083,32.779,59.93,243.31,33.41,16.24,1.05,13.67,11.31,392.63,3498.92,1.532,70.3,9,0
2026-04-20 22:00:00,0.5034,30.49,43.16,38.09,48.59,131.771,33.006,55.14,220.13,34.24,20.65,1.02,16.71,11.99,406.3,3261.98,1.577,17.1,9,0
2026-04-20 23:00:00,0.5663,30.65,45.95,39.83,50.68,130.444,32.693,62.66,250.03,34.68,20.87,1.07,13.42,11.1,374.22,3520.42,1.546,0.1,9,0
2026-04-21 00:00:00,0.49,28.55,40.69,35.83,44.5,131.268,33.003,53.88,214.3,25.34,19.56,1.01,13.99,13.96,418.76,3467.56,1.41,110.0,9,0
2026-04-21 01:00:00,0.5204,27.93,41.29,35.95,45.17,132.262,32.969,56.79,227.83,31.71,24.39,0.63,14.42,12.38,401.09,3414.66,1.188,28.0,9,0
2026-04-21 02:00:00,0.428,26.15,35.92,32.01,38.94,132.157,33.161,46.74,186.29,31.08,24.18,0.88,16.04,9.67,407.3,3603.88,1.59,16.8,9,0
2026-04-21 03:00:00,0.5488,24.93,39.49,33.66,44.69,131.993,33.469,60.02,236.68,30.11,19.44,1.04,12.96,10.11,404.09,3579.7,1.299,277.0,9,0
2026-04-21 04:00:00,0.5705,25.33,40.81,34.62,46.06,131.65,32.897,62.55,250.3,30.47,19.75,1.44,13.24,13.91,390.79,3532.67,1.631,13.7,9,0
2026-04-21 05:00:00,0.548,23.77,38.29,32.48,41.94,132.62,32.472,59.65,243.6,34.12,19.52,1.22,13.84,11.83,384.57,3511.49,1.641,53.8,9,0
2026-04-21 06:00:00,0.588,21.85,38.1,31.6,43.52,131.669,32.947,64.46,257.61,33.38,18.98,1.46,15.23,11.52,390.29,3545.72,1.311,19.3,9,0
2026-04-21 07:00:00,0.6139,21.49,38.9,31.93,45.87,132.203,33.079,67.02,267.87,32.96,18.36,0.59,13.26,13.79,378.21,3379.1,1.321,142.3,9,0
2026-04-21 08:00:00,0.6037,20.4,37.35,30.57,43.38,132.129,33.053,65.95,263.64,30.89,21.21,0.91,15.66,11.87,406.02,3520.67,1.443,6.2,9,0
2026-04-21 09:00:00,0.6636,21.1,40.82,32.93,48.04,131.757,32.958,72.69,290.59,37.08,24.12,1.64,14.42,10.31,398.36,3604.34,1.67,93.4,9,0
2026-04-21 10:00:00,0.6436,22.08,40.86,33.35,47.15,131.418,33.393,70.69,278.19,29.06,23.3,0.79,16.45,10.41,377.79,3588.54,1.432,92.5,9,0
2026-04-21 11:00:00,0.6655,23.42,43.23,35.3,50.27,131.718,33.036,72.92,290.75,25.42,21.78,0.78,15.26,13.04,391.55,3421.29,1.547,51.6,9,0
2026-04-21 12:00:00,0.7275,24.35,47.2,38.06,57.32,133.237,32.972,78.82,318.48,29.47,15.39,0.93,18.64,15.14,410.58,3520.19,1.488,61.7,9,0
2026-04-21 13:00:00,0.7264,23.7,46.49,37.37,54.54,132.734,32.795,78.99,319.7,30.44,16.47,1.62,15.38,13.36,420.2,3415.52,1.681,39.1,9,0
2026-04-21 14:00:00,0.6725,27.08,47.22,39.17,55.49,132.673,32.539,73.17,298.33,34.18,22.33,0.81,12.7,11.53,381.54,3517.91,1.441,10.4,9,0
2026-04-21 15:00:00,0.6617,27.31,46.94,39.09,54.42,131.481,33.087,72.64,288.67,28.73,23.44,1.18,14.71,11.76,433.22,3445.18,1.423,22.1,9,0
2026-04-21 16:00:00,0.6485,27.62,46.62,39.02,53.96,131.051,33.065,71.42,283.08,31.74,21.31,1.13,15.18,12.17,386.41,3435.75,1.369,48.2,9,0
2026-04-21 17:00:00,0.6691,30.98,50.96,42.96,57.98,132.724,32.72,72.77,295.16,25.84,19.59,0.43,13.32,9.07,375.23,3534.01,1.375,5.5,9,0
2026-04-21 18:00:00,0.593,31.9,48.37,41.78,54.06,132.597,32.988,64.55,259.47,33.51,22.91,1.01,18.17,12.14,427.17,3447.3,1.656,1.8,9,0
2026-04-21 19:00:00,0.6078,31.2,48.33,41.48,54.61,132.091,32.962,66.42,266.17,30.47,21.71,0.85,14.51,12.98,385.19,3441.79,1.45,0.2,9,0
2026-04-21 20:00:00,0.5937,31.81,48.31,41.71,53.89,131.755,32.835,65.04,260.96,29.43,22.48,1.22,13.84,14.76,423.66,3533.5,1.354,47.9,9,0
2026-04-21 21:00:00,0.5445,31.7,46.07,40.32,51.37,131.034,32.791,59.98,239.67,36.66,16.49,1.54,15.5,13.74,390.83,3386.85,1.222,7.8,9,0
2026-04-21 22:00:00,0.5567,31.83,46.72,40.76,52.35,132.572,33.107,60.61,242.72,33.48,20.89,0.91,13.32,15.0,396.41,3479.61,1.438,9.5,9,0
2026-04-21 23:00:00,0.5014,30.37,42.96,37.92,48.97,132.783,32.94,54.5,219.71,27.15,23.75,0.91,17.07,14.62,381.23,3382.41,1.328,61.6,9,0
2026-04-22 00:00:00,0.4938,27.45,39.74,34.83,44.11,131.552,32.844,54.18,217.02,29.94,21.26,1.77,16.67,14.19,419.97,3396.97,1.295,86.8,9,0
2026-04-22 01:00:00,0.4675,29.58,40.84,36.34,43.03,131.497,32.773,51.32,205.91,38.48,22.1,0.8,15.4,12.14,417.91,3599.03,1.318,39.9,9,0
2026-04-22 02:00:00,0.5308,27.35,41.14,35.62,46.86,132.819,32.966,57.68,232.39,36.21,20.27,0.61,16.32,12.62,390.9,3472.07,1.484,56.2,9,0
2026-04-22 03:00:00,0.4872,24.48,36.51,31.69,40.38,131.576,33.244,53.45,211.55,33.04,20.41,1.43,14.14,9.6,399.68,3448.0,1.269,21.6,9,0
2026-04-22 04:00:00,0.5366,22.75,36.79,31.17,43.29,133.174,33.055,58.16,234.33,24.73,23.01,1.0,12.13,12.3,410.74,3573.46,1.422,248.6,9,0
2026-04-22 05:00:00,0.5447,23.25,37.63,31.88,43.85,131.928,32.937,59.59,238.7,34.27,18.86,1.1,14.48,12.95,393.74,3634.66,1.605,52.8,9,0
2026-04-22 06:00:00,0.5394,21.67,35.82,30.16,40.37,131.745,33.081,59.09,235.34,28.36,18.67,1.68,14.13,11.68,421.27,3525.52,1.387,109.1,9,0
2026-04-22 07:00:00,0.5786,21.78,37.61,31.28,43.88,132.03,33.36,63.25,250.33,34.24,19.25,0.59,11.06,9.79,399.22,3587.05,1.33,233.6,9,0
2026-04-22 08:00:00,0.6642,22.02,41.77,33.87,48.8,131.745,33.129,72.77,289.38,28.1,20.25,0.95,13.02,14.48,393.02,3461.26,1.69,5.3,9,0
2026-04-22 09:00:00,0.6529,20.88,40.1,32.41,47.34,132.743,33.069,70.99,284.97,31.74,16.98,0.64,12.67,12.71,377.07,3509.74,1.513,7.7,9,0
2026-04-22 10:00:00,0.6373,20.83,39.32,31.92,46.76,132.585,33.169,69.38,277.32,28.35,21.66,1.11,13.03,14.68,381.4,3505.98,1.492,14.4,9,0
2026-04-22 11:00:00,0.6926,23.13,44.24,35.8,53.29,132.718,32.958,75.32,303.32,29.18,19.87,0.85,17.8,13.21,409.64,3531.3,1.624,22.6,9,0
2026-04-22 12:00:00,0.6891,23.25,44.19,35.81,52.98,132.122,33.049,75.28,300.94,32.14,21.91,0.66,16.16,14.15,404.34,3582.57,1.532,4.3,9,0
2026-04-22 13:00:00,0.8005,25.13,51.75,41.1,62.7,131.699,32.871,87.73,351.49,26.31,15.96,1.23,17.07,13.85,413.05,3387.84,1.611,7.4,9,0
2026-04-22 14:00:00,0.702,24.94,46.51,37.88,56.87,131.994,32.591,76.76,310.9,37.39,21.92,1.02,16.15,11.08,392.37,3434.2,1.315,21.9,9,0
2026-04-22 15:00:00,0.672,27.32,47.44,39.39,54.83,131.719,33.091,73.64,293.13,27.19,22.88,0.64,17.3,11.34,376.19,3466.59,1.41,38.4,9,0
2026-04-22 16:00:00,0.7102,29.5,51.47,42.68,58.76,132.968,33.092,77.09,309.75,27.02,21.08,0.66,15.19,11.46,393.37,3427.8,1.834,98.0,9,0
2026-04-22 17:00:00,0.5916,30.42,46.83,40.27,51.65,132.662,32.924,64.37,259.36,32.15,20.26,1.08,18.17,10.65,431.38,3523.8,1.34,15.9,9,0
2026-04-22 18:00:00,0.6256,29.82,47.76,40.59,55.59,131.94,33.273,68.43,271.36,34.15,21.93,0.51,12.67,14.75,386.34,3522.81,1.523,5.3,9,0
2026-04-22 19:00:00,0.6567,29.94,49.33,41.58,56.6,131.389,32.809,72.14,288.89,29.3,22.75,1.08,15.0,12.17,400.27,3510.11,1.79,19.1,9,0
2026-04-22 20:00:00,0.5675,31.3,46.65,40.51,52.25,133.017,32.532,61.58,251.77,27.06,21.25,1.42,13.09,12.79,364.61,3473.21,1.587,12.7,9,0
2026-04-22 21:00:00,0.4948,31.67,44.0,39.07,47.73,132.09,32.816,54.07,217.65,27.5,21.4,1.21,17.62,10.11,393.02,3613.25,1.491,12.5,9,0
2026-04-22 22:00:00,0.5143,31.02,44.13,38.88,48.26,131.914,32.593,56.27,227.74,27.18,23.52,0.83,15.98,13.33,394.61,3522.76,1.337,88.4,9,0
2026-04-22 23:00:00,0.5539,29.3,44.07,38.16,48.66,133.023,33.089,60.1,241.61,31.2,21.73,1.1,17.51,11.49,405.79,3493.41,1.383,124.4,9,0
2026-04-23 00:00:00,0.5112,29.25,42.24,37.05,47.06,131.663,32.801,56.04,224.96,30.06,18.6,0.64,12.33,13.99,396.05,3510.76,1.409,22.9,9,0
2026-04-23 01:00:00,0.4714,29.25,40.66,36.1,44.36,131.79,33.26,51.63,204.56,31.55,22.74,1.05,13.93,11.07,378.04,3564.98,1.486,18.0,9,0
2026-04-23 02:00:00,0.4794,26.66,38.38,33.69,42.63,131.848,33.254,52.48,208.07,31.37,19.96,0.92,11.57,14.1,390.86,3522.55,1.631,15.1,9,0
2026-04-23 03:00:00,0.4931,23.53,35.79,30.89,40.2,131.131,32.756,54.28,217.3,32.74,20.27,0.7,15.86,13.51,397.76,3436.3,1.464,4.9,9,0
2026-04-23 04:00:00,0.5367,24.16,38.2,32.58,42.75,132.208,32.787,58.59,236.26,29.04,20.42,1.2,14.28,11.4,385.87,3646.47,1.383,33.1,9,0
2026-04-23 05:00:00,0.5867,24.96,41.15,34.68,45.84,131.497,33.141,64.4,255.51,28.06,22.14,0.42,16.65,14.23,388.05,3542.4,1.479,74.5,9,0
2026-04-23 06:00:00,0.6022,20.84,37.72,30.97,42.65,131.623,33.259,66.04,261.36,30.74,23.7,0.66,15.2,13.83,415.89,3413.28,1.579,30.8,9,0
2026-04-23 07:00:00,0.6102,21.66,38.9,32.0,47.65,131.535,32.469,66.96,271.27,30.11,20.25,0.69,10.88,12.84,391.44,3360.18,1.556,5.5,9,0
2026-04-23 08:00:00,0.5825,21.23,37.23,30.83,44.18,131.613,33.074,63.88,254.19,31.03,23.67,0.86,11.82,10.61,407.42,3560.55,1.454,12.5,9,0
2026-04-23 09:00:00,0.6067,21.72,38.8,31.97,46.13,131.446,32.42,66.62,270.11,28.14,20.53,1.4,15.3,13.3,398.16,3608.86,1.335,12.4,9,0
2026-04-23 10:00:00,0.6832,22.32,42.98,34.72,50.38,132.163,32.855,74.62,300.16,32.2,23.01,1.24,16.07,12.2,382.37,3541.61,1.703,11.9,9,0
2026-04-23 11:00:00,0.6428,24.06,42.8,35.3,49.83,131.897,33.289,70.34,278.7,26.74,20.6,1.05,10.7,12.18,395.82,3554.47,1.482,97.1,9,0
2026-04-23 12:00:00,0.6864,24.04,44.85,36.53,52.21,132.032,33.795,75.03,293.15,28.95,19.22,1.03,14.97,12.21,405.18,3556.49,1.58,6.1,9,0
2026-04-23 13:00:00,0.7057,26.44,48.19,39.49,55.61,133.554,32.937,76.26,309.24,33.66,24.05,1.01,13.1,12.06,426.87,3505.84,1.451,14.3,9,0
2026-04-23 14:00:00,0.659,26.34,45.84,38.04,52.75,131.897,32.671,72.12,291.14,26.88,19.03,1.43,12.92,10.8,389.24,3370.95,1.424,251.4,9,0
2026-04-23 15:00:00,0.6524,27.4,46.59,38.91,54.88,132.399,32.864,71.12,286.53,33.42,18.9,0.47,13.83,9.83,399.54,3449.56,1.601,92.4,9,0
2026-04-23 16:00:00,0.6644,28.29,48.04,40.14,56.22,132.474,33.017,72.39,290.46,26.05,17.69,1.25,15.38,9.52,414.46,3569.04,1.342,10.8,9,0
2026-04-23 17:00:00,0.6616,28.17,47.8,39.95,54.46,131.959,32.823,72.37,290.96,25.52,22.74,0.86,13.72,12.55,419.73,3552.36,1.356,151.3,9,0
2026-04-23 18:00:00,0.6543,31.06,50.34,42.63,57.36,132.181,32.756,71.44,288.3,25.79,23.21,1.16,11.16,8.47,391.09,3489.83,1.753,52.2,9,0
2026-04-23 19:00:00,0.6147,33.34,50.79,43.81,57.81,132.014,32.887,67.21,269.8,30.62,20.95,1.17,15.37,13.19,398.48,3461.63,1.631,27.5,9,0
2026-04-23 20:00:00,0.5729,31.91,47.5,41.26,52.62,132.134,33.104,62.58,249.77,32.46,18.24,1.23,14.44,12.86,417.51,3519.39,1.549,58.5,9,0
2026-04-23 21:00:00,0.5242,31.97,45.49,40.08,50.22,131.613,32.955,57.48,229.57,34.15,20.19,1.49,13.26,11.65,408.49,3478.03,1.301,191.7,9,0
2026-04-23 22:00:00,0.4937,30.37,42.66,37.74,47.12,131.674,32.767,54.12,217.47,33.91,19.6,0.6,14.52,13.64,416.32,3499.12,1.48,27.5,9,0
2026-04-23 23:00:00,0.4946,29.75,42.07,37.14,46.54,132.011,32.823,54.08,217.5,32.86,18.14,1.32,14.44,11.71,418.39,3516.07,1.436,191.4,9,0
2026-04-24 00:00:00,0.5119,30.11,43.13,37.92,47.79,130.699,32.891,56.53,224.65,27.78,19.23,0.99,15.23,12.73,409.13,3443.31,1.39,8.4,9,0
2026-04-24 01:00:00,0.5063,29.93,42.72,37.61,46.56,132.987,32.736,54.95,223.24,27.75,21.22,0.88,14.64,9.17,402.98,3569.5,1.44,11.1,9,0
2026-04-24 02:00:00,0.4366,28.12,38.21,34.17,41.01,133.426,32.813,47.23,192.06,32.64,19.0,1.62,15.47,8.74,390.76,3492.32,1.204,67.6,9,0
2026-04-24 03:00:00,0.486,26.14,38.12,33.33,41.23,132.112,33.17,53.1,211.5,34.54,20.79,1.22,15.04,11.75,397.16,3544.5,1.133,26.5,9,0
2026-04-24 04:00:00,0.5616,24.16,39.26,33.22,43.38,132.439,32.939,61.21,246.11,27.18,16.65,0.89,16.78,12.74,398.16,3510.58,1.525,14.6,9,0
2026-04-24 05:00:00,0.5486,23.3,37.84,32.03,42.87,132.713,32.537,59.66,243.36,34.16,23.56,1.3,18.31,13.53,418.81,3628.88,1.499,32.5,9,0
2026-04-24 06:00:00,0.5278,21.55,35.22,29.75,40.6,131.126,33.271,58.1,228.98,24.51,19.42,1.0,15.11,11.84,403.47,3548.93,1.502,76.0,9,0
2026-04-24 07:00:00,0.6669,20.35,40.22,32.28,46.68,132.613,33.11,72.59,290.72,31.44,21.95,0.88,13.89,12.47,403.61,3538.11,1.649,5.8,9,0
2026-04-24 08:00:00,0.6212,20.5,38.24,31.15,45.02,131.719,32.635,68.07,274.76,29.96,20.58,0.83,12.26,13.28,385.92,3535.21,1.587,23.3,9,0
2026-04-24 09:00:00,0.6577,21.85,41.29,33.51,49.27,133.512,32.904,71.11,288.53,29.66,21.01,1.11,16.43,11.91,418.89,3672.23,1.752,1.4,9,0
2026-04-24 10:00:00,0.6789,22.01,42.46,34.28,48.82,131.876,32.791,74.31,298.84,30.37,17.94,0.83,13.33,12.98,389.32,3501.98,1.716,11.5,9,0
2026-04-24 11:00:00,0.6718,21.62,41.73,33.69,49.19,132.599,33.179,73.13,292.25,27.71,18.69,1.06,19.83,10.41,396.56,3518.63,1.545,9.6,9,0
2026-04-24 12:00:00,0.671,24.09,44.16,36.13,53.13,131.882,32.902,73.43,294.35,31.61,18.73,1.28,20.7,9.62,420.47,3513.9,1.559,97.9,9,0
2026-04-24 13:00:00,0.7599,25.02,49.51,39.71,59.76,133.45,32.981,82.19,332.55,30.46,20.26,1.05,14.71,11.3,414.13,3348.24,1.614,51.8,9,0
2026-04-24 14:00:00,0.7229,25.46,48.07,39.02,55.45,131.662,32.95,79.25,316.67,33.08,22.86,1.61,11.81,13.27,388.08,3512.96,1.331,82.5,9,0
2026-04-24 15:00:00,0.7075,27.55,49.4,40.66,58.43,132.769,32.609,76.91,313.15,35.05,21.07,1.02,16.45,11.04,384.65,3586.83,1.692,97.8,9,0
2026-04-24 16:00:00,0.6842,28.81,49.51,41.23,56.87,132.414,33.371,74.58,295.94,30.66,18.41,1.42,19.34,13.08,397.77,3546.71,1.63,83.0,9,0
2026-04-24 17:00:00,0.6161,29.55,47.06,40.05,54.06,132.267,33.175,67.23,268.06,27.82,20.38,1.31,12.51,10.56,392.18,3626.42,1.259,86.7,9,0
2026-04-24 18:00:00,0.6604,31.89,51.45,43.63,58.31,132.151,32.803,72.13,290.6,26.86,20.05,1.47,18.93,11.23,378.82,3568.38,1.763,50.3,9,0
2026-04-24 19:00:00,0.5709,29.56,45.05,38.86,50.55,131.56,33.051,62.64,249.33,35.37,19.51,1.61,11.44,12.47,389.53,3545.7,1.421,139.0,9,0
2026-04-24 20:00:00,0.5788,29.64,45.49,39.15,50.75,130.293,33.257,64.12,251.22,34.99,20.18,0.49,12.23,11.1,359.61,3576.65,1.471,74.0,9,0
2026-04-24 21:00:00,0.497,31.46,43.88,38.91,48.08,132.709,33.015,54.06,217.3,32.94,21.74,1.09,15.76,11.36,414.39,3534.72,1.427,13.8,9,0
2026-04-24 22:00:00,0.4643,31.06,42.19,37.74,45.4,131.677,33.411,50.89,200.57,30.46,18.77,0.98,17.17,8.19,413.45,3483.09,1.406,69.9,9,0
2026-04-24 23:00:00,0.5192,30.57,43.88,38.56,48.28,132.772,33.77,56.44,221.89,32.72,19.52,1.05,15.01,13.36,421.98,3495.26,1.819,62.8,9,0
2026-04-25 00:00:00,0.4001,28.76,37.54,34.03,39.32,132.232,32.967,43.68,175.18,34.19,22.17,0.89,16.04,11.93,406.13,3314.9,1.361,15.0,9,0
2026-04-25 01:00:00,0.3618,27.18,34.65,31.66,37.27,132.792,32.846,39.33,159.0,28.42,21.15,0.85,17.35,10.69,394.11,3633.15,1.332,8.7,9,0
2026-04-25 02:00:00,0.4406,26.79,37.03,32.94,40.47,132.529,32.739,47.99,194.26,30.37,22.77,0.68,17.58,14.85,416.18,3489.69,1.423,78.6,9,0
2026-04-25 03:00:00,0.4965,25.06,37.46,32.5,40.36,130.373,32.416,54.97,221.07,26.96,23.08,1.04,13.89,10.92,390.31,3422.08,1.321,80.2,9,0
2026-04-25 04:00:00,0.4881,25.85,37.91,33.09,42.76,132.406,33.33,53.21,211.37,29.89,17.49,1.29,13.41,11.33,380.94,3476.25,1.488,57.3,9,0
2026-04-25 05:00:00,0.4563,22.94,33.77,29.44,37.17,131.773,32.907,49.98,200.14,34.91,20.78,0.87,17.25,10.66,398.62,3646.13,1.305,115.6,9,0
2026-04-25 06:00:00,0.4848,22.42,34.35,29.57,38.47,132.769,33.231,52.7,210.55,33.51,19.19,0.92,16.05,13.76,407.0,3511.3,1.518,1.2,9,0
2026-04-25 07:00:00,0.5331,24.45,38.34,32.78,43.78,132.39,33.284,58.12,231.19,30.68,17.81,0.8,16.32,14.25,388.65,3526.12,1.31,87.4,9,0
2026-04-25 08:00:00,0.5622,21.61,36.73,30.68,42.36,132.398,32.715,61.29,248.03,22.2,18.63,0.72,13.82,14.11,385.12,3672.46,1.393,40.8,9,0
2026-04-25 09:00:00,0.5387,22.53,36.65,31.0,42.52,131.82,32.754,58.98,237.38,28.31,19.61,0.94,16.42,14.09,394.58,3572.4,1.319,54.3,9,0
2026-04-25 10:00:00,0.5676,23.12,38.47,32.33,43.72,131.398,33.461,62.35,244.85,30.59,19.62,1.12,12.95,11.21,407.01,3482.51,1.404,4.1,9,0
2026-04-25 11:00:00,0.5891,24.0,40.29,33.77,47.02,131.714,32.982,64.56,257.82,29.63,18.99,1.39,15.63,14.61,398.65,3369.58,1.227,21.2,9,0
2026-04-25 12:00:00,0.6052,24.59,41.61,34.8,47.93,130.812,32.826,66.78,266.12,30.38,20.18,0.66,15.36,11.81,440.38,3556.69,1.136,108.7,9,0
2026-04-25 13:00:00,0.5875,25.7,41.93,35.44,48.2,131.61,32.724,64.43,259.13,31.01,25.1,1.0,15.38,9.79,398.79,3451.31,1.445,20.4,9,0
2026-04-25 14:00:00,0.585,26.9,43.02,36.57,49.16,131.034,32.963,64.44,256.16,28.68,16.76,1.37,16.7,11.46,412.1,3558.37,1.262,13.3,9,0
2026-04-25 15:00:00,0.6215,27.52,45.27,38.17,52.83,131.051,33.398,68.45,268.6,30.26,22.48,0.66,13.1,12.59,379.11,3501.72,1.771,78.6,9,0
2026-04-25 16:00:00,0.6029,29.63,46.54,39.77,53.29,132.077,33.181,65.89,262.26,29.83,20.17,1.39,16.49,11.14,409.64,3538.28,1.448,41.4,9,0
2026-04-25 17:00:00,0.5633,32.36,47.53,41.47,52.58,132.352,33.048,61.43,246.03,28.17,19.33,0.88,15.18,12.32,393.9,3577.25,1.588,2.1,9,0
2026-04-25 18:00:00,0.5801,32.34,48.24,41.88,53.45,131.979,33.419,63.44,250.53,35.82,16.17,1.23,13.56,12.91,400.7,3367.24,1.536,17.5,9,0
2026-04-25 19:00:00,0.4949,31.93,44.27,39.33,48.39,131.671,33.368,54.25,214.07,28.85,21.74,0.95,12.5,12.72,426.14,3515.88,1.288,54.3,9,0
2026-04-25 20:00:00,0.5332,32.66,46.55,40.99,50.77,131.375,33.088,58.58,232.59,23.52,17.33,1.15,18.92,13.09,395.25,3504.13,1.403,32.2,9,0
2026-04-25 21:00:00,0.4803,30.76,42.51,37.81,45.59,131.791,33.733,52.6,205.5,35.63,21.87,1.5,15.0,11.83,381.22,3528.62,1.551,16.6,9,0
2026-04-25 22:00:00,0.5445,30.87,45.24,39.49,48.58,131.457,32.935,59.79,238.64,27.74,23.69,0.98,14.43,11.01,383.56,3545.94,1.574,92.5,9,0
2026-04-25 23:00:00,0.3971,31.28,39.95,36.49,41.4,131.959,33.29,43.44,172.18,32.98,17.64,1.31,12.85,9.9,403.43,3517.75,1.529,61.7,9,0
2026-04-26 00:00:00,0.4034,30.96,39.85,36.29,44.2,130.996,32.896,44.45,177.01,28.24,22.55,1.1,17.32,11.97,402.62,3453.77,1.303,74.9,9,0
2026-04-26 01:00:00,0.4338,27.49,37.48,33.48,40.15,132.463,33.238,47.26,188.36,31.99,20.26,0.78,17.16,11.3,402.0,3415.25,1.505,55.6,9,0
2026-04-26 02:00:00,0.436,26.49,36.55,32.53,41.31,131.626,32.934,47.81,191.09,30.14,16.02,0.97,16.78,11.93,381.56,3378.58,1.327,20.8,9,0
2026-04-26 03:00:00,0.4911,27.86,40.04,35.16,44.46,132.248,33.122,53.6,214.01,33.28,17.8,0.95,15.02,9.0,431.24,3515.18,1.597,71.9,9,0
2026-04-26 04:00:00,0.426,24.57,34.27,30.39,37.31,132.586,33.631,46.38,182.85,29.64,20.57,0.59,16.64,9.83,422.81,3547.74,1.56,18.7,9,0
2026-04-26 05:00:00,0.4908,25.26,37.43,32.56,40.32,132.216,33.251,53.58,213.07,28.31,21.01,1.15,13.49,12.87,402.8,3478.24,1.239,141.6,9,0
2026-04-26 06:00:00,0.5191,22.85,36.16,30.83,40.74,132.527,33.126,56.53,226.17,31.05,17.05,1.21,15.58,9.65,378.02,3572.07,1.501,120.5,9,0
2026-04-26 07:00:00,0.5273,22.39,36.04,30.58,42.28,130.636,32.795,58.26,232.09,29.13,20.27,1.26,15.03,11.82,424.61,3496.45,1.299,7.8,9,0
2026-04-26 08:00:00,0.4994,21.66,34.17,29.17,39.66,131.675,33.05,54.74,218.09,24.49,21.86,1.44,15.67,10.86,417.89,3498.76,1.574,17.4,9,0
2026-04-26 09:00:00,0.5909,23.08,39.46,32.91,45.62,132.728,32.734,64.26,260.57,28.48,22.21,1.3,11.51,10.76,402.38,3390.55,1.326,32.0,9,0
2026-04-26 10:00:00,0.6032,24.0,40.92,34.15,46.19,132.336,33.234,65.79,261.97,38.89,19.38,0.83,18.88,12.23,418.82,3470.14,1.55,63.3,9,0
2026-04-26 11:00:00,0.5978,22.4,39.08,32.41,44.39,133.22,33.228,64.77,259.68,24.82,21.09,0.9,18.38,12.15,393.43,3579.27,1.61,19.8,9,0
2026-04-26 12:00:00,0.5944,24.12,40.65,34.04,45.98,133.125,32.953,64.45,260.37,31.0,22.36,1.27,12.84,12.92,386.44,3617.42,1.507,32.9,9,0
2026-04-26 13:00:00,0.598,26.59,43.28,36.61,50.38,132.198,33.439,65.29,258.12,29.55,21.92,1.13,16.3,10.45,403.2,3490.4,1.628,14.4,9,0
2026-04-26 14:00:00,0.5859,26.84,43.0,36.53,50.14,131.834,33.402,64.15,253.2,35.79,21.99,1.01,12.17,10.78,377.55,3574.99,1.537,11.0,9,0
2026-04-26 15:00:00,0.599,27.77,44.51,37.81,49.54,131.367,33.04,65.82,261.7,26.95,20.44,0.75,15.31,13.79,384.19,3618.78,1.735,87.3,9,0
2026-04-26 16:00:00,0.5672,30.48,45.82,39.68,51.05,131.686,33.149,62.17,246.99,30.59,20.02,0.85,10.75,11.77,409.0,3430.64,1.318,11.4,9,0
2026-04-26 17:00:00,0.5232,31.61,45.09,39.7,50.98,131.731,32.845,57.33,229.94,32.34,20.76,1.19,14.56,12.65,404.44,3531.03,1.404,7.8,9,0
2026-04-26 18:00:00,0.4967,30.85,43.26,38.29,46.67,131.608,32.928,54.48,217.74,29.74,18.68,0.43,14.17,11.36,380.12,3520.86,1.16,29.9,9,0
2026-04-26 19:00:00,0.4836,32.01,43.9,39.14,47.92,131.394,32.715,53.13,213.38,27.98,22.44,0.31,17.45,12.79,394.71,3591.64,1.397,27.7,9,0
2026-04-26 20:00:00,0.4909,30.76,42.93,38.06,47.4,132.265,32.874,53.57,215.52,30.22,17.15,1.22,18.48,8.37,380.77,3438.83,1.267,59.3,9,0
2026-04-26 21:00:00,0.4629,30.9,41.98,37.55,44.94,133.12,32.972,50.19,202.63,29.35,19.2,0.85,18.52,13.83,393.52,3530.9,1.223,3.1,9,0
2026-04-26 22:00:00,0.4526,31.42,42.11,37.84,45.08,132.616,32.562,49.26,200.61,29.35,20.14,1.15,17.46,11.42,391.88,3484.98,1.193,75.0,9,0
2026-04-26 23:00:00,0.4476,30.54,41.04,36.84,43.87,131.787,33.152,49.02,194.88,33.07,21.15,1.49,15.31,10.23,415.73,3539.64,1.353,64.2,9,0
2026-04-27 00:00:00,0.4798,28.67,40.4,35.71,45.45,132.669,33.27,52.2,208.14,31.49,21.53,0.71,15.92,10.51,398.49,3603.36,1.478,36.9,9,0
2026-04-27 01:00:00,0.5391,27.71,41.86,36.2,48.33,132.229,32.998,58.85,235.83,31.94,23.19,0.51,15.91,11.71,397.2,3623.83,1.541,29.4,9,0
2026-04-27 02:00:00,0.4905,26.07,38.23,33.37,46.23,131.973,32.288,53.65,219.29,31.27,20.37,0.93,12.78,11.94,394.96,3604.06,1.596,69.8,9,0
2026-04-27 03:00:00,0.4956,26.3,38.66,33.71,42.62,131.932,32.933,54.22,217.19,33.16,18.78,0.81,17.43,12.32,375.04,3426.43,1.589,20.5,9,0
2026-04-27 04:00:00,0.5389,22.67,36.8,31.15,41.26,131.868,32.632,58.99,238.38,34.2,19.92,1.01,16.52,10.32,399.37,3467.82,1.3,167.2,9,0
2026-04-27 05:00:00,0.4901,22.59,34.73,29.87,38.81,132.43,32.839,53.41,215.4,29.42,19.57,1.18,16.61,13.41,408.09,3586.16,1.334,59.7,9,0
2026-04-27 06:00:00,0.5456,20.94,35.36,29.59,39.98,132.092,33.383,59.61,235.89,32.74,21.25,1.11,10.58,11.32,404.32,3554.04,1.502,65.3,9,0
2026-04-27 07:00:00,0.6246,22.73,40.62,33.46,47.18,131.519,32.357,68.55,278.62,26.39,18.08,1.03,16.05,11.24,411.24,3484.64,1.544,22.3,9,0
2026-04-27 08:00:00,0.5689,20.33,35.75,29.58,41.58,131.487,32.784,62.45,250.48,23.52,19.86,1.33,17.15,11.77,411.97,3432.34,1.691,1.2,9,0
2026-04-27 09:00:00,0.6787,22.34,42.78,34.6,50.28,132.202,33.219,74.1,294.89,35.76,23.46,1.22,15.11,13.1,433.82,3193.12,1.496,131.7,9,0
2026-04-27 10:00:00,0.7112,24.45,46.47,37.66,54.92,132.283,32.815,77.6,312.83,29.28,20.57,0.96,14.14,12.06,383.92,3378.13,1.671,31.2,9,0
2026-04-27 11:00:00,0.6707,25.27,45.33,37.31,52.83,131.793,32.794,73.45,295.19,31.04,18.11,1.2,12.42,11.29,404.37,3481.23,1.514,18.4,9,0
2026-04-27 12:00:00,0.7005,22.83,44.33,35.73,52.42,131.253,33.537,77.03,301.49,26.61,19.53,0.55,12.27,11.62,406.05,3482.45,1.604,62.2,9,0
2026-04-27 13:00:00,0.7287,26.14,49.04,39.88,57.72,132.826,33.1,79.19,317.78,26.47,15.75,1.33,15.45,13.94,396.05,3538.56,1.623,2.0,9,0
2026-04-27 14:00:00,0.6778,26.15,46.54,38.38,54.96,132.685,33.247,73.73,294.24,28.14,20.1,1.02,14.67,13.69,391.36,3553.81,1.536,95.4,9,0
2026-04-27 15:00:00,0.7078,27.24,49.1,40.35,56.2,130.688,33.131,78.17,308.36,32.21,23.51,0.65,14.64,12.66,408.33,3686.4,1.408,82.0,9,0
2026-04-27 16:00:00,0.6457,29.52,48.4,40.85,56.75,132.884,33.043,70.14,282.07,28.73,17.84,0.89,18.2,12.33,406.89,3444.1,1.564,122.2,9,0
2026-04-27 17:00:00,0.6308,31.9,50.08,42.81,56.96,131.862,33.334,69.05,273.16,29.28,17.3,1.33,12.63,15.58,385.06,3349.59,1.612,10.1,9,0
2026-04-27 18:00:00,0.5971,32.07,48.72,42.06,55.27,132.125,33.503,65.23,257.23,28.05,18.91,0.78,14.45,12.8,373.89,3431.38,1.515,17.4,9,0
2026-04-27 19:00:00,0.6054,31.25,48.28,41.47,55.09,132.751,32.556,65.83,268.43,33.78,22.06,1.14,18.53,12.38,393.48,3639.83,1.088,10.9,9,0
2026-04-27 20:00:00,0.604,32.84,49.8,43.02,55.44,133.091,32.991,65.51,264.27,32.89,23.62,1.28,14.52,11.8,390.75,3506.73,1.476,18.6,9,0
2026-04-27 21:00:00,0.5396,29.72,43.89,38.22,48.1,132.662,32.989,58.71,236.11,28.83,21.11,1.02,15.27,12.64,409.9,3586.69,1.572,52.3,9,0
2026-04-27 22:00:00,0.4863,30.71,42.7,37.91,45.9,132.159,32.887,53.11,213.44,32.34,17.64,0.75,14.79,7.54,387.0,3460.67,1.296,35.8,9,0
2026-04-27 23:00:00,0.4761,29.85,41.44,36.8,45.09,131.092,33.259,52.42,206.61,29.55,20.17,1.0,16.55,13.65,398.19,3465.59,1.598,14.6,9,0
2026-04-28 00:00:00,0.51,29.88,42.82,37.64,47.8,130.663,33.068,56.34,222.63,29.27,23.79,0.59,11.03,10.2,375.25,3368.57,1.363,35.3,9,0
2026-04-28 01:00:00,0.5501,28.39,43.0,37.16,47.68,132.58,33.508,59.89,236.96,30.14,19.59,0.87,14.74,11.03,377.58,3479.25,1.427,123.6,9,0
2026-04-28 02:00:00,0.51,27.16,40.1,34.92,45.01,132.886,33.29,55.4,221.13,32.22,20.49,0.68,15.25,10.01,389.31,3506.58,1.486,9.7,9,0
2026-04-28 03:00:00,0.4966,25.83,38.23,33.27,40.53,131.462,33.36,54.52,214.85,27.61,20.7,1.0,13.15,11.0,397.1,3575.11,1.31,7.2,9,0
2026-04-28 04:00:00,0.5471,24.82,39.3,33.51,44.08,131.822,32.683,59.9,241.6,31.79,17.12,0.63,15.83,11.6,388.56,3550.6,1.61,120.8,9,0
2026-04-28 05:00:00,0.5376,24.31,38.38,32.75,44.23,131.632,32.787,58.95,236.67,37.78,22.21,1.04,16.72,13.44,403.0,3664.68,1.658,74.8,9,0
2026-04-28 06:00:00,0.5576,23.12,38.04,32.07,43.19,131.615,32.809,61.15,245.29,30.84,21.92,1.35,16.05,14.04,375.34,3493.41,1.314,14.7,9,0
2026-04-28 07:00:00,0.566,22.19,37.48,31.36,42.26,132.709,33.349,61.56,244.98,30.39,16.23,1.37,18.7,15.02,397.63,3525.12,1.455,104.7,9,0
2026-04-28 08:00:00,0.6629,22.7,42.39,34.51,49.33,132.144,32.745,72.41,292.22,30.03,17.55,0.64,14.28,12.26,397.81,3504.47,1.815,109.4,9,0
2026-04-28 09:00:00,0.5686,23.3,38.7,32.54,41.77,131.849,32.752,62.25,250.59,31.72,18.28,0.81,16.14,11.78,379.14,3450.11,1.649,9.8,9,0
2026-04-28 10:00:00,0.6894,22.42,43.37,34.99,50.65,133.754,32.704,74.4,304.28,25.45,21.71,1.27,16.1,13.28,404.28,3538.5,1.303,0.3,9,0
2026-04-28 11:00:00,0.6675,23.71,43.61,35.65,52.03,131.053,33.727,73.51,285.66,35.39,18.71,1.23,14.67,10.83,368.32,3483.67,1.709,148.3,9,0
2026-04-28 12:00:00,0.6791,25.96,46.42,38.24,53.79,132.362,32.962,74.05,297.36,33.23,21.02,0.83,17.41,10.66,390.58,3638.78,1.026,72.2,9,0
2026-04-28 13:00:00,0.7456,24.9,48.66,39.16,57.74,131.308,33.14,81.95,324.72,28.35,19.85,0.87,15.72,11.56,412.67,3442.58,1.665,32.9,9,0
2026-04-28 14:00:00,0.67,29.11,49.13,41.12,54.89,131.896,32.699,73.32,295.73,30.38,20.36,1.04,12.74,12.06,367.48,3478.55,1.406,53.0,9,0
2026-04-28 15:00:00,0.661,27.26,46.85,39.01,52.97,132.098,33.253,72.22,286.91,28.61,21.21,0.46,16.64,9.01,410.93,3406.24,1.599,19.1,9,0
2026-04-28 16:00:00,0.6616,29.46,49.08,41.23,57.47,132.557,32.532,72.04,293.54,31.18,20.76,1.17,14.14,13.71,383.37,3532.81,1.568,241.1,9,0
2026-04-28 17:00:00,0.6572,29.89,49.3,41.54,57.14,131.828,32.742,71.96,289.72,30.47,20.18,1.34,14.5,12.47,392.0,3399.54,1.549,49.2,9,0
2026-04-28 18:00:00,0.6074,33.82,50.93,44.09,56.17,131.758,32.807,66.54,267.24,30.97,20.87,0.9,14.65,13.31,421.96,3505.1,1.592,6.5,9,0
2026-04-28 19:00:00,0.5476,31.63,46.13,40.33,50.72,131.816,33.058,59.96,239.08,27.2,20.65,0.59,16.61,9.75,391.46,3412.23,1.399,1.0,9,0
2026-04-28 20:00:00,0.5429,31.8,46.1,40.38,51.09,131.287,32.791,59.69,238.99,28.84,19.8,1.44,17.3,11.11,425.07,3427.06,1.382,3.6,9,0
2026-04-28 21:00:00,0.5832,31.76,47.8,41.38,52.62,132.417,33.402,63.57,252.03,33.73,19.35,1.08,14.82,11.03,396.28,3444.56,1.631,20.5,9,0
2026-04-28 22:00:00,0.5263,31.73,45.34,39.89,48.44,132.186,33.133,57.47,229.28,28.69,23.98,1.23,14.71,11.8,399.59,3564.12,1.464,61.3,9,0
2026-04-28 23:00:00,0.5217,30.51,43.93,38.56,48.43,132.287,32.818,56.92,229.46,22.36,19.33,0.62,11.05,12.06,413.5,3498.19,1.375,34.2,9,0
2026-04-29 00:00:00,0.49,29.83,41.97,37.11,46.51,131.954,33.263,53.59,212.61,29.84,22.95,0.62,13.72,13.41,409.03,3495.94,1.418,10.7,9,0
2026-04-29 01:00:00,0.4746,25.23,36.76,32.15,41.07,131.873,32.896,51.95,208.25,37.52,18.85,1.14,13.25,12.26,403.18,3550.76,1.398,30.2,9,0
2026-04-29 02:00:00,0.5481,27.52,42.04,36.23,47.85,132.776,32.844,59.59,240.89,32.83,21.84,1.32,15.77,11.0,393.91,3452.96,1.422,161.4,9,0
2026-04-29 03:00:00,0.5022,26.19,38.81,33.76,41.85,132.674,33.236,54.63,218.07,28.54,23.78,0.68,14.93,15.39,377.6,3348.51,1.518,116.0,9,0
2026-04-29 04:00:00,0.5104,26.0,38.96,33.78,43.43,132.934,32.352,55.42,227.71,30.14,19.54,0.98,13.33,11.71,378.33,3417.85,1.325,15.7,9,0
2026-04-29 05:00:00,0.5773,25.24,41.01,34.7,46.47,132.246,33.194,63.01,251.02,32.33,18.88,0.54,15.45,10.75,420.56,3482.9,1.717,9.0,9,0
2026-04-29 06:00:00,0.5469,22.95,37.41,31.63,42.43,132.893,32.812,59.39,240.56,25.02,19.36,0.8,15.01,9.28,426.36,3501.86,1.507,181.9,9,0
2026-04-29 07:00:00,0.5766,23.45,39.2,32.9,44.68,131.725,32.811,63.18,253.63,27.72,20.18,0.94,10.06,12.24,402.81,3550.47,1.213,9.0,9,0
2026-04-29 08:00:00,0.6206,21.36,39.08,31.99,45.09,131.867,33.517,67.93,267.25,31.48,20.86,1.16,17.36,13.14,374.26,3494.16,1.552,39.3,9,0
2026-04-29 09:00:00,0.6444,23.4,42.21,34.69,46.86,132.789,32.86,70.05,283.06,35.07,20.14,0.38,17.17,10.4,389.28,3587.13,1.383,182.8,9,0
2026-04-29 10:00:00,0.6729,22.56,42.72,34.66,51.35,132.557,33.252,73.27,292.08,28.97,19.38,1.41,14.67,13.05,388.54,3534.7,1.532,14.4,9,0
2026-04-29 11:00:00,0.7438,22.74,46.41,36.94,56.08,131.808,33.074,81.45,324.58,34.99,24.13,0.96,15.85,12.23,392.53,3393.13,1.549,2.7,9,0
2026-04-29 12:00:00,0.7011,24.78,46.31,37.7,53.48,131.309,33.101,77.06,305.71,28.03,19.82,1.4,14.49,9.45,387.6,3302.0,1.652,58.0,9,0
2026-04-29 13:00:00,0.6231,27.57,45.4,38.27,52.37,131.865,32.934,68.2,273.07,20.13,18.98,1.22,11.94,13.05,408.68,3425.2,1.611,47.1,9,0
2026-04-29 14:00:00,0.7008,27.65,49.16,40.55,57.15,131.548,32.92,76.89,307.26,32.52,21.88,1.27,19.47,11.71,404.58,3516.82,1.584,20.4,9,0
2026-04-29 15:00:00,0.6821,30.26,50.86,42.62,58.44,133.138,33.403,73.95,294.76,31.91,21.91,1.62,16.64,10.42,424.57,3535.48,1.828,174.8,9,0
2026-04-29 16:00:00,0.6664,29.22,49.07,41.13,56.0,132.502,33.246,72.59,289.33,32.5,23.04,0.78,17.03,13.54,395.03,3497.36,1.424,7.5,9,0
2026-04-29 17:00:00,0.6518,32.05,51.21,43.54,58.86,131.494,32.868,71.54,286.22,32.38,24.07,1.06,14.58,13.52,403.87,3515.42,1.731,32.9,9,0
2026-04-29 18:00:00,0.6194,31.14,48.8,41.74,54.68,131.31,32.724,68.09,273.21,30.87,20.91,0.72,17.4,10.39,411.99,3611.45,1.719,17.8,9,0
2026-04-29 19:00:00,0.5928,32.52,48.98,42.4,54.08,131.486,32.846,65.08,260.51,29.51,19.64,0.98,12.4,12.55,416.2,3506.93,1.547,17.1,9,0
2026-04-29 20:00:00,0.5869,32.68,48.88,42.4,55.64,131.631,33.259,64.36,254.71,29.63,16.41,1.23,14.65,12.41,382.35,3533.8,1.562,3.2,9,0
2026-04-29 21:00:00,0.5281,32.96,46.64,41.17,51.24,131.89,33.311,57.8,228.84,28.91,18.34,1.35,16.62,12.01,406.94,3633.53,1.607,58.3,9,0
2026-04-29 22:00:00,0.4953,32.05,44.39,39.45,48.44,132.736,33.147,53.86,215.66,29.09,20.64,0.9,13.89,11.34,403.07,3360.91,1.4,1.8,9,0
2026-04-29 23:00:00,0.5985,30.26,46.98,40.29,53.62,131.362,32.573,65.76,265.21,24.86,17.86,0.65,16.97,11.89,405.41,3642.59,1.423,12.2,9,0
